timestamp,rpm,motor_voltage,motor_current,motor_temp,inlet_temp
2004-12-24 17:38:53.779493290,0.048871558333280135,-0.11449026296482226,-0.06015740742246657,4.921031754891992,-0.05397853102799036
2004-12-24 17:54:36.459686407,1.1748712493073061,2.019306713913335,0.3904471434950282,8.65806546639573,3.3446072126447284
2004-12-24 18:02:26.774122199,1.9294203369254357,3.674309455060523,0.7387586240078258,10.543182729350358,4.7795810313653195
2004-12-24 18:11:26.908700855,2.4920566274855736,5.18346290080227,0.8684804897777733,12.68179851692688,6.5872727488664555
2004-12-24 18:22:34.045813537,3.228375623287409,6.448331238723774,1.4084689595640019,14.891937954928089,8.396933281405433
2004-12-24 18:32:40.800552507,3.6710358414762445,7.221807564891006,1.407760469712725,16.52617351747816,9.99625431855252
2004-12-24 18:41:50.711836949,3.8842831928965778,7.374347753453559,1.6007199387606466,17.994634037879177,11.414569538663331
2004-12-24 18:52:23.139776389,3.896712065098208,8.05607575416237,1.5960151581894282,19.398480637808625,12.654389051744115
2004-12-24 19:03:45.486132821,4.011974351531297,8.134043244244541,1.5935376989475087,20.87834850970205,14.023416669899666
2004-12-24 19:13:01.101996307,4.195845653021895,8.22312248868939,1.5841653015600317,21.872708109781488,15.184403390397462
2004-12-24 19:23:25.178070198,4.150972756193905,8.283488147579622,1.6209314564024846,22.878457112431924,16.144475065431656
2004-12-24 19:34:49.811694732,4.1536876965672365,8.14908550149762,1.6192758449815683,23.8641276896519,17.250247509835287
2004-12-24 19:41:59.750611974,4.05611305311939,8.130062766626477,1.6331527684099212,24.347525345836015,17.807413138065396
2004-12-24 19:54:22.866444028,4.028427551640866,8.053464443101081,1.4631398892919398,25.465079119218206,18.530990393704347
2004-12-24 20:03:45.472248125,4.051223353988419,8.246264857146313,1.5603011821603456,26.202197565532025,19.348389616731925
2004-12-24 20:13:23.671716357,3.935943238188065,8.169408078522864,1.6571065845133306,26.481016959749535,19.94520043902893
2004-12-24 20:23:33.236095060,3.85293914159116,7.936007833952218,1.6149840529313844,27.354699098448954,20.28221803479696
2004-12-24 20:32:47.894876155,3.8658282762961873,7.996994426260726,1.556994453802766,27.78331366809762,21.013519574742695
2004-12-24 20:42:56.081204475,3.922529703280559,7.734515669919403,1.4970480818587866,28.337177494295332,21.608313347945106
2004-12-24 20:51:34.269158602,3.97851841639027,7.812215452776148,1.6833202945635346,28.395563965383246,21.747460827897235
2004-12-24 21:03:00.680439833,3.8093684773305108,7.891059970548029,1.5257631882163152,28.936714079343623,22.099603422014837
2004-12-24 21:13:19.497990162,3.7958085190064765,7.658186480517872,1.6071951671687752,29.011218892876695,22.500944403620515
2004-12-24 21:22:16.537445031,3.8285930195405165,7.538608046937603,1.7572027988537033,29.429114984362318,22.63501875795915
2004-12-24 21:32:08.774781306,3.963305495353794,7.654371278454128,1.547543038270911,29.386556467461883,22.899299976836758
2004-12-24 21:42:07.474477561,3.6635754424744102,7.386178747105314,1.4817291952186356,29.685584823438532,23.094694175658155
2004-12-24 21:54:04.892839969,3.842059312721585,7.3232417799483125,1.6369745977522474,29.831993543642653,23.333203057559686
2004-12-24 22:05:08.757140327,1035.3498220924378,135.64914634315005,14.924860671322861,34.99206017036353,30.562479313857615
2004-12-24 22:12:05.785370053,1059.2574116454475,159.1471645797898,18.843322314040925,41.931706537326804,30.580354127385007
2004-12-24 22:19:22.558986511,1048.4676767265837,183.1582457370005,19.831141383546456,46.933529462397054,28.775160185020642
2004-12-24 22:32:15.956146860,1012.435231530029,196.28209026672926,24.92578834187194,65.21487503430531,28.356660208057605
2004-12-24 22:43:54.297515498,1081.901237472343,217.15163607060128,29.00476862325985,73.54278382681949,33.117061463859926
2004-12-24 22:52:40.190435074,1123.0115953577356,209.2742705965428,29.08836404207063,73.84339937720867,24.85555005999159
2004-12-24 23:03:25.873882359,1034.3584246546843,211.81929586715984,28.67529168498311,83.37603390703393,36.64380711316723
2004-12-24 23:11:53.365690567,1059.642697811009,215.8190805883461,30.129356046986338,90.75251773209024,42.96988645636652
2004-12-24 23:23:17.441473610,1083.0390474338453,214.12741983276595,31.78569334392153,94.43170184978347,48.80021831310866
2004-12-24 23:33:03.746843316,999.7868536452731,236.957655762176,32.6957405429587,89.01023121615614,36.748415791989785
2004-12-24 23:42:57.867772247,1073.0289869066892,231.7228100737926,31.60853720249794,90.65823422836905,42.002407142715256
2004-12-24 23:52:30.215153911,1143.9384722586356,236.61279385459486,30.802692478980227,98.99094375846181,45.68336167051197
2004-12-25 00:02:15.306436372,1117.3580233536718,224.72967352197043,30.23276522760063,104.31930980475906,51.65667270536211
2004-12-25 00:15:00.447636704,1067.8251554982178,231.9411802987451,30.56259288585112,96.32052158574294,43.85286753864092
2004-12-25 00:23:19.033427329,1156.9244697067666,247.82012649102245,30.6562266319503,98.96175027747202,58.89013251199965
2004-12-25 00:32:19.914923184,1080.1975560327085,240.29401032405863,33.186212373535966,93.36637779872056,53.882958863690845
2004-12-25 00:42:41.792293296,1054.6631808858426,232.6757697733695,32.27502001831994,100.78353024020298,50.56699422467271
2004-12-25 00:52:42.412045286,1020.6784578440077,208.54380698511966,30.10817288294638,101.58260398170479,43.591208696223774
2004-12-25 01:02:37.291565063,1109.183321182302,225.83569318142625,31.02935029515641,107.32505087500788,61.708763886903526
2004-12-25 01:10:39.462075339,966.9913020927321,225.13100503816804,32.09577868870055,109.5440680361402,54.04177223423892
2004-12-25 01:23:48.600216953,1102.7244095001317,229.45793655991127,28.887354360960096,101.97360514293453,51.96407081027397
2004-12-25 01:33:28.879149878,1013.2457290833888,215.65962436362952,31.24475873748248,105.32159905229697,51.34019054144828
2004-12-25 01:43:16.553339616,1071.2138015206776,238.02776259344532,31.14338614934241,97.079897060317,57.41373918398818
2004-12-25 01:52:36.717092752,1094.1238465545996,224.128970487092,29.97695508772638,102.50068361009225,54.82295942511661
2004-12-25 02:02:47.618637145,971.4559251481168,206.61592638112467,31.334314980557156,98.42795860994372,61.76421408040501
2004-12-25 02:12:37.592450722,1076.6285504988214,239.04272665715254,29.996493996742768,102.9819861154251,46.77566326099446
2004-12-25 02:22:16.488513444,1063.7339686321052,219.52892191678944,29.65365323450226,102.0425060530905,56.0654131882522
2004-12-25 02:31:44.898131583,1051.1715689814769,228.24678437693984,32.48565845675513,112.78440394159149,55.06437290154713
2004-12-25 02:42:45.263899702,1026.7181899380103,219.30048332816824,30.215216373087994,98.6099459130008,61.637809013227184
2004-12-25 02:49:53.658751432,1014.5809988202743,228.02062757111105,30.175003197140093,97.94651889302554,50.347923362925755
2004-12-25 03:01:28.563884066,1134.0342959268262,218.34420965805836,29.30329036004804,104.64598080828392,54.911221577999356
2004-12-25 03:12:26.410363189,1048.7028011490513,217.5928261097565,30.89817060817575,98.07250657091018,54.52040861481917
2004-12-25 03:22:10.056410915,978.252553012562,216.6385945610316,29.24718764109855,95.68098652001127,41.08116790675721
2004-12-25 03:32:07.649957107,1034.504239920038,223.83348528560134,30.728297104023905,104.75663404719063,50.874860642324194
2004-12-25 03:42:16.154472794,1079.446519401253,213.57800261188666,30.972212078002702,110.54259869387985,58.26490930408994
2004-12-25 03:54:26.583461749,989.127788813794,227.80868663167755,31.691918175400012,113.1180957460509,52.06627506838189
2004-12-25 04:02:40.382003892,1008.4965295092682,227.87876586446902,29.17568802982204,96.21130641192052,53.56209502287717
2004-12-25 04:15:31.031935296,1094.5514104715705,225.26408633388587,31.216088427178775,110.15161035488053,59.31628273445322
2004-12-25 04:24:28.314144646,1038.324794153836,213.95308893186134,32.30641414347431,109.39277419916132,56.824857511185876
2004-12-25 04:32:22.227837546,1026.4148138494816,227.06626427797082,28.76640556849588,110.73196533764808,55.724129441563356
2004-12-25 04:41:02.263227144,1040.1450986281206,227.48542060132087,32.582250907358976,92.19264963568222,57.35581336579775
2004-12-25 04:53:22.193635884,1092.9767575755834,225.00747561729278,29.10756601866647,103.53855015615912,54.551340510121655
2004-12-25 05:03:10.317437240,1037.9526553430708,222.0061486975111,31.610814725959738,97.83831555605275,58.42381611882237
2004-12-25 05:11:51.002325187,1080.1102439734586,213.0924931983343,31.663395288446313,103.11146399360575,54.24241782300779
2004-12-25 05:21:30.178032069,1061.214244880981,219.4930272439866,29.69519558477782,96.14034082275026,52.22654709804465
2004-12-25 05:32:49.109805598,953.7171549498954,217.2452275873802,30.34984751740086,115.88291165644347,49.63518321690623
2004-12-25 05:42:57.117275823,968.2523509601604,229.70413877490674,30.90391939621057,102.73049120662321,60.40599313193417
2004-12-25 05:51:52.491046120,1022.9747522637884,227.63856135762333,31.409575647251195,99.57156537879575,54.60755082076973
2004-12-25 06:02:16.551333188,1034.547265432582,232.50828799842714,30.751051049746074,99.76545441459159,59.774358508395906
2004-12-25 06:12:32.795658113,1064.009619466113,213.12863771379543,31.260647266926693,102.33817512820626,58.940381316471424
2004-12-25 06:25:09.141421393,949.7327945300048,224.09293211430577,28.593575564106626,105.95969946846401,64.35571901967184
2004-12-25 06:32:41.356405006,1075.9178594770895,226.4004473711375,32.46098934143338,101.69374190771575,50.78392313144685
2004-12-25 06:42:51.180869908,996.287134982936,229.52632412878376,31.434853762155132,103.57155115551167,55.89296622328179
2004-12-25 06:52:17.449673185,1012.530987246397,211.80633197452744,31.93621817393905,111.66717758948711,62.93838459211513
2004-12-25 07:02:02.779318301,1064.1463957837748,239.71767020109152,30.68734195662906,105.79503532544142,57.17251933197352
2004-12-25 07:13:43.700989329,1062.8274154288529,219.028854451527,29.811963785478767,104.5230633019795,60.59214015006825
2004-12-25 07:21:44.480314230,972.5012828317729,236.97669675910768,30.586096708763872,103.78585649633246,54.411508931827655
2004-12-25 07:32:54.350609150,1121.9559115636898,221.50237178779864,30.466460652348726,100.23593044590017,55.292729466257946
2004-12-25 07:41:11.193174944,945.3859873016536,225.24639937477616,29.20966320479657,106.33442781930992,57.884393451656656
2004-12-25 07:53:10.448572025,1015.289278916593,220.76918830102846,30.810579867099378,102.44530988032942,64.14456399380883
2004-12-25 08:01:05.081903126,1042.8906295556785,237.02724324792803,31.142409238434713,104.58573290967732,55.687661759972755
2004-12-25 08:13:34.388273384,1071.6102635402965,222.97814228048725,31.61822893913278,110.33675404981179,52.836261132801084
2004-12-25 08:22:49.086532108,1064.0064876145032,219.14727088977833,30.690758022242704,103.68128002866155,47.49005668450953
2004-12-25 08:34:19.237189422,1097.9423773894875,235.9946865895536,30.049926055003816,99.25271991457782,58.428778195434106
2004-12-25 08:42:52.570636463,1080.3386596235393,226.59787036876997,30.065408420720114,97.89497173504637,58.17333360112602
2004-12-25 08:53:23.180039587,1048.5768008482287,234.3581516063372,30.71514215374597,100.95220470449392,55.96003274821479
2004-12-25 09:02:36.653596652,1032.3064930282126,209.321400789917,31.154963560689097,109.28809265420556,59.02458052641576
2004-12-25 09:13:14.561229849,1083.401780532282,218.38026870101382,30.770284815104286,102.7508902784342,64.39191020696742
2004-12-25 09:23:45.862901177,1026.4327009297967,230.50779706066152,30.733208100443015,104.67315604467925,60.228938539381076
2004-12-25 09:36:15.698470727,963.5461766203499,223.00038385862717,30.517442097154035,105.86008887908909,53.281834681032706
2004-12-25 09:43:16.350074954,1067.903538698514,210.670354397587,29.415079294370166,103.07258289717574,60.670511464005784
2004-12-25 09:53:18.995871818,937.2243228729415,196.68851495187562,30.96149969373746,104.72573757365176,58.690104810996296
2004-12-25 10:02:23.417588927,1138.8959925925185,245.1609214016617,32.43738437494915,112.85450804451855,62.69516059375013
2004-12-25 10:12:45.563893590,1019.2205559069345,221.29598487524842,32.08333635648508,109.4471717982466,52.46812111445882
2004-12-25 10:23:35.518515478,913.8107122599156,216.07240032097403,31.185741484113134,112.37697640670928,62.17156048402306
2004-12-25 10:33:57.409420864,1087.9909570555685,224.5415327138901,31.26540617985021,97.8175253287118,57.16149672186585
2004-12-25 10:42:58.140139218,1130.4441812843495,231.205606367102,29.207545652304933,105.21794144352708,55.30534756462768
2004-12-25 10:53:39.668609657,1043.961275170629,228.04394494307067,30.39784430656731,109.13150041850433,52.95536585706291
2004-12-25 11:04:05.753062973,1076.2533285053844,215.60417945580065,32.0210468283231,108.0455551274883,58.27477310147574
2004-12-25 11:11:59.130791939,1081.4973141874204,245.54845783384505,31.372530154415404,107.30066819190436,61.99350753204439
2004-12-25 11:23:54.664612980,1046.6702167949504,223.07364498613597,30.95638419256466,97.10911770544261,57.57461127211639
2004-12-25 11:33:47.908571915,1060.7737342544929,233.2591080207576,29.58416607520275,108.45743095659343,68.53853368859494
2004-12-25 11:43:10.024763924,956.3765750713566,233.23387882090051,31.19313079309904,110.32784741612348,63.800100251774275
2004-12-25 11:53:25.452012965,1049.4542441468416,215.41163949622612,31.62370651175771,104.93925534092978,56.05884775358293
2004-12-25 12:03:44.421118921,1022.3605822364171,235.283170723519,32.079562053740005,105.0849619555303,59.90154968722827
2004-12-25 12:13:19.441187483,1053.7451254426637,227.901571257133,31.08283830843383,112.5471415924081,69.70026770898714
2004-12-25 12:21:29.509431528,1062.258006357375,227.89594605164433,30.73428188076013,108.75156048543239,63.12199896452839
2004-12-25 12:33:51.238210557,1198.1148134808982,216.66201607212884,32.10071160710685,103.32215223380406,61.862475943387004
2004-12-25 12:42:19.663119192,967.5628757220572,229.92504769174857,31.41093433876635,108.2045923950087,63.774964721308706
2004-12-25 12:53:31.755239002,1036.2968843809967,232.3533060374594,33.15106834083876,105.29946411062598,64.16424586378514
2004-12-25 13:03:10.722862633,1006.1748560989563,228.14051615944678,30.92403981706783,118.74318341682998,68.86937901920584
2004-12-25 13:14:42.181109041,1098.559492734401,236.50376986487495,31.749039520312593,114.06161544930278,51.962563907714426
2004-12-25 13:21:42.040878125,1093.944285435335,220.10892017955004,32.13272725134924,121.2067484998172,62.29456053593003
2004-12-25 13:32:25.534069830,1040.205464839105,222.7662328210963,31.01253570356589,108.90822033108418,65.16558931783007
2004-12-25 13:43:27.537725186,1066.5808904719179,226.09772675815753,31.21773981626618,112.57367455687512,63.03321210557071
2004-12-25 13:53:51.345766136,989.0907163240735,238.57887620120547,33.214296828992524,109.97590233557798,67.57634016838672
2004-12-25 14:04:53.132765613,1077.1526426531773,229.433545875975,31.884204189538423,121.1257983127507,62.75559644609529
2004-12-25 14:12:22.930277541,1099.9166943099965,229.45691834869027,32.3882125674892,112.18967164092122,62.55687801280496
2004-12-25 14:23:33.569560469,1013.6890550075279,235.9877037587293,32.314882509050506,116.39106810024683,67.7628631132295
2004-12-25 14:32:25.689454906,1043.8359547926468,225.6023262974995,30.635963532977513,110.02191206583556,62.77238465642908
2004-12-25 14:43:09.701464381,18883121534.483067,2.7441217287756792e+29,5.943107231380195e+22,-2.2606344976375445,8023506.6174463155
2004-12-25 14:51:36.436774367,1135.8080487270881,224.617871879514,31.48199827430216,118.0105981164176,69.24044973258927
2004-12-25 15:04:50.850557647,1113.953810900362,224.38290979088438,32.39685947228272,113.45438226976289,75.34118521938342
2004-12-25 15:12:26.048280640,1191.0610366752012,236.29193882071138,29.550926804841808,106.65703923855706,68.87049312112423
2004-12-25 15:23:28.764321889,1085.932864407853,240.33672285659304,31.26663495356633,115.22970245605133,63.82367224697856
2004-12-25 15:32:49.189586530,1062.8273727943188,230.54193670521084,30.78779680219042,119.89569524715124,70.1136498709976
2004-12-25 15:44:34.691893739,1049.5152761601266,227.47422663017295,31.808853280864795,110.98995436932587,65.64130223392014
2004-12-25 15:52:40.984430560,1023.1596973246402,222.1242031687963,32.571175961811896,116.27506583453778,75.16879084002602
2004-12-25 16:03:43.961125025,1043.0500226540041,226.85820731122314,31.7623860116046,118.67022001402998,59.02679089865805
2004-12-25 16:10:53.489101582,1135.660851586913,229.1085785237843,33.35637565934523,113.15158866412115,74.6886134720037
2004-12-25 16:22:59.074623872,1027.9084577534004,219.5567284722694,30.878026257211282,121.07512920766635,70.04001734658026
2004-12-25 16:32:25.599802052,1071.4223985381445,234.6003625908851,31.947961372476087,123.42347325815018,68.55888791591937
2004-12-25 16:41:55.255962532,1114.9471196399923,214.2860018210754,31.752924390044818,121.39745008051429,70.28346779865181
2004-12-25 16:54:28.262658945,976.1666690437959,237.99668464059562,30.35530056072641,117.90326821377407,65.67408443230457
2004-12-25 17:02:36.603676321,1124.647503486909,232.17314403652745,32.35186631344364,116.02472740001114,58.498489824644935
2004-12-25 17:11:47.810729354,1056.328735720718,230.64198657510929,31.19310047471177,117.22836372135312,67.18698161490833
2004-12-25 17:23:24.193733576,1088.3048561045325,234.9444693838074,30.865873689527117,118.66284401980963,71.7847523245258
2004-12-25 17:34:24.571643472,1042.2887913989807,234.0341210122228,30.013432613717402,114.24083811934995,67.90907265367586
2004-12-25 17:43:03.117288219,1071.3617155731197,227.39421209075672,30.45128555154092,119.9956567621049,59.12712526920221
2004-12-25 17:53:49.329974514,1037.6133572740355,237.75884479832487,31.898605521144503,116.24014860039483,65.04290512733971
2004-12-25 18:03:11.993458104,1069.4857324555996,225.1759394752885,31.735103698352553,117.27168573286517,63.17693406866861
2004-12-25 18:11:38.097449380,1042.9439229282202,222.79618258908187,35.505291863274465,119.52785504714305,62.222554742438
2004-12-25 18:20:14.483657668,1075.2025270165793,220.99737425478386,33.087855232346605,110.86292512466012,66.63381596040797
2004-12-25 18:31:40.190005821,1098.5578548839194,208.26808803041456,30.715685400410415,122.58344581731409,65.21014501970393
2004-12-25 18:43:08.148196646,1058.6582008552457,222.55064228391538,29.806469039395918,118.48102839350769,67.50105358464637
2004-12-25 18:52:31.095938579,1084.7274605212085,211.1869987671616,30.586341149327843,120.66003573817166,62.96123339826137
2004-12-25 19:03:05.787960156,1110.2626857352618,234.65337900232723,32.05733770805658,110.53887324616113,57.949003048525555
2004-12-25 19:13:22.494791936,1061.3088617338447,220.94246748386655,31.98672755835604,111.8786087364712,71.03131263101078
2004-12-25 19:24:05.216530190,1030.9058987774304,230.06074900615025,31.32730196096133,116.27726374347202,66.08679461542079
2004-12-25 19:33:51.214221201,1093.2179793617197,218.97250954994692,30.754263651534163,124.06197930710944,79.65976067939793
2004-12-25 19:43:42.987326269,1035.436043579043,229.04014372827874,32.47261718460521,112.34732152468955,60.55108003211177
2004-12-25 19:53:50.283615929,1120.2955560286864,239.5938131848557,31.99498780474183,119.55170486868484,61.079949000420164
2004-12-25 20:03:15.925611445,1073.648423951286,204.73171879823047,31.161149406880824,115.57644598827586,65.51742332690543
2004-12-25 20:11:58.048915698,1107.3005260945536,219.78599075122435,29.93752338774824,128.62270454284095,67.50865687692712
2004-12-25 20:23:25.354206672,1086.8116559281584,231.98489076451452,31.38023841292749,117.73398174565096,70.95053966685829
2004-12-25 20:32:10.108225773,1117.4054168684147,213.93673854218667,33.10240688515138,113.90774318480534,71.74880481131264
2004-12-25 20:42:29.694941587,964.8277511200329,228.51167723088275,32.442769844823246,124.63752872113112,71.61815311495816
2004-12-25 20:53:49.880169991,971.7135700815477,229.01484287108013,30.424237317804895,128.999053862414,63.50888858170604
2004-12-25 21:02:33.221870546,1104.7540899305966,232.20576294803186,30.55662367729649,119.43214861271461,68.82437363278599
2004-12-25 21:13:25.133534867,1072.9929316548312,233.17339652619543,31.689385655000535,115.00095493971033,64.0960537799362
2004-12-25 21:21:59.605788500,1036.66359424831,210.19487924440105,31.143817901105546,122.78551546053991,67.92073184863476
2004-12-25 21:32:35.374316073,988.0965270361846,226.65713711738047,33.05285773782311,124.01949292910263,80.84980053925068
2004-12-25 21:42:17.299598890,1100.3014074842959,230.77224406675006,31.37728920141144,121.35966586313077,73.57693965732938
2004-12-25 21:51:54.318366037,1015.4229201442209,222.64245811168502,32.943856080502925,117.17874958380155,67.90865708113344
2004-12-25 22:02:17.421581597,1125.438760953804,222.19436474860115,31.75236802197076,120.78725499583317,76.86886295332815
2004-12-25 22:13:05.182312456,980.8622497808358,211.48883513624872,31.5851184655878,115.26954190423858,71.11871088613493
2004-12-25 22:22:48.824282284,1062.424816470239,221.75154477191316,31.605479740203986,122.12495181788556,64.36031838696061
2004-12-25 22:32:44.844608747,1102.4003314822944,243.03165054963668,32.36133063898687,122.62018968656503,67.65559964788434
2004-12-25 22:43:47.431226680,1065.6534863131799,238.11949824582186,30.736749937765808,105.61030063546019,60.72582283824876
2004-12-25 22:50:40.902550989,975.7977909026666,221.99033816095755,31.567088569653823,120.81845077429563,65.16559848251039
2004-12-25 23:00:54.718021862,1110.9650710070878,229.61130984003688,33.55053872000095,114.55710329773103,69.3609225143877
2004-12-25 23:13:27.459539024,1066.3339476797848,238.08504691196788,30.7578757601141,116.50197517128639,64.0725717534157
2004-12-25 23:21:17.954938286,1068.7322501584438,221.11685674755753,31.13376603243656,118.98192466417758,69.91394355293285
2004-12-25 23:32:23.242905105,969.2576739881767,238.88612492052192,32.61082815759475,111.16762303171761,66.35059511302161
2004-12-25 23:43:28.370863869,1040.3196934507798,220.37821193466274,31.730339611803878,110.46941478773033,60.01848328803759
2004-12-25 23:52:11.315972636,994.297549520475,241.05577850915972,31.097713003201026,113.60142349240206,72.55921202427116
2004-12-26 00:02:42.089716640,1002.3983904933267,219.53274344396243,30.480566292909877,118.79707548273427,62.95978005174835
2004-12-26 00:11:44.084338569,1031.6415506937192,242.1277774241198,30.575392512334762,113.36371442017453,66.75900792093249
2004-12-26 00:23:00.667280065,1095.9294594130106,226.05410423030028,31.13697586454713,106.91290033151232,56.053101389546605
2004-12-26 00:32:39.841856704,984.375977977531,223.32362411182882,30.32972977857559,112.29045024340157,58.77903188185074
2004-12-26 00:43:13.987031659,1048.4676730357482,230.8050561343131,32.15949836471789,109.23080149768222,71.13932710491162
2004-12-26 00:53:03.082515432,1089.9618402013168,226.67514245437943,30.941355703866805,115.40306687649002,70.07130697248652
2004-12-26 01:04:10.587851970,1064.1677882109886,215.31078794470628,32.221104250375426,113.6090611290876,59.08586970387304
2004-12-26 01:12:18.511790365,1090.2495290915108,230.75161970002043,31.181219250128176,119.31181140963717,64.96607441269454
2004-12-26 01:22:59.683189000,1029.0359588479728,230.13948123890583,30.098965027623006,112.24794342611148,57.48734523155062
2004-12-26 01:32:25.467311572,999.1607743838363,231.1085672545077,31.5136942620266,108.8545023678091,73.08410775887901
2004-12-26 01:43:38.388417242,988.2786790443818,201.18971874344908,30.428359266982987,116.1015003203687,59.85296137886819
2004-12-26 01:52:22.208963917,1036.0088267292574,235.38857706369208,31.785566294859052,115.23298938104747,56.7041122870853
2004-12-26 02:03:26.196396232,1054.1605171435008,213.76989293695985,30.945240241199027,112.8328075528749,60.435171330145465
2004-12-26 02:12:37.314901035,980.218327969085,211.11120306965208,32.19563784782529,103.77042821160721,64.35856729629688
2004-12-26 02:22:59.778281005,1024.7913603034433,218.4435829920548,30.08151195748795,109.84074870751333,61.0190902277843
2004-12-26 02:31:46.444405108,965.4150805028484,225.3616409119142,32.16337819704587,117.58713294205037,66.24071305771288
2004-12-26 02:43:46.143545684,1037.2082406381699,214.6778842434221,31.200720792980302,115.32722250317855,67.93092585322024
2004-12-26 02:52:14.263207074,1092.4194700110397,228.8350719990888,31.200115072152986,101.96453572638902,62.417314254944436
2004-12-26 03:02:02.722334253,1069.5298738213107,204.6104708734901,31.27510868738256,105.59507868606171,59.09065620195941
2004-12-26 03:12:30.420260428,1088.93244893702,203.70362945967918,31.09637657964729,104.35400784487153,62.353948408508224
2004-12-26 03:21:13.945551217,1077.3341531439412,237.5296957628964,30.0174482027434,108.05696327389244,64.8670108907012
2004-12-26 03:32:33.912611034,1021.0769491759228,230.41136960265825,31.36604991800243,105.02396562023509,62.529259244327015
2004-12-26 03:43:42.781215708,980.9513204830596,203.60852913254237,32.763987906503175,99.59856048172092,54.53679759303881
2004-12-26 03:53:44.818475179,1072.0727474006226,223.0945962950084,30.63535884969152,103.81090636769393,54.89915097333707
2004-12-26 04:02:36.625757165,1028.5003861886998,219.13951486323452,30.925354313654136,113.33826449926771,59.674526920659005
2004-12-26 04:13:25.503776052,1046.336762807063,222.67404668921165,30.254409569763947,110.54823671415177,59.567850253426975
2004-12-26 04:21:48.427623413,1059.0900199985583,235.24724120838712,29.8038836954035,109.28628782489753,52.3814819131516
2004-12-26 04:31:55.399400803,1028.840988952098,212.60443040536518,31.440627294872098,100.22374355717479,47.647263486344826
2004-12-26 04:43:38.500716561,993.0238138601885,230.99357353873614,31.16064217547275,110.17554266300981,56.49552813020039
2004-12-26 04:52:07.470566972,1006.9429090179318,225.28828766047673,29.160204309582785,105.79927273320618,56.7478243251745
2004-12-26 05:03:45.128334849,1074.555596476868,225.39116267955364,31.453544402063745,110.55323458622658,55.90458998857537
2004-12-26 05:11:52.838287447,1043.1194473105302,221.61172654768293,30.20271330044974,109.29220364246135,58.94574510991513
2004-12-26 05:23:25.082612090,1037.9993470209815,235.01381983322938,30.459151839610854,110.44710110230331,58.429747227639744
2004-12-26 05:34:47.454709470,917.7043685362478,227.34910094833984,29.57457153746262,102.57957102753393,52.73787399241284
2004-12-26 05:41:54.697952075,1101.31467539059,214.70447342586763,31.381868976195683,100.94477962269825,64.01976305411186
2004-12-26 05:53:22.839117774,1065.676497316793,229.58167420372155,32.20680274623854,102.00571159132033,53.21627460149286
2004-12-26 06:02:18.501495875,1066.8595283519799,214.06155520392088,30.14214276672348,106.51495278059392,50.05578145117137
2004-12-26 06:09:39.279152631,994.1582124988407,240.02065152036593,29.991222537194766,100.06425427436106,61.10654154012471
2004-12-26 06:23:02.843962921,1154.1274123753722,231.35223970157966,30.35030654383448,100.6150662267061,65.90458054503587
2004-12-26 06:33:23.057540614,1024.510130697974,233.6083748605363,30.443586389575756,103.04877099616296,62.892278566756175
2004-12-26 06:42:48.405843808,1157.7217867240943,219.49936454839707,31.608777950500965,115.22499692342348,50.237773325271036
2004-12-26 06:53:01.308209218,1080.4073256686165,224.06784689728343,29.514597430312335,111.2795248022696,59.374564225355684
2004-12-26 07:03:23.550678602,1002.1614363067222,230.33560024068086,28.822183559540232,107.44108891968372,53.70516679984555
2004-12-26 07:14:16.414347688,1018.2048695132809,224.58662373282135,31.82082477844594,103.89087525977297,57.020392223401934
2004-12-26 07:21:56.347564618,1001.3436178139139,222.55291313522181,30.663503199814148,106.62647679603234,54.0917313184747
2004-12-26 07:33:05.647701338,970.3188520851559,218.28163561075945,29.46336884482044,102.62564521525115,61.89388144267598
2004-12-26 07:40:41.380558879,991.3885152306561,228.40388649453135,32.19901602284156,105.53103211538779,48.11058617152922
2004-12-26 07:52:55.616248671,1059.986933755153,223.16345059656916,31.67477154654126,97.97280459810503,60.46871059714022
2004-12-26 08:02:21.436094673,1071.3041239073118,229.57571139402668,31.608412407544787,118.9053705803218,57.55553098121721
2004-12-26 08:11:39.198640765,994.3210457827822,206.53243654372042,31.013524204255134,108.37366949935783,48.27426563979157
2004-12-26 08:24:41.322845418,1016.0252120573449,224.45196827391797,30.72942434032941,108.61734381268731,60.348044871995526
2004-12-26 08:33:04.969601191,1017.8401574014911,227.3157946440207,30.41494995537792,114.71879385558383,59.95887723949045
2004-12-26 08:44:37.074714944,1078.3372252683532,210.2976153513806,31.92833247773596,113.44552018439242,65.33907616785227
2004-12-26 08:53:59.675769397,1028.5020382690795,219.73322780573946,32.31512888391327,100.31934164967917,50.45894438356093
2004-12-26 09:01:13.117674325,1131.302616045358,214.25002071271567,31.899659446524083,96.7100098009735,46.38620931270417
2004-12-26 09:14:11.650742657,1085.051086063345,221.1821977741677,31.904252840733307,111.82025546758729,66.04135247901502
2004-12-26 09:23:30.766702289,1051.3103818518564,228.76604277803202,29.6043443664558,104.41622131138438,57.20125584213196
2004-12-26 09:30:58.207407448,1101.9409807670456,230.07994175984,32.32724307670579,106.99157133070453,60.00642478175873
2004-12-26 09:43:07.305399960,1125.8594660143235,240.39710650270524,29.859886166861273,103.74332514940714,63.421936162788704
2004-12-26 09:53:00.781202135,1047.765690274403,228.22637100158542,30.42902656151525,99.33255670797355,47.0400813667013
2004-12-26 10:03:03.595846901,1065.7885851231526,228.83598867268503,30.832561846183868,111.49697503144967,55.3489387216129
2004-12-26 10:14:06.936738961,1020.3248844598266,221.96159014058532,32.640407359556086,108.87908686709581,64.80026288019656
2004-12-26 10:22:16.269763742,1110.52245076721,243.22153272221664,30.55346605996952,107.0487570776796,48.777514821313396
2004-12-26 10:33:25.728928682,1054.7295878219793,217.54304347092386,31.651800361916646,108.13039241069362,53.954497242187806
2004-12-26 10:43:47.171899518,973.4631505078049,253.192006757297,29.94084493593137,107.93766068826088,50.570704123007374
2004-12-26 10:53:23.175509334,1032.8168833501538,231.28011333068088,31.113047876194802,109.08524997272268,57.91925313248095
2004-12-26 11:01:57.995723962,983.7498954140551,225.57804972479266,31.639053304905914,106.51985654806909,58.21537239727183
2004-12-26 11:11:13.023335341,1005.2005912482277,236.06266170495732,33.35022400004041,105.93151720903214,60.454536087842314
2004-12-26 11:22:18.851156187,1032.7615073429583,215.40598110605762,33.501059315523605,109.1417748091902,53.95165670641792
2004-12-26 11:34:19.026927778,1045.225330826581,223.05654632221766,32.129326397954365,109.91797225953232,56.124838501509636
2004-12-26 11:43:55.607444926,1077.0411321140775,213.62253967029415,29.376094956087126,109.91721381888856,60.52074527461833
2004-12-26 11:52:07.162430604,1096.0404463234697,224.41994869037197,31.371595874793897,110.46026074352662,63.866674521572044
2004-12-26 12:04:38.111677237,987.0887480396638,235.6331497087782,30.804173559736377,118.0775026141081,61.724833811211084
2004-12-26 12:12:25.650850423,1091.2284262096987,211.22757126559787,30.917824269598718,109.53605415012596,57.22962501431864
2004-12-26 12:23:27.446103717,1130.575584925735,222.6325522393886,30.495080172949947,107.38654421028333,60.1056947625523
2004-12-26 12:32:20.056545447,1005.6732034934381,202.11385083040713,32.707730226023884,109.19531258159847,67.63633312102306
2004-12-26 12:42:50.789051035,1064.0300376873865,238.80694383636114,30.83590800804117,103.25698020253259,60.620485610395335
2004-12-26 12:54:40.875300711,954.4713162928176,245.16614128343875,32.27512351272807,105.08516022007473,62.12827877825911
2004-12-26 13:02:10.166071814,968.6043588723446,246.3361782442021,30.469369595047596,112.38376681200741,69.8646097165147
2004-12-26 13:13:49.467166992,1056.6725378481945,228.09998643389565,32.88932097965268,114.9836022128414,60.003770595951444
2004-12-26 13:23:38.469799848,1158.3251830497666,235.62875745142662,32.055963388767296,112.7452836121885,62.847030068233465
2004-12-26 13:34:20.513690887,1055.0539952395397,240.45632630215763,29.82959748565466,113.8064427399642,64.20362345900833
2004-12-26 13:42:32.217452292,1091.6984258166679,239.3374156111888,32.62276764168455,109.47315470080281,58.489665272975145
2004-12-26 13:53:58.969544731,1044.0267505033496,216.65800339726312,31.051523077550897,112.65831481355883,71.8376310361705
2004-12-26 14:01:57.707438394,1019.2222960967262,221.0346037672932,32.14568108507331,104.87954176937747,61.21808522157586
2004-12-26 14:12:45.034775488,46.307937037098334,92.06771781457877,18.40609243213647,102.71443292699303,62.34823447147418
2004-12-26 14:23:00.566956076,34.538031284053744,68.85613518152309,13.666431171226895,88.59360639852022,60.477975906283
2004-12-26 14:31:21.097097763,26.11766480542007,52.06008473346053,10.402622019993778,79.1784722808235,58.40410405662526
2004-12-26 14:44:40.409591855,16.430225119822005,32.60372252881537,6.626449219516223,68.93354275715701,55.33197525105402
2004-12-26 14:53:05.971716085,12.419386833817526,24.768932454729477,5.114388875850229,64.5300301296378,53.30849646968503
2004-12-26 15:02:13.464736685,9.488052636706636,18.787497110766928,3.931175457015098,61.03686525603933,51.556894451347496
2004-12-26 15:12:30.193116973,7.25647584339014,14.719205488716199,2.839823066429788,57.98310487385584,49.277954236163616
2004-12-26 15:22:34.534835650,6.133811578346229,11.977738491690035,2.492196342466673,55.46642355370858,47.5724730440033
2004-12-26 15:31:32.665346485,5.293180576559468,10.779510189960247,2.018460071705333,53.632034677801016,46.19000100398667
2004-12-26 15:42:38.465699112,4.734949440875603,9.64437410975368,1.9816535343773818,51.755965107277426,44.434693150163206
2004-12-26 15:52:40.560663079,4.650938379450457,9.215856260914986,1.8552386615157537,50.396379810413855,43.17378892999178
2004-12-26 16:03:18.299793587,4.480072514315363,8.80006540965544,1.8541227550422281,48.882620026492226,42.009866995365876
2004-12-26 16:13:06.055245154,937.1591962652498,121.60057469608736,15.516933575056852,48.0592510456016,33.730309235730886
2004-12-26 16:23:28.156680005,1085.1468966859243,175.69537247494728,19.310524006088997,62.59963866700499,49.46198372460069
2004-12-26 16:31:11.666023383,1013.9106247209165,170.81794282353513,22.044200665046272,67.4249985803921,50.791331474396046
2004-12-26 16:42:58.620167249,1056.4344461899038,195.60438014793138,24.096131680504072,83.7437590472109,58.85312556693182
2004-12-26 16:53:31.128915802,978.1255715593255,191.52233343420446,26.453121263703498,85.09849169819134,43.50143830580799
2004-12-26 17:03:58.058515190,1029.2853604286915,226.2097345410885,27.695821701091766,98.64768709269491,51.71190926772018
2004-12-26 17:14:11.439751895,1005.6406431873678,213.1006292854818,30.424905095510812,97.9989185867732,55.828890017709476
2004-12-26 17:23:56.745968094,1194.963041573641,216.10432744746407,29.42497269229996,99.68263271437218,55.06590084509384
2004-12-26 17:32:22.883444530,993.8648109640626,221.01799004551378,30.561343472130932,97.24834197451669,53.259096771110805
2004-12-26 17:44:00.826868420,1166.3324112277726,227.9110768528339,30.81137871189521,99.5948468578697,55.850394588213774
2004-12-26 17:50:42.986467243,1026.4835222629142,243.65500910819844,30.505722188752593,93.58130741985941,49.07127026594897
2004-12-26 18:01:30.121796536,1049.2898264151986,237.03964268907143,31.65509454901305,113.22466883940723,64.1086279922966
2004-12-26 18:13:55.570162932,1118.9791803955409,235.05865931183058,31.00382146802787,115.64391197948315,53.42203612012175
2004-12-26 18:21:24.125279417,1146.430430831254,224.13312558893827,30.63990829447522,114.85936094144,62.43047673845563
2004-12-26 18:33:12.998105201,1081.2781525378232,236.1194802406296,31.74010405644442,104.87614328014625,64.12895305044044
2004-12-26 18:43:42.436615761,1045.8237716074666,233.2768113381696,31.56238387783083,111.058572355363,56.62180902076194
2004-12-26 18:52:16.656341095,1064.7385962764547,215.1338919518132,32.145413649794264,115.03072604905694,62.86926084161473
2004-12-26 19:04:25.701794662,1060.7020809016562,244.10953788499748,33.32473862549301,119.93490178905208,61.17198162869871
2004-12-26 19:15:07.249943714,1095.0826342963683,228.7114892397367,32.207101753664304,113.86032464678294,63.85503892823885
2004-12-26 19:23:18.550012966,1034.720253607232,227.47135049270975,31.385468747159333,119.33345334559763,65.12926246593183
2004-12-26 19:32:11.238780084,1085.793375128901,230.42594517807453,31.070845285423992,115.81816166410684,64.57393094080041
2004-12-26 19:42:29.349484988,976.6255384489534,238.05837322899228,33.706608224415845,111.88125818100852,70.79128669319077
2004-12-26 19:52:27.243276279,990.824048250662,215.56992859594246,31.91289220723253,112.7989523331943,60.07076472983929
2004-12-26 20:04:38.777641993,1135.5762533196798,215.60138483427778,29.184101769848166,104.82421889882454,63.292563799429686
2004-12-26 20:14:08.944744809,1143.021443753415,232.33885730647177,31.100941106776137,111.53174447427408,59.79283558401921
2004-12-26 20:23:46.217185656,964.0290629321112,231.17118952644964,32.47435485546337,112.42563635697893,62.649478714822386
2004-12-26 20:33:29.141611482,1056.2065327175208,221.89193686189472,32.28933197831826,113.45768224881971,64.84410279716455
2004-12-26 20:42:58.691940163,1149.0133280479915,224.0823036628564,30.40354960288247,114.52891470086702,69.40297942014354
2004-12-26 20:54:21.752342482,973.7860572002792,218.6099298120992,31.062931462455627,117.02500562376859,66.5556458242881
2004-12-26 21:02:45.927721024,1042.1766619994423,214.5648822064427,31.923507684811213,118.32365463471737,65.75023370071186
2004-12-26 21:12:52.609179803,998.8608213388062,243.75243440035814,32.329827731112125,112.41021593733106,63.83499975522895
2004-12-26 21:24:39.880262580,1010.2903653509663,235.46097384008985,30.66185245958221,112.97648908416272,74.07428884531356
2004-12-26 21:34:13.408763235,1109.8320509805,231.04314808954115,33.62510023317396,123.39260745720289,72.45118202300006
2004-12-26 21:41:46.466905888,1127.8740095226206,230.01808012069336,30.610093291224363,124.73030108012365,70.91478105612701
2004-12-26 21:53:27.806410344,1002.2150935430816,218.2469766482359,32.37254859054603,119.09767534748325,56.57709529683099
2004-12-26 22:03:47.626346392,1148.1541494766063,230.2323045542168,32.11695468831278,110.74788080440325,67.68352402694434
2004-12-26 22:11:47.320804862,1007.9592058192217,231.38377822998044,32.81701704029919,116.8826307270088,64.13040499048613
2004-12-26 22:23:21.101719619,1045.230459417738,248.45993656886583,31.976827906719368,103.73155107245181,70.178851180801
2004-12-26 22:31:14.551791652,1036.8717683082161,220.55499497327642,32.18786819338198,110.06950701829989,66.24943029977982
2004-12-26 22:43:02.829604725,1082.0146087917335,235.51038176502672,31.040352659864556,112.87273040495012,73.30068826850109
2004-12-26 22:53:04.853709566,1034.2950654023189,212.89904896690263,32.40506535127925,120.08805532866378,65.7349137480106
2004-12-26 23:02:47.024335474,997.3508724164598,225.5105101768384,29.47115361990424,108.54218659938141,60.4330581944724
2004-12-26 23:12:25.352131083,1048.7481134039112,219.94749251273183,31.547585247972943,112.31530518788587,60.88186848911195
2004-12-26 23:23:41.486007046,1055.8932148998051,221.5882523518849,32.93359017221451,115.91643428296398,61.79437630583173
2004-12-26 23:32:37.801890270,1060.0043565422136,234.67205635994165,31.322855123684352,112.46022569771795,67.66897276179635
2004-12-26 23:42:48.104753037,1090.4658394310952,220.349384419173,31.75038632920028,103.08607502240952,58.08353255225354
2004-12-26 23:52:19.667091371,1047.5470856049533,233.36672954177166,28.560379537643875,108.52351245191531,65.76488512433697
2004-12-27 00:04:02.734480196,1100.7699509899699,235.47134692809635,30.984144103822516,112.22410118924454,56.95152301027614
2004-12-27 00:13:43.233475814,1104.5415409195984,228.6286337181414,30.390764090038743,105.28788494563015,63.623607792825474
2004-12-27 00:22:33.642439272,1049.6971331444774,217.5679947164898,29.64815020290614,112.17863059127335,64.38153117985475
2004-12-27 00:32:22.165273534,1035.79773416075,216.78939692274358,32.07509597898244,109.4692258119207,67.02601615379848
2004-12-27 00:41:25.684850535,1101.6823527572813,220.76830257352336,32.25554231833824,113.6465343456178,57.53500418082659
2004-12-27 00:52:44.057942535,1116.0515644814013,226.4167371846691,30.28518489258665,116.28389940909618,66.65695287119499
2004-12-27 01:03:00.936122414,1115.9814189940162,230.36696475242843,29.957247152126495,112.71881949359842,63.40824448517021
2004-12-27 01:13:10.707999204,978.562778512735,214.61368177595998,30.271982855245003,106.42662312159743,62.04734401693217
2004-12-27 01:22:08.093739915,1125.2207549373045,233.56944007867065,31.98865973026955,113.05778624505118,71.24277297205111
2004-12-27 01:31:15.313025895,1154.828982039495,247.02612891919685,30.930989892327773,112.25147629363545,51.604303154619735
2004-12-27 01:42:44.881361345,1030.0921141240583,230.6786877372155,32.052597795458205,103.13975919513638,50.190005129636916
2004-12-27 01:55:14.486219284,984.3221491031693,226.68501457838113,31.729187065941925,115.35917273424346,65.18856476497626
2004-12-27 02:03:33.030854404,1075.1465564620573,235.2239176988911,30.202009033694768,110.95576650691638,62.79295218616386
2004-12-27 02:12:54.549242380,1088.6449054663065,208.1050674883366,29.929696556566586,111.26640544989942,67.45049085426031
2004-12-27 02:23:18.199273264,-18032257378394.86,-0.6362856734748674,-809425.3644081057,204754367216.3666,-7.669026912733155
2004-12-27 02:30:28.203116818,999.4753122476391,226.3542654413855,32.29230250984442,114.22420058778174,61.07704207168663
2004-12-27 02:41:54.751611963,1079.919067152204,231.16865463094774,29.966375041438887,113.08731932830725,51.23967126387004
2004-12-27 02:52:54.096811536,1018.1719744535593,229.75626950555989,31.13335585867827,112.8294634001971,65.03058077287348
2004-12-27 03:01:44.559639405,1069.4987098347074,230.61199494095214,29.999206658891804,111.48888319920691,62.119509052561156
2004-12-27 03:13:35.338606958,1094.334764310913,226.72240685992452,31.26780003051022,113.82173347447392,53.57658725310063
2004-12-27 03:24:12.554347190,1128.7378904323748,233.5348713129006,30.182268869949823,111.03319455707808,60.41577279208851
2004-12-27 03:32:53.254027136,1061.3784472567609,223.49686345603186,29.951596269815496,113.6114154920715,56.40569879038605
2004-12-27 03:42:11.772539432,1056.6507652510006,211.57260358539642,29.479804165769718,106.0963609760101,55.15082380505603
2004-12-27 03:54:36.557849329,956.0767817880428,220.67845972042417,30.9235266403535,98.72045973581136,56.383311762979865
2004-12-27 04:01:42.123503318,1061.119727483899,222.8010533837902,30.63245525801356,107.74219112973451,59.65981946394481
2004-12-27 04:14:01.337786345,1066.078401315059,228.85084403221106,29.77961426514511,104.55577311551164,57.3607128990499
2004-12-27 04:22:35.035638390,1056.2496222917239,224.01076179691265,29.830734249480706,112.9347080859459,56.44562648409137
2004-12-27 04:33:25.967599115,1026.451875993432,239.2586293652215,28.593461520934845,112.87768414241947,54.61994023998192
2004-12-27 04:41:50.555656029,1009.4863922387193,223.89727796159707,31.22331635072908,102.08327471118382,64.48588462786346
2004-12-27 04:54:57.380203706,1040.5017125474258,224.86006559248642,31.42435557276806,110.53828298871207,61.31900908868761
2004-12-27 05:02:43.830405785,1142.2887768363216,220.45453557839085,31.06125604720807,101.21766668318413,52.42133119817419
2004-12-27 05:12:16.322672519,1033.859078788978,232.36827902182475,32.356613710616124,106.90114068274562,60.472831375327424
2004-12-27 05:22:06.839123655,1108.5605873593965,226.62625508863349,31.983222229900537,104.78076847568717,62.22882297244764
2004-12-27 05:35:20.214515862,1007.2980622226431,219.66436447615126,31.85542220989958,98.10480341553914,53.897340676878024
2004-12-27 05:43:31.317467531,1083.0684689288719,200.07985638283495,30.98481990567249,106.3110040288616,56.757407025730075
2004-12-27 05:54:13.329602247,1021.5082012297103,243.33946916819187,30.75770497394692,103.06118914011873,54.17449079712106
2004-12-27 06:03:36.036365982,1008.3541097098317,230.6631605526717,30.366921154860137,114.8994505327689,52.70045554929083
2004-12-27 06:10:48.862633396,1165.2608972074765,231.7826085362982,30.578427634360786,100.74094625641358,49.445070600542735
2004-12-27 06:23:06.386580809,1094.601551616097,225.53852557083758,30.739748203559586,101.46989925287824,52.54828252480102
2004-12-27 06:31:50.713453665,989.2891845102189,221.81554112591547,30.412848283242766,108.21385021530321,67.12238639348047
2004-12-27 06:43:06.733873648,1095.2873964639605,239.39022718516762,31.897007529475914,105.84800361725682,64.01830473645221
2004-12-27 06:51:48.211967077,1044.099601830807,233.329599897525,31.331267106554964,106.73439308410839,64.75310956819784
2004-12-27 07:02:31.637005772,948.8397461009985,219.88464241285482,30.09217104736284,95.8885363680017,53.56512792556803
2004-12-27 07:14:01.866262597,1048.3572366180006,234.1765914547329,29.72065588032656,102.75019802811093,56.82677029412419
2004-12-27 07:24:50.114513889,1099.335652809422,228.13956288347626,31.557674385155273,96.63183959290606,46.42892073811032
2004-12-27 07:34:01.351851079,959.723660000669,238.09895067892046,29.269632357185817,107.57810267840962,61.36377913694459
2004-12-27 07:42:13.003252455,951.27100409155,225.56315944125794,31.50698106220476,111.77676550975372,50.0172209501425
2004-12-27 07:52:30.517332081,1073.5479571970243,218.0738620951387,30.838975478567246,115.7053632236589,65.65857203852904
2004-12-27 08:02:57.043836462,1008.5184209193253,223.93891422669503,29.696868103092935,93.75529107993167,53.0206586934759
2004-12-27 08:14:10.678346463,1041.9769998032345,208.16400651514047,29.725684755684828,102.83029087423805,60.961582113069475
2004-12-27 08:24:08.134780230,1120.8359951689372,221.29606933354026,28.810017461789116,108.84429736101056,61.81727008017225
2004-12-27 08:32:04.343877799,1068.732704639355,236.7773864108936,30.34149255222153,118.04212751190518,68.04664737758057
2004-12-27 08:44:09.120466076,1099.9887408191948,216.53717390139568,30.306609685615403,100.47519485440459,62.45002110527414
2004-12-27 08:53:06.636616472,1050.3243527649843,217.59194550739085,29.899479233977814,96.41808372561044,54.57394650717572
2004-12-27 09:02:05.824803209,1070.0628214627968,234.07832545236755,30.087819741720686,108.25337704382714,55.02809239887204
2004-12-27 09:14:08.992026198,1110.0223494117477,235.2259985580954,30.654368501567344,106.1531179367641,62.15297038533855
2004-12-27 09:21:31.720406592,1145.2434587150744,219.73559390971417,32.015907552199664,108.21955174528638,55.03150736318237
2004-12-27 09:32:16.701700224,1005.3475872788166,236.45642775292188,30.716063068936556,105.84049032118443,64.3247943359663
2004-12-27 09:42:34.372628711,1067.0672677474265,216.53605038960794,31.50770798789672,106.00399906107648,58.21357826821751
2004-12-27 09:54:10.982177362,1116.2211348000826,243.24823647895008,31.06562190841293,108.51003278881676,61.535534177996595
2004-12-27 10:01:38.741806049,1006.0453874841402,224.25945620683467,31.88901686529871,108.65992442123073,46.82066369956979
2004-12-27 10:11:24.604973782,1043.0493590624424,225.37143664625077,32.38200792170871,101.75410202429283,53.13710892711542
2004-12-27 10:24:30.767293034,974.4947332222669,227.9893544580668,30.91992248022093,98.42939255517943,57.918477816599015
2004-12-27 10:32:42.424408125,1158.1901023307473,222.6077035668291,32.04113108268089,115.1367395771406,60.79116646483226
2004-12-27 10:42:48.500107782,1059.7018001103468,217.88048466732957,31.15119298174282,116.00468649002752,68.65682953004526
2004-12-27 10:52:32.901341497,1094.5045624012218,219.9341788677706,31.076829451941546,112.97416441225262,56.41310627543901
2004-12-27 11:02:26.364505431,1002.8311189964271,226.94197344903458,32.2166948455112,116.18103105844139,62.26696686926722
2004-12-27 11:13:12.510635063,1011.9377179507055,223.10589006814374,31.621370532331472,106.94837207718298,52.453519802261034
2004-12-27 11:22:07.268451448,1000.825348740949,223.46463345012964,31.59714243269344,104.0299604331064,55.443109117171495
2004-12-27 11:34:05.583754729,1051.8551306509905,238.16111917551845,30.17279649246946,97.98214889757581,54.36365537138384
2004-12-27 11:43:08.676620525,1080.1141806516032,211.7486948315365,31.932825375477744,114.28243011937992,60.62231704619892
2004-12-27 11:51:44.609637942,1091.9440283880567,232.89162989679622,31.049397226666585,115.69561039754537,55.81216766895551
2004-12-27 12:03:25.984239171,1097.0404156720722,238.71078208263788,30.445768636864884,106.27072141805789,59.51957344028793
2004-12-27 12:12:30.523286684,1054.0840094112862,229.12943379844023,29.690496702781648,116.0878540567403,49.81434835148537
2004-12-27 12:22:37.808823286,1045.5324298879664,220.45948893894024,30.834451677520384,102.53799942496201,61.80193048484198
2004-12-27 12:32:23.483822134,1097.4964112638752,228.4007613612294,30.92712347521541,107.24073457815902,55.704767559633986
2004-12-27 12:42:43.078204763,1118.5374891407446,225.2936975371338,31.466487121811145,105.79024647596067,60.47724585349604
2004-12-27 12:53:18.776913380,1084.139891664908,232.83627824738733,30.606341327140512,110.06490661827435,63.18921249293612
2004-12-27 13:00:47.727259328,1042.5547865698277,214.15574558304905,32.31622933022116,109.37740422909236,47.67290196492268
2004-12-27 13:14:03.756378309,1055.7357014588806,227.538854569853,31.04337960229022,114.85172986632773,66.01028075990969
2004-12-27 13:22:44.000896838,1032.6062668155137,243.0559789952614,31.565552991573416,111.84146448749706,65.05679558653355
2004-12-27 13:33:05.067522322,993.9852225907251,222.3870248071355,31.9576489222824,98.74750077500207,66.23409241268044
2004-12-27 13:41:43.323518197,1142.7551660220397,223.83905855956698,32.76925957762461,110.83537909913417,69.5854243132201
2004-12-27 13:53:53.982781871,1099.9882780086136,218.24549826418212,31.551900726012892,105.58635394585441,63.370638488723785
2004-12-27 14:02:33.028241311,1099.3869460913963,229.27019998655794,31.81692516650616,110.74126577029534,63.95359409265336
2004-12-27 14:12:57.005834104,1075.6295016973747,235.45839283104132,32.60558970630821,126.32620789951149,67.19759039248152
2004-12-27 14:23:22.899354581,1008.722893685824,215.49770056661157,33.033687022626935,121.17274279062029,64.03724969536925
2004-12-27 14:32:43.453961232,1031.2004511205164,218.29585950190724,30.689061394039395,107.57875032593518,60.81700360991251
2004-12-27 14:42:29.600808817,1130.617952332811,250.27497336531624,31.6353965708224,116.68070171227627,71.14446149760059
2004-12-27 14:51:52.294652598,1037.587067405278,221.78210042672936,33.416528774362,108.31749096012459,65.26351790391789
2004-12-27 15:03:08.995128863,1114.480526395205,227.39824733607233,31.025819678291768,115.63399059421995,57.509144584393766
2004-12-27 15:13:09.025791492,1051.9395675725825,222.69005209171678,32.3643311566945,109.42440266738907,48.89238641533704
2004-12-27 15:23:13.135619293,1045.0017509729964,232.0939644445598,32.25663917803574,115.52265515363392,58.873192178668624
2004-12-27 15:33:07.329085842,1055.5041416080737,220.2058103243023,31.76843446482718,112.9418722313675,67.36900437895142
2004-12-27 15:41:21.641274783,1124.6429951099628,236.19668411691006,32.24059998081564,121.40802618160743,60.88814799866125
2004-12-27 15:51:58.105047016,1089.0940028037917,234.38390495624301,29.93372564802766,112.49369952438825,63.89521400262023
2004-12-27 16:00:59.582535149,1069.2371586026322,222.45304087525355,29.973306297053647,121.13042025198646,69.67114972148029
2004-12-27 16:13:04.934013977,1092.1083776942955,239.85351251625102,31.51693380866369,112.95496397367408,59.78498572029805
2004-12-27 16:21:51.472140209,1063.9665921456133,240.41272328770296,31.203414221074514,118.927124032016,70.11014952065841
2004-12-27 16:32:25.659957070,1056.5122191382925,217.90112523540415,31.562838406752046,122.72062741426903,62.461736977874885
2004-12-27 16:43:37.291448711,1105.859558779571,224.75198307430142,31.398145172770846,126.66444262598897,58.324716228444096
2004-12-27 16:53:58.380366096,1106.205412260263,242.76101191406897,30.06351635504187,122.36861999197741,69.53153681346284
2004-12-27 17:02:47.100663661,970.5442896984168,254.48513723850454,31.68411023252978,117.74988331650474,70.35053596909974
2004-12-27 17:13:59.027232120,1079.3342311884035,227.45072286185598,31.53891430929979,114.83970838184867,65.66768784119982
2004-12-27 17:23:38.979848369,1050.7150691546299,228.42888244051184,30.18417726264717,124.7338421457608,66.16911063811015
2004-12-27 17:32:04.014058732,1063.6792797794672,230.5462210612425,32.24766221600084,111.00864907081605,70.30924158861983
2004-12-27 17:42:23.889144197,1023.0818587413188,251.46374195831635,31.0238358332829,115.07764746418965,74.46761922150364
2004-12-27 17:51:39.074725770,1016.9933831018483,227.56609320328985,31.210292678785258,122.60374161343181,73.20312947552621
2004-12-27 18:04:20.277534880,1090.5358734710626,220.12327555864528,31.285419495217457,119.4513487481438,67.79902613244558
2004-12-27 18:14:12.327739378,1127.6097452027836,229.71693954362277,32.24222482656391,112.0802090391234,58.516500955661705
2004-12-27 18:25:06.262995939,1121.6597742743772,232.01570862888778,31.204085108110384,122.44593401440741,73.13150136148464
2004-12-27 18:32:33.179834378,1063.4886466305375,237.50310555232682,32.40987995222945,120.67876672704638,71.5364615354207
2004-12-27 18:42:45.360076494,1107.9411033073864,229.53402849085603,30.716864798862666,124.54928692442964,70.84076960507822
2004-12-27 18:51:22.737543864,1086.000508445395,232.080488324026,31.279074124633077,120.83105573845742,67.28625779047758
2004-12-27 19:01:55.915311690,1119.0973398398817,225.08385798840243,31.90890307291967,118.5967372174468,69.32377739650322
2004-12-27 19:12:20.220597675,1024.0965584744304,233.71109615218688,32.521155649868334,121.28255707966697,66.26653451338962
2004-12-27 19:24:34.206807908,1030.8697198393274,235.72732938255135,29.926704581120205,116.20996456683204,71.2785342498883
2004-12-27 19:31:52.909430804,1046.2306957062638,217.08816986349882,31.324800279528688,119.04025142639728,67.29271035483245
2004-12-27 19:43:25.452093987,1036.9324213916052,237.07564143537024,32.669680137685866,116.91055649616892,68.66041781833563
2004-12-27 19:52:29.916614003,1104.3459965809993,218.02254294160863,32.07950628588545,107.92021356974834,71.9812815818066
2004-12-27 20:00:53.330114717,963.7848827220448,216.89453011558547,31.579929063076868,118.01374135842138,63.3899422372723
2004-12-27 20:12:31.030290309,989.2248076872348,224.23979010212074,31.47862484058647,111.18983256106804,67.58307406966377
2004-12-27 20:23:08.072356238,1010.4727569103748,243.1105200790649,33.903047987143324,108.27994683515635,66.23262134356035
2004-12-27 20:31:48.167600965,1126.3471392129718,229.19640605471136,32.07411973932697,118.51428982265811,68.68261616586854
2004-12-27 20:44:38.720419296,1037.9002990271822,227.4623054514083,31.306965249056887,114.10728922649722,63.30365581574215
2004-12-27 20:53:31.412218278,923.2984531240013,236.55442641861546,33.48156335524755,107.31381237597398,67.66862029540654
2004-12-27 21:02:43.546959221,1036.8174875890013,231.79893946185965,33.42554560350899,119.34596115998042,78.36231178707811
2004-12-27 21:14:00.537052376,999.1941810704362,228.32122348200585,31.004799486225185,107.54321980696591,74.71732909101549
2004-12-27 21:22:58.651082057,1054.055524039787,226.0715992147396,29.4876692702318,119.1696336665481,60.61189545979895
2004-12-27 21:31:49.981116496,1046.672728249871,231.33393904379815,31.412763166918758,113.65106114598325,69.25055189863517
2004-12-27 21:42:39.493353669,1051.9624164140537,233.28954892338638,30.219973865153218,110.47680218532741,63.26438152839853
2004-12-27 21:52:53.559231273,1024.9920000061393,245.94925403485576,31.9845612415236,117.70783373742012,61.276576200841816
2004-12-27 22:03:17.992961540,1097.6965053407978,244.2618759683462,30.323023528627502,114.6066853811538,55.802248464909184
2004-12-27 22:12:12.244618049,971.5575648411606,220.21316800571873,32.24867530027228,121.07477293542554,62.5601715856548
2004-12-27 22:24:00.625112344,1033.0353836233876,221.62357466905246,31.890923460601428,117.68707683050535,65.39709908924642
2004-12-27 22:32:23.052607831,1040.6444824125422,204.74585276957936,32.534664199672584,117.86881732400644,61.17717823530978
2004-12-27 22:44:00.739421450,1102.5135973294828,230.6481120487015,29.971955235506073,112.01448994390995,67.90092201982728
2004-12-27 22:53:33.435773287,964.0435103158572,222.07402312378613,33.09692251243018,115.90322158396698,72.63210583769994
2004-12-27 23:01:45.801902586,1083.4909923272212,241.05347227640505,31.815586128959225,110.60825709672284,64.46263293248498
2004-12-27 23:12:57.531250272,1035.8508160041386,214.66166963423353,29.962439105096554,107.69355629618755,70.83501036828073
2004-12-27 23:22:46.216192825,1090.1137988753462,217.4321731643387,30.79665448206189,108.43804939082068,61.237579757844905
2004-12-27 23:33:03.730294980,1072.2426842211376,225.0755482621286,31.426928455013424,103.44765920694056,63.356661332336756
2004-12-27 23:41:57.430723494,1072.3584485922743,220.70069863621126,31.77879771659705,109.56220315344862,59.35178027226233
2004-12-27 23:52:36.530388367,1095.4131366906392,232.00491528382096,31.21373935961617,115.86497052797522,64.35981249199122
2004-12-28 00:02:02.972400042,1021.4385507024238,219.9272398611869,29.761563508942803,110.80158864626182,65.38897995073506
2004-12-28 00:11:42.660084071,1156.4048069390155,233.09533079018112,29.23772630373257,108.52083675339196,62.021450582962814
2004-12-28 00:22:11.556612985,1021.1699297654255,236.33471671423445,30.476349130366607,110.49487184929602,65.84181803271986
2004-12-28 00:34:37.717923776,1043.9145381934065,260.3946321548841,28.667989655407855,111.02342311094962,56.04364129204307
2004-12-28 00:44:20.803815489,1074.875692642552,230.33823694922714,31.715455685456213,114.14621006002727,60.656063115501226
2004-12-28 00:54:04.215180962,1074.58109273151,213.2573702160153,31.25589874704942,104.38871430493752,73.29634812736582
2004-12-28 01:05:14.932074709,1083.8403349935477,216.78391581571103,32.250587494255,116.7696662784629,66.22081591758527
2004-12-28 01:14:42.911615696,1031.7662044603733,227.42314697579172,30.489413386836492,108.07519859098007,56.968025811382184
2004-12-28 01:24:48.304713663,340905501369.6308,-6629.527705059333,0.18709997733774358,-471924189382.8708,-4.781881334954629e+21
2004-12-28 01:32:28.417019105,1075.7849054739238,216.04991726377347,30.27948798262418,110.55696508739257,68.90649777772852
2004-12-28 01:41:28.217946234,983.1203582088789,216.3602757066801,31.4677820951796,117.43664725021796,63.14235159849021
2004-12-28 01:52:28.223883518,916.7179282208992,236.0158884915764,31.58197412662188,109.78487101398524,52.85432169020711
2004-12-28 02:02:25.282184763,1066.8071129707778,214.3930655044043,32.39248152458627,114.25193699760422,65.70065112851259
2004-12-28 02:11:26.374004988,991.9843437597249,216.67281049371368,30.30500281753977,114.13646869746894,59.55753886049051
2004-12-28 02:23:12.109776956,1064.3334884623016,222.42161016473668,29.729132659406442,106.67524870396961,68.60323997044014
2004-12-28 02:33:05.928280122,1073.0166395401477,239.28800884726968,30.540860566224186,101.2851321918153,49.34624255653958
2004-12-28 02:42:04.368057742,1120.8576926569533,235.04487674488027,30.08233604864208,100.30170957949102,62.323445888964784
2004-12-28 02:51:15.525110837,1005.6883808215825,245.3391170639151,29.78275180716281,107.56403715814687,59.869615060539346
2004-12-28 03:02:41.113699035,980.8398105750449,220.1948122023882,31.264199093844073,106.06599157087281,61.42857787021479
2004-12-28 03:13:33.766758646,1022.7061108019941,217.35649697280323,31.56726217845629,117.95269747597523,54.26293213590382
2004-12-28 03:22:05.543012070,1025.5923090309846,233.5469452253674,30.977499556238254,105.87143341611639,63.534113571015915
2004-12-28 03:32:50.163300781,1049.9640825345527,223.89883473350713,31.313823513202806,108.64441388630077,58.23472576072513
2004-12-28 03:44:42.217986816,1096.0100166508244,231.42997100023885,30.217354970744207,104.40970028044306,59.225197576915754
2004-12-28 03:52:54.856133537,981.3313697517708,221.07613593462415,31.076797523816868,105.86509768275336,59.85676715407791
2004-12-28 04:02:32.452800567,1055.788391049755,219.93871795177748,32.41127647876002,98.49369234281251,57.111321747732134
2004-12-28 04:11:05.023174060,1084.7128879340764,225.2845504839406,32.42794462520423,109.1658017139032,67.90898382502031
2004-12-28 04:23:00.009317697,43.33131270911592,86.49584082291408,17.461981646781307,94.49765565014086,57.36693778538852
2004-12-28 04:32:13.812969452,32.76587484629633,65.20232396780717,12.909404808294202,81.55188213765396,54.876517515008715
2004-12-28 04:41:59.355360756,22.942012413683376,45.91962880730628,9.309481053021196,70.74780556852029,52.39909607867303
2004-12-28 04:52:48.390304905,15.164923531601922,30.59347275093151,5.909147157901153,62.217762253392635,49.46987864607289
2004-12-28 05:02:48.280459384,10.37638488780595,20.64188431322909,4.201156134980899,56.978461569494364,46.8681801000301
2004-12-28 05:13:12.156533975,7.381542195350612,14.305532147513892,2.8144363404151065,52.58402987975759,44.42212819208749
2004-12-28 05:18:53.314062589,5.957535864401785,11.908822181848219,2.416569664761119,50.69207448624863,43.092451876352044
2004-12-28 05:32:25.239396143,4.101571141074446,8.09269920643519,1.5669571983420265,46.89798916550076,40.31752671119621
2004-12-28 05:43:02.591716476,3.1811700963920138,6.096326724531464,1.1883747201787689,44.509673268740755,38.373835068063215
2004-12-28 05:53:26.285166500,2.8554832410711186,5.338188258844472,1.1055119439796026,42.50556450224208,36.37977040366848
2004-12-28 06:03:28.973118037,2.4359687615095065,4.794752684481741,0.9037057872447509,40.98094787846273,34.81973914080985
2004-12-28 06:14:24.813447298,2.2266125922803766,4.404565797608404,0.9352114813583118,39.03825880193571,33.42553684759047
2004-12-28 06:24:11.048255393,1027.0182102781068,140.22937226953186,12.39493418290262,40.34658944202613,36.48882109317783
2004-12-28 06:32:56.596591979,1068.3324647814043,142.26821511444123,17.278880058940025,49.11671134632217,34.877511196565045
2004-12-28 06:43:10.577104113,1035.8049227579743,176.53286360346996,22.487414778663634,56.94131672410625,33.316438649442155
2004-12-28 06:54:01.020947857,1065.4421559605962,196.20689609382984,26.61734219256635,70.65893408150373,32.60362127926851
2004-12-28 07:00:16.401933509,1028.5500359321234,198.88389826198502,26.217777785882646,63.37960177699038,43.01933227683678
2004-12-28 07:13:18.893177031,1040.8827832760155,206.51208397843695,28.65292289843109,83.92890921629647,39.93295539821028
2004-12-28 07:22:09.248920208,1094.3681988595881,230.70354238329546,28.11264946293868,86.23712271558696,38.24777120390322
2004-12-28 07:32:52.378968338,1020.0223519558665,218.27621771810232,31.90404838820929,88.70479854026648,43.23716223948794
2004-12-28 07:43:40.936651550,1041.5940120938997,212.76131894716517,31.946053607307665,93.95726559486188,44.568187520073955
2004-12-28 07:52:12.745221952,1055.6615116853463,229.25319879604197,30.04035983441385,92.17488148094994,45.95756337573339
2004-12-28 08:02:49.785117056,1096.1288889192388,222.92574399436845,30.19791398579972,100.13943158892168,38.77637608464711
2004-12-28 08:14:04.105727474,1014.3415640537187,216.81144796634857,29.456675663021638,100.5541869360127,52.77562244293349
2004-12-28 08:23:14.240078047,1129.1557626161593,231.9640802709126,31.439488853273982,90.67714449023097,45.78289977660104
2004-12-28 08:32:41.590935278,1052.8261981780565,209.87774641522094,29.262619297707833,96.44725164691417,38.911608197879474
2004-12-28 08:43:09.909569324,993.6559174527631,219.6064872879274,32.343435172608324,93.26582553827338,51.00730875736176
2004-12-28 08:51:49.449355818,1030.6868981601874,218.94575947562973,30.90926291793985,106.27101058044349,46.40072133955652
2004-12-28 09:01:44.112568145,1014.5991472561157,226.11176735089794,32.096450958214554,92.98008165440625,51.62355749088978
2004-12-28 09:13:12.079691969,1018.458656047613,213.9590045829426,32.048473804676114,97.81601097777428,54.08241968858495
2004-12-28 09:22:26.651933249,-8.831298232901835e+16,1.7461522118502575,271603205064615.22,-6112347065153.56,349.8639117239759
2004-12-28 09:31:32.299795967,1056.286555674323,226.96780948637428,31.501446249879077,95.01101633077052,45.846268062362675
2004-12-28 09:40:46.081764213,881.2530087601646,225.15803601216274,31.265665648988616,98.48811637456906,54.25443023933227
2004-12-28 09:52:51.697526473,1057.2837716792048,223.2253158004243,31.90226252351223,103.16831593802604,55.279267222029816
2004-12-28 10:03:14.098672909,1030.3627808621115,225.96961584673738,30.199397161372296,104.4907119873248,57.02048108177707
2004-12-28 10:12:59.969443769,1080.9669305789823,211.1035248141766,30.228626204948355,98.23993831965859,56.98311274910285
2004-12-28 10:22:35.487289297,1029.5871030253988,220.7812181255439,30.976333160015788,98.84122496983258,52.64497126134328
2004-12-28 10:33:08.294219265,1036.4191604972877,224.94567156407675,32.18698446850618,106.24276192798547,54.065428655985215
2004-12-28 10:43:04.015302783,1118.1804890850717,249.8545493217454,30.48666279875484,111.97465734586156,56.0534420814499
2004-12-28 10:52:51.388618624,1033.3500685788556,227.80087996916387,33.184880079892636,110.76461891896827,56.64726682790809
2004-12-28 11:03:57.349516901,1048.716146284557,234.24576468310647,31.053863401851665,106.63774044120187,53.225727962983186
2004-12-28 11:12:44.616051892,1069.5824199174965,219.35475416124464,30.789663724966122,111.13907365928078,56.223630471996216
2004-12-28 11:23:05.214568064,1057.1013794150965,223.06357845930816,31.268054676807,100.92884677729809,55.874929579033726
2004-12-28 11:32:21.598760528,1087.3901118590732,227.57941381005588,30.51056286707506,101.34456796000532,48.11718588213789
2004-12-28 11:41:19.094697693,987.4547871695225,222.98858457869855,31.848196358090256,104.073495078508,48.92009829162247
2004-12-28 11:51:08.296289843,1035.5498898908043,239.73098821301988,31.00152034783387,102.52859821519098,57.47178163134291
2004-12-28 12:03:39.268442219,1038.6166119798986,218.1750235683266,29.74873729003896,104.35967662010654,52.62233802350676
2004-12-28 12:15:06.767456161,932.6291971174708,224.66320777310824,30.643832289061105,104.64906165905838,55.619767551637715
2004-12-28 12:23:06.868546978,1091.9334817269903,225.1670478228932,31.41867689794709,110.97385220998636,62.75374239210302
2004-12-28 12:32:46.078504655,1061.771697345812,218.77572409276047,30.53581963926577,108.1179698309474,52.186861530900956
2004-12-28 12:44:42.629619845,1028.9384212211235,224.14214638257582,32.82255556877608,100.11324020252442,57.046049677442085
2004-12-28 12:52:16.420064313,1127.2434613444989,221.14920221587658,32.54595082233117,117.83668108819836,68.93938079833603
2004-12-28 13:02:52.424973727,1133.0314379173526,229.25773559549833,32.30921658921089,109.39619585912276,52.44458231275003
2004-12-28 13:11:14.917959474,1056.0839942393275,219.44539928369252,31.318762004641417,110.01336003995851,60.96703497575404
2004-12-28 13:22:42.920755638,1041.8166047896923,228.53571268780553,31.88037980456224,119.77296474168853,74.34984071997788
2004-12-28 13:33:30.078951567,1095.181309828621,221.9428109955925,29.166642779143597,112.79104365772521,63.87074098400319
2004-12-28 13:41:00.529539825,1014.0930951715483,225.97432351272272,30.75865469351513,113.03613346890398,70.48498192400213
2004-12-28 13:53:13.089013404,1069.584175182274,229.99814382460679,30.60583188264526,108.8935517683129,59.75873029721372
2004-12-28 14:01:52.312177005,1049.6118469202108,232.57931944012847,33.00088703160564,121.07062321824105,61.48948621639359
2004-12-28 14:11:14.812038183,1044.7836394725784,233.05589937544408,31.758936450661636,112.2294382732825,63.38627488087528
2004-12-28 14:23:41.157383999,1066.9496398788142,221.6086681464547,33.493706572595826,116.80826942465086,68.39202151509818
2004-12-28 14:32:06.412738652,1073.4681986459166,233.2319646829878,31.477062522464838,114.11990340561357,54.50093730771304
2004-12-28 14:43:31.275661701,981.5207617819821,231.77685404255774,31.05121589209076,109.2223013643486,61.85912027615756
2004-12-28 14:52:51.924345174,1031.5215692837585,213.28800879203004,31.907780325979758,110.90611826329189,65.31556034581706
2004-12-28 15:04:31.099387169,1018.95938619107,229.06576296493364,31.0516739003507,113.88803662487315,64.64655788541293
2004-12-28 15:13:25.537486151,1176.9702674189964,222.52657202194916,31.597337540290578,116.21085573406536,57.97953590528302
2004-12-28 15:21:11.175162835,1105.4362233767113,220.12720695330464,31.52408378170679,114.65689901942466,58.92052374685598
2004-12-28 15:32:36.347070355,1100.5858903742826,241.30693142154618,31.61142933720467,108.74637249631385,53.31411386593101
2004-12-28 15:41:47.859872704,984.5437210378554,232.33704143946838,31.879568826809678,123.55155291393996,69.86609720828842
2004-12-28 15:52:07.298503667,1141.381088764523,226.2448914284799,32.29580594736814,123.9474940529994,65.36245085264106
2004-12-28 16:03:01.629312081,1011.747134116632,229.14608651473097,31.75410249997626,115.28309454106817,62.706755881420435
2004-12-28 16:12:28.975650118,1047.3287902431357,228.19471906705132,30.6451188919373,124.41728995583331,60.89202854121007
2004-12-28 16:21:13.922067244,999.1439483060216,229.24033061209974,32.15100021255833,113.94664329720774,71.57719484189361
2004-12-28 16:32:59.462028613,1156.9506108973733,248.44221747394073,32.89474788889788,118.323145420429,55.30920650124623
2004-12-28 16:42:36.422528276,1024.162620667287,211.75895319959542,31.971229728620735,112.34391267224032,61.95858098395369
2004-12-28 16:52:03.756263823,1092.544421740622,225.1535938497853,31.979308034765353,118.9434816274693,54.815003719789324
2004-12-28 17:01:36.193209818,986.9975487802932,219.17790451039752,33.60193174157726,119.07835717072875,66.87071509993261
2004-12-28 17:14:07.075663336,1109.5087011798075,227.08793055541048,32.20200232739697,118.06523105248995,78.7825164939329
2004-12-28 17:21:57.309708767,1111.6239758849288,245.70785542809503,31.718402817077543,113.91742789531868,66.63696841333483
2004-12-28 17:30:23.551001714,1110.1154974976455,235.33199831389263,31.24828588404606,116.90849209029184,76.1285250226222
2004-12-28 17:40:51.568488744,1072.9782226023806,230.30111409807606,31.335118657000695,124.46014131892122,62.40839932122453
2004-12-28 17:51:18.851409155,1020.5228592247685,220.91069343324318,32.09738998638366,110.24465198898194,60.987022861776985
2004-12-28 18:01:21.948665727,1089.010092933405,232.9021886190258,29.936279162535353,114.37293760489484,74.38447945667997
2004-12-28 18:11:30.809658266,999.4350210676698,235.39366810911946,30.731193886246498,123.09983310267702,70.25060247767922
2004-12-28 18:23:54.085377694,949.6993080130296,227.5585583062643,32.56262605762574,112.0152232358777,61.946029575841976
2004-12-28 18:33:40.897917610,1035.7041757327622,221.02884934967113,31.126772188095334,120.0471009820558,75.35633384239247
2004-12-28 18:44:00.540704916,1074.6809608910755,229.03408869883285,31.882663301157194,117.53139188799052,70.25458159258437
2004-12-28 18:52:10.879343054,1045.2482111472448,225.9156082357481,31.03831450383599,119.05689240747756,59.97095093032474
2004-12-28 18:59:47.879162800,1115.5345772822893,217.17780046455167,31.30684535060466,119.10463281122337,71.65741154879032
2004-12-28 19:12:45.098537387,1035.5020576639145,224.43711838251136,32.35558775658579,121.05629346484871,64.22832836261146
2004-12-28 19:22:57.544910374,1092.779426696398,224.3197990381642,33.20066880547102,122.7351817661984,62.46759017270209
2004-12-28 19:33:39.754318898,982.4113593815196,230.7430779318866,31.25339270295545,121.49408477901254,72.65204023879829
2004-12-28 19:41:40.138501582,1081.5982301272236,226.79359026986316,30.90628000164279,120.50810749870118,69.12563944080635
2004-12-28 19:53:31.910121784,946.119871298436,243.54877052552877,33.7650627471598,114.79718947721193,65.13891259680548
2004-12-28 20:02:28.004513636,1083.0637742270178,213.17809068423853,28.77576772907522,120.46936916653006,65.95401518384716
2004-12-28 20:10:43.592038156,980.7307414898005,239.03579485251984,33.375867488635,114.89449775498551,69.28101767023763
2004-12-28 20:24:18.700647050,991.7797668455581,224.34582728375207,31.036987764081765,114.66218104012734,72.44488680914105
2004-12-28 20:33:33.603503973,1076.3657963092164,234.41824918681408,30.91273482452156,112.58971561929239,65.66749872382285
2004-12-28 20:43:20.215618576,1027.93095717816,236.89749307695135,31.829795214409273,117.71535649873039,70.6642186662794
2004-12-28 20:53:40.399794024,999.5638736839892,239.0208560240199,32.999737858338165,115.76776694400556,69.66958575479991
2004-12-28 21:02:31.857296040,1081.8325914500886,235.6561872903755,31.60820748231303,122.41158381037657,71.74052374044261
2004-12-28 21:15:16.366702245,1067.0777921155652,231.1435895593679,32.86732679451647,122.6902701522703,70.090340365776
2004-12-28 21:24:14.835740222,970.1138655523077,219.5360693533131,30.598913474629665,118.98862737545231,79.15914746861465
2004-12-28 21:32:25.933635367,1062.6870017808412,225.15459107253557,30.960017634317406,113.72579667969853,63.21246862240245
2004-12-28 21:41:33.164112858,1034.2547729584583,228.96337672264917,31.451596364867264,123.25122132551665,70.67832579410846
2004-12-28 21:52:46.765607905,1018.3257399442209,239.41934873027023,30.01155520345005,121.57447608210822,74.64347875659998
2004-12-28 22:02:00.743873634,1089.2811446732462,228.4225164416154,29.03421828593662,114.68125522827822,66.99254125852873
2004-12-28 22:12:02.899823996,1002.6433023686524,213.44406527939364,31.79288192339701,111.8664834667685,73.48109879296256
2004-12-28 22:23:28.394938467,1125.7366659700779,235.56584508585968,30.86382299972779,111.46124847831433,61.692737457993445
2004-12-28 22:33:43.710389718,1081.61857116477,215.3286993358432,30.028130847554863,128.00970741377756,65.35897084817404
2004-12-28 22:41:12.653864907,1030.3402318755134,209.72421444220785,31.284308261544034,108.80018206283425,58.93721842635215
2004-12-28 22:54:15.508309936,1030.4806879732994,241.61657464572266,29.673512550020202,116.3315878875916,64.28725604651837
2004-12-28 23:03:13.704335285,1035.9665349828651,231.8855865928822,32.87327334284571,104.07597047091267,65.02906023576567
2004-12-28 23:14:40.977102665,955.2406708195442,233.3790802891259,31.6656218546804,120.81568273696942,57.590931910833035
2004-12-28 23:22:14.160282764,1079.3291148340988,232.15645661245335,29.386893945835478,120.70771985716195,64.18242324909016
2004-12-28 23:32:36.773373956,1015.6010440215027,238.99151605626773,31.174658620294178,105.56386839330466,65.93503522754938
2004-12-28 23:44:06.758698767,1020.3239996867115,213.33083354820272,30.846060705581497,112.85185175013655,60.922550737756175
2004-12-28 23:51:56.797488473,1041.7443839375514,230.71305980131513,30.343821525611563,112.11761545244528,60.556744818802414
2004-12-29 00:05:24.431971618,1038.5216507240664,238.138253391689,32.07761108406136,113.28125622708478,64.63975742779479
2004-12-29 00:12:11.463899288,1143.0236146065417,219.7637376598806,29.69412043035523,106.43451452598248,65.73710694669388
2004-12-29 00:23:45.695567823,1114.3377168975558,228.97184722980623,32.217316202590986,120.67889863705598,68.4629265122947
2004-12-29 00:31:31.610388581,1074.9089350570591,222.65821997259198,31.411092397725078,109.5896766382231,59.30616925064139
2004-12-29 00:43:05.661398685,1097.106132880334,237.32009267978606,32.91056903782994,117.5117783482163,58.116420910534195
2004-12-29 00:52:08.908296825,996.1980162882955,210.01325402882043,30.04620190875841,108.30164555858978,63.58001659198894
2004-12-29 01:01:48.011065224,997.2195817143784,223.7121403792293,30.871025970637028,108.49813960543428,62.84097879614293
2004-12-29 01:13:08.664845006,972.4929722833878,237.97385786065718,32.091764037412986,117.14634300985603,70.4567735122457
2004-12-29 01:22:37.014875368,1122.687894492148,227.342314789306,31.27883058517584,114.02798840221595,65.45555180420679
2004-12-29 01:34:00.576109353,1106.9388270234774,214.6648345141896,30.92203834714547,110.69528519309809,52.794788960805505
2004-12-29 01:44:45.126486889,1047.580103217719,227.17209677582676,31.073586235786024,117.5164390042663,63.01881661164508
2004-12-29 01:53:21.854240420,1060.0684798930051,225.8909697082445,29.886989743105165,111.025142264828,61.35866279276462
2004-12-29 02:04:04.298419848,1131.7921887492137,233.92310260307883,31.082136982528827,114.0996707138462,65.12641564963982
2004-12-29 02:13:08.621311671,1075.5496706477343,213.39962866157148,31.591410565174794,104.61274917754353,63.1977242562725
2004-12-29 02:23:13.535466335,1033.4349804160545,217.42845065858336,29.65980283229523,113.50429902898897,58.166826444898824
2004-12-29 02:32:59.550087447,988.056426441667,216.3137517326359,31.13510157049442,121.60937167956563,66.25017293051988
2004-12-29 02:43:33.902836945,1053.0232534379818,217.4004523626322,29.268273719380595,105.10730800088781,60.44517778748118
2004-12-29 02:51:29.402462007,1063.2228620706467,216.70939831151588,30.297810823526255,111.85199321193708,52.84122539570721
2004-12-29 03:04:24.364524150,957.3913127953005,216.51020006406108,29.411555241826797,105.32076641246745,58.816402951540276
2004-12-29 03:13:44.049899101,1089.357961389433,239.9665302531572,30.369873017113072,105.70609820435497,63.89517885984732
2004-12-29 03:22:49.459205418,1017.8100814561259,212.891595487554,32.10527607388152,105.51589632268545,60.5919562299404
2004-12-29 03:32:26.968218081,1084.6760045681026,225.15152085531412,31.394182437209704,109.1858702451838,60.02554991831489
2004-12-29 03:42:23.301913563,1016.07806953235,233.80262025762204,30.09291602570243,105.42018566009064,57.49412898220101
2004-12-29 03:52:55.973058976,1008.5554445641513,212.70679978186752,31.12907639937429,103.4054728059664,60.975623276021956
2004-12-29 04:05:17.838622736,1081.6110806943502,242.18048454784758,31.295962814579266,102.6770563428096,60.70949193892797
2004-12-29 04:13:51.706264484,1120.2500395444154,216.63167953290463,30.942978565030856,111.68703814958214,57.3923534066159
2004-12-29 04:22:43.421502210,1113.0559000912224,235.82417370669828,29.431661473387408,101.06547822481,54.39777211438459
2004-12-29 04:32:41.012371669,966.2635849871626,220.6001672448927,30.30976380266087,108.91788739532217,58.23502318960808
2004-12-29 04:44:10.121545616,1001.5833231406839,221.3425633723197,30.033784720617888,104.02274216030189,49.08774725765543
2004-12-29 04:51:22.884057068,1058.393527548525,223.3404141873766,29.607933513649833,104.51472129278525,52.65805811774674
2004-12-29 05:03:27.558951573,1057.1311800314265,215.75708047020106,30.72278967793965,109.77505985236525,65.53771530877889
2004-12-29 05:10:50.406968582,1000.7401206529369,200.25058532522917,29.896882510567497,103.330962030704,54.32027032158917
2004-12-29 05:21:02.824873291,1167.3234409776535,227.4724861909577,31.118026731400327,106.75475006265758,55.78683496188042
2004-12-29 05:33:17.771038801,1021.7054047576239,224.15537009636512,32.24589034230115,109.14457768605392,57.64682897072469
2004-12-29 05:43:38.993657623,1129.420524626858,201.30450105261548,32.80085591793369,111.88987475042597,54.618924433816865
2004-12-29 05:52:34.941767986,1086.949294526897,242.2915790957017,30.780415749860666,103.67394837357735,60.502071651588366
2004-12-29 06:03:35.844020047,1082.969746762003,217.5609841698332,30.48294570517267,105.98090080669499,65.35069539678611
2004-12-29 06:12:34.273917357,1099.4922322806465,226.600982506462,29.672840140092077,117.8423013925067,56.073075498137136
2004-12-29 06:23:30.431597519,962.8071565359357,218.7455609951557,30.375579968567287,100.83711971085037,59.548235533484245
2004-12-29 06:32:47.299582597,1034.5956095226368,223.13964474860092,30.67134637292858,104.03123984665108,53.90996217957858
2004-12-29 06:43:21.717102481,1088.3108043878192,246.31232483068192,32.25345488596166,96.4960803662709,62.248534106677994
2004-12-29 06:54:09.876810992,1113.653182244001,215.11912972573796,32.06260916577934,103.01563396091638,54.15612685589
2004-12-29 07:02:27.102609558,1021.7370847251757,222.45567219876287,31.180999062596904,118.92447513937485,52.5933073100202
2004-12-29 07:13:47.021549837,1140.8066464231435,225.0677136643586,30.491003435251812,104.15185671393863,61.784949517041056
2004-12-29 07:21:46.966811232,1011.3433770010013,215.1249680393098,30.26886510091147,110.08934940095767,61.03706462054416
2004-12-29 07:30:51.341992126,1001.2155698310575,240.8265960107627,31.398681417787,111.46708481096493,51.82844390555106
2004-12-29 07:42:04.764779902,1091.4225457275936,231.00934439047865,30.255600853115066,104.87856489229934,59.29678432364523
2004-12-29 07:53:23.287848119,1084.6935628408964,238.6344822812133,31.496937400160384,106.14540629783322,56.05903523345664
2004-12-29 08:01:57.827693196,1052.9744427234614,214.08170088686518,32.13579256037641,104.75216834201805,50.753234444460325
2004-12-29 08:10:24.878515090,1054.9938151266094,216.73235687755792,29.13621403993065,106.8369267644522,58.055239893074386
2004-12-29 08:22:28.270177807,1060.8792418166,209.63044093002898,31.035683651934225,104.04998607189697,61.83539797159541
2004-12-29 08:33:27.626417735,998.2416135817169,219.48099620049257,29.848290742235342,104.76838480256258,58.04719052329537
2004-12-29 08:42:00.800189931,1044.1571649381217,227.98651680064833,28.415691040675735,107.92679192439859,53.484005240732856
2004-12-29 08:52:53.893026637,1009.1032604596447,213.57746082490954,30.74757830617022,103.36382676578852,56.64951405350535
2004-12-29 09:02:12.657167626,1090.8444025967658,224.90281018660315,31.359712854814536,97.9587592209999,46.94229582383731
2004-12-29 09:12:13.303631613,1084.7852660470144,225.65172682424964,31.804129606113424,108.5557416027474,61.084779284002664
2004-12-29 09:24:13.353385230,1116.4463988550856,227.92814329509133,27.9672327421482,102.61157671663842,69.20367755237493
2004-12-29 09:32:09.488609308,992.1162257748005,223.40721813374935,29.86979040639007,107.45471872951362,56.24069626956392
2004-12-29 09:40:37.475539012,1077.0558670521943,245.90656135508922,29.652569422543177,110.48772096291323,62.734003946380675
2004-12-29 09:53:14.600129672,1126.111217889195,216.668052470391,30.81327700144828,110.75958402143088,63.72131852893035
2004-12-29 10:03:30.457296920,1126.8705979703846,224.96914345195557,29.960305906830218,105.35829371024136,63.79755870980464
2004-12-29 10:12:42.445453198,1003.448938863253,216.3448595235863,30.275766734938554,99.20401443102668,60.97414490630176
2004-12-29 10:21:19.854783208,1058.4801272109505,231.65565740363084,29.545349790814278,119.3906411657185,62.693862163307145
2004-12-29 10:33:09.115566251,1120.547180473825,233.6559242129224,30.230773042391018,118.72226979065778,61.46860127099836
2004-12-29 10:43:12.544893997,991.9425743385016,216.53427342890117,31.74313120002458,105.05234811568496,47.98896860521906
2004-12-29 10:52:26.609203136,1013.9245825711276,218.49826647214277,32.44405412063154,96.62612403926926,58.8056670475652
2004-12-29 11:02:39.459627253,1120.5259427428377,228.46959434970165,31.864443758418005,104.39600259463197,66.66310523146004
2004-12-29 11:12:32.208594015,1058.3725065323176,207.86076994623102,31.40478695489263,99.39865980892957,59.694327356064164
2004-12-29 11:22:32.680137543,1079.2078612175017,231.92904859343068,30.743470064918316,108.90795631117608,64.55908624186681
2004-12-29 11:35:16.944954830,981.9218437366508,244.89322579560266,32.44883091767882,106.57558286361535,58.44946778122323
2004-12-29 11:43:10.651490912,1011.8559666143192,225.89252190320104,32.1514380050556,109.67960070814154,58.1295505910806
2004-12-29 11:52:13.053805475,994.8703887134733,213.3886217525386,30.425643197633857,109.48241209848325,57.33063815882316
2004-12-29 12:02:19.154593054,1015.9804350925227,233.80845263802388,32.442711147746,108.77643303132461,63.21842505375332
2004-12-29 12:11:29.282883444,985.4035487783584,240.60694219299563,31.46819644917711,115.30023897756081,66.22632134357893
2004-12-29 12:22:42.705729385,45.007390540095216,90.06515288765975,18.039033299671985,98.88871718229208,59.55304153981468
2004-12-29 12:32:16.119275853,34.21037092629843,68.15107169464173,13.577715952578249,85.48321193918336,57.553564662637754
2004-12-29 12:43:10.260094686,23.44969876882531,46.66611446360476,9.342793456750154,74.06522933067649,55.020407616123165
2004-12-29 12:50:28.752268900,17.959800759097323,35.8928504692167,7.178892208025562,68.22793309550474,53.53860645223267
2004-12-29 13:04:13.765558742,11.158425845705011,22.312988006320694,4.527487792023386,60.73005433326996,50.49252866103867
2004-12-29 13:12:42.812124576,8.586108193479044,17.076990602560453,3.3247993993900726,57.47550035411244,48.60376196046456
2004-12-29 13:23:37.401196926,6.5823528261177815,12.975380948695811,2.5577215893618535,54.500721468240826,46.56531444735275
2004-12-29 13:33:54.857076893,5.388535730094244,10.730509894168378,2.058615484619725,52.071523577441866,44.81152438063342
2004-12-29 13:41:30.630104474,4.682765812496036,9.639473318040684,2.0278855613721682,50.68249951034163,43.784269875186595
2004-12-29 13:55:01.802097896,4.153180634467726,8.311488798702884,1.5151705869337508,48.535718275877045,41.58167556492624
2004-12-29 14:02:43.010869365,3.8895480221420824,8.04016003101555,1.557736065564776,47.43842698096662,40.6713580161734
2004-12-29 14:11:20.919505593,3.928473714316495,7.669152125615822,1.6659408652549714,46.18260049450074,39.568747076692084
2004-12-29 14:22:37.315560274,3.632043565867182,7.5352383891242045,1.6058817459158852,45.09375308024066,38.40845199160218
2004-12-29 14:32:12.350419657,3.7644014945311053,7.573059115196427,1.6143604746434594,44.04126210412884,37.470789731350784
2004-12-29 14:43:52.210419964,3.788218271197807,7.517167876898392,1.4987257405791048,43.035379548313436,36.404007853343636
2004-12-29 14:52:07.878913154,3.8558369404709087,7.274844581525748,1.5064978283107358,42.43681628640505,35.94307722804336
2004-12-29 15:02:21.064031258,3.6580708871478764,7.550127080918734,1.424806029033246,41.88917862625594,35.23231934160966
2004-12-29 15:12:53.834481853,3.7368750773057107,7.69057133653053,1.5559140350182765,41.101274401195106,34.330713451518434
2004-12-29 15:24:01.442821711,3.8342866020782145,7.716301473908207,1.4832332562479873,40.67612055033234,33.870761553677504
2004-12-29 15:33:31.586810684,3.7920672050099546,7.6117764418185265,1.3951608489491056,39.82403754026529,33.34509050377459
2004-12-29 15:41:53.089807428,3.9432980962762043,7.649552427837688,1.4861476187126132,39.531728402367854,32.930932395034965
2004-12-29 15:53:25.543316282,4.035864877771648,7.807334270213234,1.6081265138172833,39.155043517697464,32.44081698371193
2004-12-29 16:02:53.253949099,3.9538682687887627,7.821469854604576,1.4943128959454184,38.765701448052376,31.782919584417286
2004-12-29 16:13:50.288599208,3.8964053791821627,7.870985292233474,1.4400007242219492,38.379475907625455,31.86839305225804
2004-12-29 16:22:22.248745389,3.950287072454114,7.970543702424617,1.5703458664809353,38.03129752400499,31.31691707293677
2004-12-29 16:34:07.977409009,3.9085525565954975,7.827582145522908,1.4448517177530995,37.73680277530957,31.07798461595624
2004-12-29 16:43:11.882750139,999.1192800150254,138.52981658325055,13.540690013870327,39.13292847623468,37.48182410522302
2004-12-29 16:54:11.210790486,1037.5478937662933,165.5865854046638,19.560463096296758,56.27653005226146,37.49164467733858
2004-12-29 17:01:05.707355699,1075.6044236788691,170.17060558146596,22.935441868700202,54.13527329141001,31.56433171983953
2004-12-29 17:11:29.281855712,1062.0747149750048,186.77226323596489,26.240754394506233,74.67656587090812,24.254479164877274
2004-12-29 17:21:06.204628294,1064.2532655822204,201.8805674742171,26.63343662785856,92.08898130116779,48.698116740004885
2004-12-29 17:33:03.382784005,57.00195708237381,-3761.262914901009,-85448975820132.12,793650448.8353119,1246550.1167602665
2004-12-29 17:44:46.711587521,1080.9468987488935,238.60832465796418,30.976077953836132,96.58208406419779,49.15721386311183
2004-12-29 17:53:16.075551910,957.0066998059982,218.83968069808594,31.507713360118444,99.67487869956244,42.95365475837602
2004-12-29 18:04:16.355975976,1060.553714765402,220.65197532294115,31.37847059695188,105.20670498694543,51.12651676303225
2004-12-29 18:14:26.213333283,1046.2894992032604,224.5529852386689,30.77736574169503,103.73850599601603,48.11486221073018
2004-12-29 18:22:04.497249070,1070.1210206370556,215.10468566636376,30.583027939782397,97.79982716815327,53.35631912187123
2004-12-29 18:33:43.901841228,977.3168575824603,225.2886078770172,31.06221287729045,101.1767493093655,52.728033650620475
2004-12-29 18:42:17.634019550,1087.4563392337925,230.07418792053824,32.562357482347984,104.13151024606066,57.46142079476139
2004-12-29 18:53:45.059200626,1166.0003065731598,232.44182145908235,32.84211864484802,100.87223083607189,54.90393824297392
2004-12-29 19:02:34.978983617,1046.9627701054355,208.13973399387265,30.44227411105648,109.96116451763059,57.57800502213576
2004-12-29 19:13:29.582136067,1046.7683045759784,241.5702405246408,30.361178665731444,102.04034985240803,51.73734880124361
2004-12-29 19:23:39.235137085,1059.4540174950387,214.270005050729,32.566711448001506,115.55867610656267,69.15634950596892
2004-12-29 19:32:07.492998737,1140.5913859602058,217.83040052764937,30.574297205255707,107.97437759355728,59.79702995924299
2004-12-29 19:43:09.145194328,1124.5823599499158,238.03727163614346,30.81625399253925,109.80954776141749,62.632125476257244
2004-12-29 19:52:24.257184512,1092.141002683331,228.8448718273636,31.628928783633146,103.44086449977807,61.02885448265907
2004-12-29 20:04:59.419380983,1057.3245278053566,229.47481771919314,32.51763550348733,107.62099742585177,59.19574219703952
2004-12-29 20:13:09.991966427,1019.75111692609,238.7173522789445,30.49701323128474,107.10935410693128,60.792109578444006
2004-12-29 20:20:56.703578336,1034.5416724395634,231.72478451266537,31.30484741456567,105.83712201449516,72.02958506126706
2004-12-29 20:31:35.078405602,1023.1054117761012,215.7551159596543,31.63712014362161,105.88931693155253,56.249527877219705
2004-12-29 20:43:05.983440498,1070.665694786233,219.1248582297292,30.63873445770648,109.12347990805729,55.71953058508538
2004-12-29 20:53:32.303070636,1074.2372999142497,233.44980003383318,31.65417629670414,109.94237786062158,62.26855050401513
2004-12-29 21:02:08.898485155,1094.3581281688503,224.89489103977962,30.271025511060774,113.17535351577153,69.91192557641298
2004-12-29 21:12:23.499372717,937.701169963209,219.0695716501216,32.19598045841727,109.32236396268829,71.35315063336353
2004-12-29 21:22:56.198486407,1004.9752126148608,233.38100309995676,31.178742483560725,112.61718353876442,61.36144177659903
2004-12-29 21:32:32.520885037,1027.0553482606367,226.05059909893777,29.839807538723047,113.16143955038896,54.63447362309988
2004-12-29 21:44:26.989330710,989.0528563979195,211.07279415659866,30.006866347503315,112.34603290526285,65.65938528707312
2004-12-29 21:52:04.050082292,1115.9806809536794,228.8818638013641,33.19662934721521,109.97783929197804,67.63265440809094
2004-12-29 22:03:41.517998726,1008.7129550059245,226.8246560024121,29.57033504199609,110.3201139952026,61.789294946110786
2004-12-29 22:12:13.275723258,1055.4060558456433,215.30391836473004,31.606689100746348,116.5561257394407,69.83233398147807
2004-12-29 22:23:04.725414553,1058.4370518119795,221.20108515749652,30.6680650119852,107.68700561529053,57.12986464826336
2004-12-29 22:33:21.852333050,1063.9105320951846,213.78316839588496,31.8770116804341,108.75986891343025,68.5558095985863
2004-12-29 22:44:56.283544872,1065.9611891856337,219.4047409624512,31.44438677957786,117.96704162419282,67.42084361208802
2004-12-29 22:50:56.409218831,1093.421572717667,211.96902537035785,29.362160872117762,115.23248130494807,70.68356548047933
2004-12-29 23:02:25.558704141,1075.558229238719,231.3393378197213,30.925533642174482,108.29494928193402,66.27116933645611
2004-12-29 23:12:26.531904797,1101.4296611630666,236.52565401851513,32.73907917022715,116.39525671572451,63.206054566735375
2004-12-29 23:23:01.817106027,1106.8164966885438,235.72692876339187,29.14759015444161,116.14243148831919,67.03894616433864
2004-12-29 23:32:26.807309595,1002.65518228054,232.9906162019466,30.594784864171668,120.76207987608937,63.62215754252156
2004-12-29 23:43:39.996406482,1115.0803359969282,224.78656694997457,30.761088367693752,113.83151825776544,60.43763893154989
2004-12-29 23:53:59.879926611,1020.7350380937816,232.43057466553756,31.82144340648753,117.62909925667444,70.27192459158276
2004-12-30 00:03:51.856454490,1005.6356219514299,243.01667483973574,31.009060961967705,110.99982613744007,66.31977851986761
2004-12-30 00:14:30.065931847,1056.908071750041,229.71976534495693,31.631012594231937,116.96031381735845,61.79571125637698
2004-12-30 00:24:52.387719599,-2.519297341904089e+25,-2.1785050883886e+22,-19015829294.947563,-1189.4035779170736,357761.7204654898
2004-12-30 00:33:09.522939468,1096.2227224326307,209.25921450157344,29.501627881014265,112.74471855454564,64.08361701118682
2004-12-30 00:43:13.945011400,1096.4831017097479,235.8283288209928,31.568657583368704,112.41630341360063,66.03403922154342
2004-12-30 00:55:17.997565370,1108.2305820262416,227.1180416113433,30.662709353100635,110.37985950471617,56.797303841856525
2004-12-30 01:03:32.785109647,1006.96848028771,218.72596539560294,29.388897813488178,99.96324967498525,57.360827848299394
2004-12-30 01:11:21.132850900,1086.0636787106357,233.12381471047422,30.024861712377362,112.29392507441226,66.05476851333577
2004-12-30 01:21:57.527705302,1100.0590050050141,219.76136679754563,30.00514354683732,106.07999834611557,67.33330827929488
2004-12-30 01:34:18.163633488,1025.3222484993717,214.90351745160157,30.866900014799175,102.72641378553804,68.82660427197379
2004-12-30 01:42:06.928952872,1010.1691102037739,225.19014205469557,31.00333958598361,119.54576953179419,51.58419748668675
2004-12-30 01:53:16.048282238,1122.2845832393336,215.54023465453395,30.60717225717636,107.22689441083777,66.24599684353406
2004-12-30 02:03:49.223362580,1123.8875905411496,219.09476231985545,30.526552334826505,113.67696044847256,56.406602816695575
2004-12-30 02:13:34.380346459,1038.9635032469955,230.57591513406226,31.528440516320384,107.01072473762109,60.71725533199763
2004-12-30 02:23:19.452269856,1104.9910097810643,229.06841735626404,31.611886923766622,105.22139665426472,61.6890496648567
2004-12-30 02:33:42.439696992,1083.4653071432758,242.23723996262297,30.62911177410083,107.74521686310796,53.226234286337814
2004-12-30 02:41:29.903655582,1060.4079733943643,223.61723567257877,29.692141033303162,100.08938385894827,56.54435955972056
2004-12-30 02:53:04.737394294,991.0117134937409,209.80402472699362,33.098774824006526,106.39952395404185,61.551653695470165
2004-12-30 03:02:10.041267310,1173.3731790662514,223.71846650186367,31.542760465592185,110.84747381866639,56.532784646686764
2004-12-30 03:12:03.892322254,1050.9434907052237,217.62567234600505,29.692043058864268,109.86399461282835,53.826205889753744
2004-12-30 03:23:22.717055056,1069.3164093541238,231.22985105642454,31.389721933093984,105.61000583101989,54.757897061891526
2004-12-30 03:34:26.405107044,961.9005532911464,211.00317470350217,30.27290222152409,112.69600183924113,63.41631286720741
2004-12-30 03:44:13.745286747,1021.0396010995929,209.1443341401812,29.703547940581593,106.15602226885905,62.64492575386436
2004-12-30 03:53:02.460688628,1050.6166205014151,238.68313600985667,30.632161675728433,120.36478425831564,64.15125207899504
2004-12-30 04:01:28.881947079,1069.856779708801,224.2240773477282,29.20415461447742,106.6515301853866,49.41687493032542
2004-12-30 04:13:23.704706457,1032.9180551846173,225.93360191701575,29.024693955793015,103.7431523861673,65.25708464813567
2004-12-30 04:21:01.301408240,1056.2736161760747,219.23623268000838,32.39752883947649,110.36822776160034,70.83961967975216
2004-12-30 04:32:24.680809353,1126.3124059117927,218.15742926908038,30.211335907221248,110.16728094477278,66.62491870054745
2004-12-30 04:44:25.160980449,1015.6437953910581,221.27032555551492,30.700120023214478,101.98651827566472,51.68665793733479
2004-12-30 04:52:43.781329033,1109.4025932104757,246.75788468869746,31.125080523110242,106.82585431350338,56.42940175337655
2004-12-30 05:00:50.638125126,1067.6490021406328,246.3816684412667,31.13691677062029,103.66572664457235,68.4742616651289
2004-12-30 05:13:57.347705771,1039.7345182219908,215.3949292837602,31.918188142288248,110.20420043258642,52.415181868108945
2004-12-30 05:23:36.266221212,1064.1262318145832,223.382027216191,30.2479104484284,103.65761988460993,58.72071827697471
2004-12-30 05:34:28.506224270,989.742457571574,220.5161162853278,29.86708548680938,91.78897524196209,52.77739868760233
2004-12-30 05:42:43.485533733,1091.0290720431342,225.5747410166138,31.876290523111027,107.40279392748242,59.48455393887363
2004-12-30 05:53:00.002454670,1037.6497471459254,226.65894832030125,31.08030641708543,96.5377143516021,47.08288910470938
2004-12-30 06:05:00.509397678,1066.4469760844777,228.6663009231235,29.92028337921652,106.09702972107583,56.8506640515104
2004-12-30 06:11:59.555118849,1030.854688032444,240.2748303125308,29.623173636470636,108.42753652771597,60.07587951773134
2004-12-30 06:23:46.325606560,1047.853493622424,225.27824596650765,29.41604927093002,100.11862106982989,57.09572466525603
2004-12-30 06:31:03.702018897,960.7791756072056,213.0435118885843,30.48365663639031,110.16641957106526,64.16220658367669
2004-12-30 06:45:27.678991101,1037.8970832000728,225.8994915165045,30.37408371329409,105.4260913795397,49.54788028540502
2004-12-30 06:51:15.540121259,1075.2032689192954,218.77877784357838,29.537603400927633,103.4254864254165,61.49207751457555
2004-12-30 07:03:48.719588152,987.5117026948902,235.21216670534054,31.02903732136304,107.88883654642561,48.710380304449345
2004-12-30 07:14:22.994885671,1152.8995274454835,228.30658751341883,32.00438500168147,105.93677606676945,60.59889077296624
2004-12-30 07:24:16.173767696,983.1013229138761,220.52073171091843,31.17980933666831,101.84884469354647,50.71019328452719
2004-12-30 07:33:14.133071801,1025.5165025240012,210.6997677454799,30.574913337279227,104.65883279444681,54.14798938225012
2004-12-30 07:41:05.491923992,1095.7932015962444,240.52187143927273,30.71951524091594,104.2628462977852,62.75597375125146
2004-12-30 07:54:16.313453596,1109.1659085284734,225.34398183165837,31.23632047513906,105.97912022734238,58.8104746846335
2004-12-30 08:03:26.412605241,1081.4405356523591,225.53765642768303,30.018616348523192,100.96277443160025,63.89532979645227
2004-12-30 08:11:27.465721502,1093.4758071032434,200.93011837178545,30.925426269776732,108.08854175294621,63.99896714940142
2004-12-30 08:23:07.016547616,954.5666401290839,215.619263895522,31.91596756135168,100.88768082884847,58.54181742265511
2004-12-30 08:32:27.951918549,1060.2287340684622,220.01710444452866,31.61130039915127,106.64217873000544,56.33703461892863
2004-12-30 08:43:50.243192509,1040.366826396422,227.78844862549505,30.766652923242802,101.32720873456815,56.37594816508792
2004-12-30 08:52:25.680117446,1059.9051232841305,228.02215261093923,30.257641797976166,116.7789462373471,70.29195303466352
2004-12-30 09:01:59.023535275,1063.6342178269686,217.41064419351423,29.86949866758544,106.27855747259783,61.277755980071504
2004-12-30 09:13:29.106649328,1104.5624860535097,239.44601792435543,31.46323569881821,93.62020970504055,58.96763719024666
2004-12-30 09:22:44.974263285,1095.7762700626624,217.64131962255496,32.598241334152206,108.12310632501246,57.192083008195645
2004-12-30 09:32:34.239296368,280869647.9614674,-1366364342653.9387,-104320280309.02641,-1.02751986737202,-4040439.751661204
2004-12-30 09:43:25.861079968,969.7661687358093,231.36117186554674,30.72057814257822,108.82746825576888,60.9472971780679
2004-12-30 09:54:06.288260171,1064.9396761794321,222.7245293064861,32.48432473298256,99.56414464579078,63.77063669581434
2004-12-30 10:00:20.404181898,1022.6466323569948,215.47789397602395,31.709809587017958,114.61816437473017,51.92078618682071
2004-12-30 10:11:16.894822750,1153.4003504958143,223.41520638139224,32.03738594069459,117.15154855409872,65.43781916232493
2004-12-30 10:22:33.125776104,1050.2956935129946,240.95326034233625,29.816871422149823,111.95090264552955,58.409332362604
2004-12-30 10:32:53.392341889,1153.365307450877,236.69687667533728,31.987614393016873,107.55776482066643,45.39621459195999
2004-12-30 10:42:39.230832752,1091.7787815446134,220.71437979621507,30.787341179864534,103.23510624154297,57.321087493640135
2004-12-30 10:53:46.459795724,970.6221820348816,205.45265867035585,31.29280619623273,97.16626117137858,50.70261771680102
2004-12-30 11:02:18.400814256,1069.9491092313963,220.4868298330869,31.85567317886168,104.35982352890692,62.04939894967594
2004-12-30 11:12:27.012444974,1024.48272528935,221.92994542482307,29.83207555198909,108.4743985049647,55.643378690280315
2004-12-30 11:21:39.753151434,1117.564455757549,224.77704617970767,30.146643972629008,111.95848568457261,59.87390453871794
2004-12-30 11:33:16.741443561,1086.7061180617613,219.3023714028731,31.422569280538934,110.11064918493237,68.28913603301544
2004-12-30 11:42:45.505937674,1037.2370166852995,239.80742621669083,31.4194580758784,113.52257659199734,65.63958471421373
2004-12-30 11:52:37.322411361,983.9906701574314,228.58966485618123,30.817604284877525,108.32229299922102,58.484178345957616
2004-12-30 12:04:14.492969567,1077.8462143632405,213.28025934964364,30.13905539980653,113.41719332858248,63.94890483636465
2004-12-30 12:11:59.896681364,1093.7206885523512,224.1005667448463,29.31866412243734,116.62353972171024,59.623615426739654
2004-12-30 12:21:55.791870484,1106.4020527340135,242.89310893856901,31.83733000496772,109.15483143275002,61.27110146090161
2004-12-30 12:33:09.501112087,1041.5619781104342,217.5469809030954,31.2054715599206,106.59557685616949,59.60700408216793
2004-12-30 12:43:36.872734916,1079.5383139075298,231.14802437410353,30.93020514148845,109.76100660625566,64.13041964518558
2004-12-30 12:53:23.208430042,1060.424865603634,217.5566591206623,32.88895931705143,110.95061617030599,62.185358167644424
2004-12-30 13:01:52.335736333,1079.72638393996,241.31606214283525,31.714931661092475,111.5371079423685,53.23641786540172
2004-12-30 13:13:28.723472419,1045.0848343635625,236.87715068566573,31.28508716280772,110.91001127819915,58.180347477806514
2004-12-30 13:22:09.668248548,1002.1086833576182,216.3824484327894,31.07832955706036,113.05241501731794,58.43484036082519
2004-12-30 13:32:34.316512398,1017.1526112847871,212.51502899691076,31.452266698826225,101.29136758910602,58.07964408019929
2004-12-30 13:40:20.163435887,1075.91137262163,217.49702468333402,30.80504401770822,111.25204165849999,55.04247763360031
2004-12-30 13:54:46.265003814,1060.6212948525954,236.70943368935679,31.97671952148996,114.46579877963286,69.07200091529081
2004-12-30 14:02:24.345729477,1036.8672574285388,232.554491377759,30.39070392081694,113.99315440122317,56.098440136886055
2004-12-30 14:14:24.941674059,1099.4432447641489,229.3918367493153,30.14152956799518,111.01485872725883,50.867164796108895
2004-12-30 14:21:27.397432087,1057.1712740258213,239.86107742415402,31.03315078495157,117.36325632166516,55.63566496523163
2004-12-30 14:33:20.526142393,955.9752547498028,214.37547360035384,30.26455271672546,122.27942582575119,64.07519663233201
2004-12-30 14:42:36.655968886,1080.0590393474388,228.73265723739422,30.373781439136255,103.22060861733414,58.73937690716849
2004-12-30 14:52:40.321877624,983.5296074433002,239.36941049363344,32.858026513110836,115.50375782956213,63.41969904306658
2004-12-30 15:03:38.656335823,1094.7810271101823,231.24272001396773,31.096323034515706,119.20223363822805,66.83261104569483
2004-12-30 15:12:42.121440784,1108.1240231550405,229.1589796510932,30.75848520672548,107.4255952293137,62.454139816010354
2004-12-30 15:21:50.185783317,979.161447215092,230.55748631876548,31.382182308542426,121.26107369617698,64.05932637264661
2004-12-30 15:33:11.974321943,1076.3407736510953,216.30878905052592,30.86494260411932,116.24630478670898,73.65980712604619
2004-12-30 15:41:16.296732396,979.3904731025036,212.94763842906553,30.66120003729436,114.34736849754096,63.142820324659766
2004-12-30 15:51:41.246110440,1048.8815394516776,225.61468292487683,33.0346703668415,112.27160119882215,67.22198269421818
2004-12-30 16:03:03.590072674,1132.9879288641189,217.55721298449825,32.785347511425336,115.00437407938699,60.1801019828347
2004-12-30 16:14:57.722910816,1048.8315262430947,240.85648162328084,31.563581957893582,123.0355865697081,68.87453875125958
2004-12-30 16:24:01.730515177,1014.5520671923945,239.54317003725018,31.191875870213575,117.28887181446154,67.08313871890601
2004-12-30 16:32:40.426134912,1117.781684614917,232.2225451192849,30.073346413373955,112.64832715515608,57.072076203140675
2004-12-30 16:42:53.769846427,-23766988.083180137,735274664.751775,-13142.226847145379,1.6591775040365604e+32,-0.6839160768783737
2004-12-30 16:53:22.884172804,1106.7186440911944,228.7851726396601,30.86303905096409,116.79560089339142,60.598920983101436
2004-12-30 17:04:56.851256669,1100.1391641504704,222.94403667173816,32.176028269358724,119.41007715068189,71.15113435328165
2004-12-30 17:13:51.551160057,1070.3140624160008,224.19939515944873,30.659642886199936,119.05506147020975,73.44376109863573
2004-12-30 17:22:54.585589438,1161.218598764119,234.73806279383115,30.937534670449416,121.52776068907444,64.44902609891066
2004-12-30 17:33:01.422546895,1064.6627940765663,241.41097111950685,32.50405219324443,120.96855040842608,73.1231288955057
2004-12-30 17:43:15.392674985,1027.2915432692128,218.26853070623946,32.13665262004677,118.41005834935142,60.43875229545949
2004-12-30 17:53:16.641235180,1051.4766738185149,231.31172909020316,32.599732953117936,114.67732731935688,69.61387754553205
2004-12-30 18:02:08.013240530,1103.1139055459016,223.55416586871348,31.860669128756857,122.55619683978982,68.0928110956521
2004-12-30 18:12:15.255011803,1130.5719710715075,232.6674449703597,31.56705084934315,119.96347468247095,73.39034693545129
2004-12-30 18:22:29.951169079,-18887.719161616253,19587802250.851036,-1628.064614586955,-1.0837528231054547,38765056637803.21
2004-12-30 18:30:57.527611873,959.8732644137568,235.95817024847724,32.68593409647846,113.42287973675424,71.58748258710966
2004-12-30 18:42:31.370525376,1045.9321710297152,222.5686846848123,31.885247054846683,119.07159227463464,70.70442923360679
2004-12-30 18:52:29.774077251,1.1986622379760715e+31,-38.74177843967788,0.5276639274584481,38.73674617643539,10677116854760.691
2004-12-30 19:03:40.567906823,1128.961580657646,224.38252282910534,32.88273058679557,120.11771049687273,67.88786153094188
2004-12-30 19:12:33.845299573,996.1665217966714,216.41437539785136,30.414975062338428,115.28280885472847,61.592098956908515
2004-12-30 19:23:08.097264292,1132.337886883276,217.24011630965686,31.83886191411704,123.0449320160456,68.02516786518811
2004-12-30 19:32:12.373867182,1165.3092603503587,237.24217921110744,32.031256180673026,118.08312797242598,73.87070071837165
2004-12-30 19:44:03.636667978,975.5333078722498,231.1224812549253,32.68415647325127,122.12700995880498,59.80138328443005
2004-12-30 19:53:25.870194979,1022.6846490132939,240.16343489631672,30.959660955110948,116.70248395872093,67.63517074622251
2004-12-30 20:03:17.769164192,279689343918866.9,-0.2235337256009396,-58.46746192689355,1092571.2527625395,-131.00170573728417
2004-12-30 20:14:14.551279878,1058.6695893047572,223.44951183430325,30.078855683110874,113.05263441195945,64.8457264441559
2004-12-30 20:23:36.705234533,1052.991916395753,222.46235947898126,29.423362370783856,121.66914250052835,66.83029901281914
2004-12-30 20:32:43.823835377,1053.816556550498,216.5235249881185,32.19251030763558,115.07290855533368,66.22729531345674
2004-12-30 20:43:09.278252062,1076.1493062105098,225.82274669730265,30.196968259188356,119.85901554739327,59.32238710561135
2004-12-30 20:52:17.700299438,961.3135227449039,228.13306020249394,30.508832037656653,104.7290017121024,66.95792745929859
2004-12-30 21:03:35.705140197,1051.7052695348098,233.90686257300464,31.547564347396683,118.96976075250969,63.26528444699775
2004-12-30 21:13:16.464165407,1076.161547456937,214.14702423480463,31.277271461552363,113.07970026737452,73.38355761378887
2004-12-30 21:23:12.477534065,1173.636685735859,220.9578818268998,32.18717418517451,113.94737478459918,63.41421926799999
2004-12-30 21:33:24.741067287,1057.6260262553237,231.1942940914076,30.466780757779677,124.9003332429253,68.26383737934694
2004-12-30 21:42:51.816757557,47.14901580940016,94.32859451563218,18.953982505336985,107.07331730797931,65.53077583024884
2004-12-30 21:51:45.649797696,37.042834969936635,73.59764087693168,14.881163665461854,94.02262254643055,63.4957176731595
2004-12-30 22:01:32.209809305,26.689258156628952,53.14026964604828,10.69013737495481,82.21206028899383,60.96413933990468
2004-12-30 22:12:35.435592436,17.975175919407747,35.78485087342495,7.205533380734549,72.53038894490714,57.93351181713345
2004-12-30 22:24:33.552605302,11.524246906379238,23.393089488403994,4.728009475502522,65.61208910258885,54.9299759448079
2004-12-30 22:32:58.860721397,8.880513316059844,17.596637925077346,3.5332373914014026,62.003906399795795,52.7353741068191
2004-12-30 22:43:38.522138894,6.487607566261817,12.905955658676511,2.572848013705098,58.267929888026494,50.253516518352605
2004-12-30 22:52:47.591894639,5.304731690095644,10.430706918934296,1.9094320994479785,55.5028941836269,48.292993695196095
2004-12-30 23:03:06.088196128,4.337401453809207,8.33792852056717,1.7092859649998826,53.01593559897528,46.0865981467466
2004-12-30 23:13:38.307015378,3.5864944621603665,7.401389970580968,1.4276116811109065,50.8953771496672,44.39111085656021
2004-12-30 23:21:30.575520531,3.3435649345792613,6.55521625262874,1.2590152403208745,49.426161319496636,42.853139533733724
2004-12-30 23:32:36.771297181,2.984062467917685,6.308898487582344,1.1559436678088395,47.27854796575916,41.192089472948446
2004-12-30 23:43:47.042194302,2.770986743412169,5.922716518444709,1.1214289619847282,45.73580090623694,39.386091153235824
2004-12-30 23:53:35.381276895,2.7190692892825266,5.470257870310824,1.2366313953332886,44.331647946207646,38.11799223399603
2004-12-31 00:04:33.221712743,2.7817635650702273,5.152153871629321,1.0128210794256345,42.71398145919208,36.590533162409386
2004-12-31 00:12:52.037066502,2.4019679198880075,5.115559144390549,1.2307591122549604,41.775635095646265,35.773256338031146
2004-12-31 00:23:25.235668581,2.588440608318555,4.969368663148564,1.1544413102967641,40.554110003794456,34.3995908953234
2004-12-31 00:33:33.739070607,2.340795567619906,4.955362982199872,1.0331532172390154,39.232029323251254,33.161216343819355
2004-12-31 00:42:53.129369801,2.408526061206234,4.758331373039186,0.9640873885035899,38.50596016309482,32.326775443451524
2004-12-31 00:53:57.009340874,2.337358828718556,4.722473585273084,0.8668821336660602,37.29676894050301,31.36755844613134
2004-12-31 01:03:02.385470982,2.2345488027779914,4.427357381450765,1.0672725959910345,36.41878227062095,30.601162698340314
2004-12-31 01:12:48.451424199,2.245039478103851,4.382386470094826,0.7752304633001423,35.54367812512137,29.587092739487797
2004-12-31 01:21:29.650327288,1.9085906856766983,4.41104057583595,0.897517465122071,34.88960722295026,28.939405911358545
2004-12-31 01:32:24.846749011,2.0870292180719137,4.343409277713215,0.7000811808687506,34.02872814780252,28.288692963813144
2004-12-31 01:42:52.445640162,2.1404834093143905,4.042202211747181,1.0608050692194042,33.271430745072436,27.437340894291154
2004-12-31 01:52:19.700801233,1.761578049721518,4.122956916667663,0.8243226023712551,32.593033914894605,26.8814020198353
2004-12-31 02:01:56.116822060,1.9921455186768657,3.9478432018437997,0.5588002957290329,32.19549536140942,26.08412408174368
2004-12-31 02:13:58.045011364,-5.065749636098841,1834828594.2396877,0.5736192712419687,132664242.08003628,0.5207798341444088
2004-12-31 02:21:05.986936253,1.8032270076206882,3.803262849451832,0.644223434052887,30.840459964658905,24.99301083296688
2004-12-31 02:32:15.332410671,1.6973146865821787,3.6314081383556744,0.614010427908405,30.293185346207192,24.419966454708362
2004-12-31 02:41:09.870267255,1.847375045232759,3.564925490490586,0.7894200060641908,29.65301314413935,24.09373909209133
2004-12-31 02:52:43.395622250,1.8824020320085246,3.49688880977863,0.827572418366209,28.908120476967863,23.27320907217861
2004-12-31 03:03:55.866789427,1.8129872580771704,3.2935089855974313,0.5446978000805778,28.517116542474348,22.793869416087556
2004-12-31 03:11:48.873780097,1.6961087544698463,3.3383109372248616,0.768243869529522,28.33298762999004,22.50294221743786
2004-12-31 03:23:18.022229827,1.56359895439202,3.082401395216735,0.6823309962768469,27.870374168829226,21.99102582076147
2004-12-31 03:34:46.759036408,1.459456525615644,3.3864913301632473,0.7590042712850265,27.300506197926783,21.64643982947064
2004-12-31 03:43:19.410553067,1.5242600133687265,3.153975396758762,0.5240521689698527,26.871880904820188,21.3882880152051
2004-12-31 03:52:20.386770452,1.395758961574091,3.1297094275077884,0.6941684489274187,26.71291365835992,20.84458234741296
2004-12-31 04:02:46.622310588,1.5413935160405143,2.9085511671412783,0.5931764981579096,26.21241340072849,20.414681929756124
2004-12-31 04:15:04.165406550,1.6266081002243824,3.0532258012273834,0.6309515668861443,25.734044435515923,20.203668503287485
2004-12-31 04:21:48.413907327,1.448008828558887,2.8981898200270106,0.6920846877975799,25.697695344032333,20.174762840581227
2004-12-31 04:33:03.105395296,1.3291942151552356,2.689630220698066,0.4820956672646579,25.133026438419154,19.504353099218232
2004-12-31 04:43:24.124175442,1.4676974824247908,3.0544509060872853,0.5807025269232176,24.8040081561316,19.141101822324575
2004-12-31 04:53:49.872248061,1.3638879882867931,2.646499360322094,0.6714165956571864,24.71203455873376,19.14387052844084
2004-12-31 05:02:37.195365273,1.2515604598663013,2.6791747532959143,0.3022440877328081,24.463203594444852,18.746617283496853
2004-12-31 05:13:29.343414387,1.4833074262234822,2.939432782154312,0.6309602036133738,24.25678100916484,18.646025517821514
2004-12-31 05:22:01.518920113,1.4449881664756479,2.8746420916291218,0.4462754771205179,24.135002014185897,18.52850622433281
2004-12-31 05:33:00.685466314,1.2986927029314652,2.652135148951003,0.49517139844219116,23.740590906169714,18.109698160421722
2004-12-31 05:42:16.826884955,1041.192167880295,131.27540690045817,12.448457309033326,34.560238091025795,25.702063183157225
2004-12-31 05:52:07.369006758,1041.4306876145497,131.14954636969702,16.86595784832195,36.81273548529151,24.857876658386914
2004-12-31 06:01:53.870559013,1059.663131927414,186.71602369451395,21.705930503912366,37.07999590608693,23.439509226207154
2004-12-31 06:11:37.664144825,1019.8393123414908,190.89543595055562,24.53670119656763,52.5693005029169,27.670464801841167
2004-12-31 06:21:49.691253413,1045.68245262233,221.56141527661072,25.60997502385583,60.04874265922446,28.308423595668483
2004-12-31 06:32:18.975974963,958.564199747746,206.05131606853428,28.895088233621863,72.05958127180642,32.834849783342555
2004-12-31 06:43:25.876536818,40.03082564136763,79.60708628071207,15.997626366506626,65.0215482351745,31.371570065740844
2004-12-31 06:52:36.341542077,30.757666401791322,61.193907841842886,12.290990086111153,55.84006348925872,30.95403734377176
2004-12-31 07:04:14.044899766,20.07800629788454,40.41451007099841,8.047560801582067,46.345391940962635,30.131445737290523
2004-12-31 07:13:43.556914443,13.887034676333508,28.016378111671,5.465301246931506,41.158784811573895,29.03900104033912
2004-12-31 07:21:29.503787428,10.164852019274615,20.40282629358133,4.086214783037534,38.10426478297077,28.34515175607448
2004-12-31 07:33:19.318320510,6.3190222434673355,12.958700117681,2.65076299994405,35.34581551751444,27.31936396840821
2004-12-31 07:42:26.790046785,4.813544182243776,9.523997817135886,1.9660477904849325,33.60763058240908,26.640940277631472
2004-12-31 07:52:56.321555699,3.4307463198261985,6.697746674726367,1.2541227235366108,32.345890992068185,25.636895102997677
2004-12-31 08:04:24.589433138,2.4566784787576417,5.079970459179146,1.0037747247289568,31.12493785110107,25.00496622428857
2004-12-31 08:12:02.601315426,2.2549745017130465,4.580019559000993,0.914162167076758,30.487243148224866,24.414157251456846
2004-12-31 08:21:29.015254851,1.941236621405326,4.148922564240906,0.7873442184003234,29.845957434586932,23.874466060551445
2004-12-31 08:33:43.641886446,1.692316281705561,3.6557791031030273,0.8252069453743378,29.049088042246467,23.569494751353556
2004-12-31 08:42:09.123364741,1.7122163766255019,3.529082357232967,0.6060737903543777,28.78991129626391,23.095234449474976
2004-12-31 08:52:00.481495998,964.2946315108172,96.08502138168559,12.82220513927332,25.600844149735924,28.115410840396557
2004-12-31 09:02:47.662460953,1078.411005646008,172.14633491025947,17.47414978392209,45.90829223965614,26.408971637024155
2004-12-31 09:13:43.962526348,977.9053615247725,167.18786529828574,21.280758391493656,56.438761594946925,27.23048509365485
2004-12-31 09:22:19.495277222,1007.8284569057085,200.98658369295694,25.60479809079708,58.320044562320625,40.61346304816572
2004-12-31 09:33:28.477765627,985.4154283212525,218.03400368933174,27.635080740776978,68.69163502894921,35.772934078675206
2004-12-31 09:40:26.970183268,1040.242742524016,224.24534104558293,27.768112941603675,69.44251797491575,27.930297896175553
2004-12-31 09:52:20.237794270,1063.6988493105437,218.52563155739742,29.60899245878428,77.21836760974308,36.907633326310574
2004-12-31 10:01:21.769065887,1036.8011321015329,217.17950345816507,29.40425166796506,84.22049640481748,41.96441041102297
2004-12-31 10:14:10.173723362,997.2034351261356,218.2136535199117,29.73918629080235,86.49939357652907,46.01653248951656
2004-12-31 10:22:49.924305287,1085.1744013644688,228.7065265869876,31.908977125379277,93.50057638714517,45.42135848951757
2004-12-31 10:33:15.100743434,970.3903950947638,209.6720146551197,29.529482289928126,88.6138703791369,41.53048116357634
2004-12-31 10:41:06.086025878,1046.6200938647198,222.81396147476522,31.44320856106308,87.5462981057959,44.56881254210532
2004-12-31 10:52:23.927905752,1083.9968431469024,228.42118037216102,29.685213684902262,91.27058048847921,47.163611136318444
2004-12-31 11:03:05.727682802,1170.1794324675088,217.6577071098184,30.81765739848767,91.06092421126621,55.65321925815124
2004-12-31 11:13:52.057512283,1073.1142023627453,231.61262276361666,30.10969210619052,95.67232266222834,43.38452270335349
2004-12-31 11:22:55.673183658,1134.12489313425,230.46232958922533,30.00360921824431,87.96871421186017,47.75589111879231
2004-12-31 11:32:40.436762400,1137.4297288255189,228.24186092677834,30.724059455564035,93.35566180620563,45.40127588348004
2004-12-31 11:41:54.870976113,1001.3770936410223,238.96723143147491,31.40347858414675,105.25534908397161,63.89954016239738
2004-12-31 11:50:42.570849866,1012.4283577125211,238.76303415406062,30.66119673722394,97.95777287028923,47.637685115159414
2004-12-31 12:01:02.068602233,1071.234412534763,215.85343430648234,30.591271565694008,99.07583853158225,52.811220473868595
2004-12-31 12:11:20.058669011,1008.1443075870553,219.97246975264653,31.680884822835,110.434586866306,56.56388875351875
2004-12-31 12:23:04.287468224,1017.0854307341576,228.0048971850768,32.17025691025662,102.26136492758523,63.0272729224411
2004-12-31 12:33:07.313256017,1043.7309365409865,216.97949381483983,30.74011487728508,100.2063314552887,42.69542201055441
2004-12-31 12:41:24.118512386,1011.4095329286182,237.16008706829894,32.13841201519259,103.16540658099795,61.51610818793918
2004-12-31 12:53:38.259878110,1127.0737912851594,215.00718081105214,31.16810500141929,107.68394399662931,55.44937528960962
2004-12-31 13:04:01.531264374,1025.3352215581046,231.0410354121641,32.889728106609724,105.13273181321092,53.40961332361001
2004-12-31 13:13:14.318499666,1077.2739918515895,235.6187163151396,31.39366942072257,104.62863671481625,57.5006476431838
2004-12-31 13:21:56.770963051,1061.4958075321817,214.28670051258914,30.91182381294902,105.7715905983113,55.01472511743052
2004-12-31 13:34:14.094439551,1017.2749446441652,215.26037625193632,30.590098182041263,98.04228367515452,55.32057248061351
2004-12-31 13:43:55.006237979,1187.1926152752744,224.65076654122188,31.15896500657904,112.40584792432783,67.09863169968013
2004-12-31 13:53:17.071325587,1069.527748035908,236.2917888593831,29.530498313178807,103.46233910524104,56.04150056779395
2004-12-31 14:01:07.078017078,1074.5853142640444,235.6673850926533,31.439459970236797,109.10998775961419,61.23442274927363
2004-12-31 14:13:01.559227866,1004.8476202570852,227.89390098115376,31.149773678024935,101.40175213762548,48.5773699220365
2004-12-31 14:22:14.670670660,1101.983602614644,230.22565158708537,31.259804869815312,111.3696526374557,47.80288522531444
2004-12-31 14:31:48.028341379,1043.2144692065542,217.65706293222223,31.62047371864799,104.31907659766178,60.50464139215176
2004-12-31 14:42:53.607206808,1020.3905614634656,226.457978712038,32.23377096532697,104.67223738507364,60.56692981328708
2004-12-31 14:52:44.807014734,1015.6340906994561,199.97963497055616,31.262432291110905,116.6637429926498,62.800920048643576
2004-12-31 15:03:18.073205117,1060.9401871038824,225.1159782268999,29.64025171349516,110.36752992138659,67.59034532396073
2004-12-31 15:12:25.822456785,1049.601107967709,241.33406028204212,31.505137369102478,111.00266943644601,62.112649996966134
2004-12-31 15:21:55.591792321,1111.6947505737503,215.96353929281122,34.02749859289404,111.11200753054293,61.24627429085253
2004-12-31 15:34:39.558589199,1103.8679946885613,220.10980832004063,28.42640747362685,121.47603474706301,64.7311569518681
2004-12-31 15:42:57.051116055,1066.660687708423,211.79142539671574,30.92961161758968,107.38605099883911,70.23052054911577
2004-12-31 15:51:45.984596341,1113.834625902204,243.5918920893687,31.995486760619443,111.82031343004327,60.51583742790614
2004-12-31 16:03:59.459070248,1149.313835446614,221.3212966217155,30.828862319856146,112.13099011119479,65.85478410844705
2004-12-31 16:12:40.299141444,1039.9008672385776,242.64650451603615,30.599149249092672,120.7656184363071,64.12141868935986
2004-12-31 16:22:08.761884776,1168.318290472795,243.28502857613014,31.764065673472132,112.11160653943095,65.3359823309165
2004-12-31 16:32:46.309669665,1050.0793149986443,224.95176219341624,31.31880555723137,114.93709115963917,68.50309393264293
2004-12-31 16:43:35.456151674,1117.489239772987,231.63700430526123,33.016552618631344,116.06073492822586,66.48849360745281
2004-12-31 16:54:25.568931068,1036.3688960186869,224.387860903366,30.566144233498957,116.84786584789742,71.27450628149538
2004-12-31 17:01:26.885271146,981.4696942432512,215.3965960274739,31.900226525528293,111.66263508789064,63.95967386901099
2004-12-31 17:13:03.212497985,1020.607660705045,220.08403358277943,31.118902285463285,118.10167209148157,58.311413217408294
2004-12-31 17:24:12.849730999,1017.4455542681687,230.158532538163,31.99134392238008,113.17879834403914,67.36707392157614
2004-12-31 17:32:50.221321927,1132.4209192083,232.4365099168485,30.48440422865881,122.52352796034842,66.6694879800658
2004-12-31 17:44:14.090020241,1071.8219346458372,231.2893501542459,33.584705382277114,120.47290733081412,70.66658396018649
2004-12-31 17:53:32.733965274,1035.8245618368944,232.18192740234792,32.11951839437315,106.36604078386364,65.86365043191186
2004-12-31 18:01:40.597051108,1093.4467886396585,230.70869956449204,30.07377262520698,116.51840742842799,70.4224949391947
2004-12-31 18:13:48.378235668,994.2651225549243,221.61629854076193,30.246077781508408,109.63069493275869,62.8515332026672
2004-12-31 18:20:42.469940535,1088.2295216903233,209.12079545913906,34.70418569751375,107.14163406728116,63.526828229643506
2004-12-31 18:32:53.328711276,1100.3722919861455,246.66808987682248,31.780999022649993,118.28530980227671,66.36626616429574
2004-12-31 18:42:36.229619219,1081.4324336223715,240.68566307036772,31.004799787205858,121.34556647925258,65.84385106311687
2004-12-31 18:52:02.192111465,1039.6441909901432,238.64243629985708,30.925440882890022,112.13048603044409,63.70989012260807
2004-12-31 19:04:18.854129589,977.5709624230915,222.86901345273276,32.53971763173003,115.71589469597032,72.07675561837038
2004-12-31 19:15:00.239691196,1184.7073966567068,234.5142462905171,31.837624976230305,110.16275130710468,59.810570424610894
2004-12-31 19:22:27.013400482,1011.1602560542498,207.6246253272402,30.46140449334207,115.46073044472908,70.54261202185035
2004-12-31 19:33:45.538706488,1053.4992252915677,233.0075744946603,30.387837424738073,111.25828414487083,66.85909019940607
2004-12-31 19:41:47.644824479,1023.5633075282873,226.45323880395702,31.308879536290465,113.13840734181917,66.66343337026889
2004-12-31 19:54:31.255929667,1070.5100176784565,228.47851778402543,31.724530927509484,117.48622971746994,72.73938176953656
2004-12-31 20:01:50.792518976,1044.7573990708304,229.4926501539173,31.41623286914053,111.40192575874855,56.385500075257305
2004-12-31 20:12:23.830937677,1073.7576050699063,234.9914116258618,32.32263317045648,117.46961689471523,65.15372939410085
2004-12-31 20:22:59.360392295,1037.171864010044,227.48579262026922,33.363427729806325,103.73128159735904,66.94932592342714
2004-12-31 20:33:44.999540213,1009.9136866506446,248.71062234928266,31.81924519351438,110.72922047859585,65.95773601027011
2004-12-31 20:43:03.998796536,1105.5093869297652,236.94958422739154,30.943643553132915,113.74851444160866,71.99610786959813
2004-12-31 20:54:15.650681314,1108.2452443091388,226.51142784674195,30.21109537527049,110.55723181174095,62.83846807481492
2004-12-31 21:03:22.992682724,1037.7166546096178,240.0716285766427,29.375466456773616,107.74244071847707,65.79558970890324
2004-12-31 21:12:54.902576043,1085.0784274490595,233.7961929067412,31.60157301414132,114.25722891596703,53.77769696992294
2004-12-31 21:23:27.822581248,1010.6317581707194,205.54201772846798,30.91897513896801,119.23773388594037,60.181053317643446
2004-12-31 21:32:22.700318997,1030.1404866903122,237.58795222216872,32.34299805245005,118.3911144802621,65.26436624831113
2004-12-31 21:42:49.832469537,990.4317357081298,232.45590790779204,30.8316110363079,120.35690736288271,62.54341423750587
2004-12-31 21:53:23.175703460,1052.3958125678985,222.39429452299072,32.93537300611413,117.6024370949756,64.41116570915796
2004-12-31 22:02:05.817705246,968.8467644592884,211.94943011851592,29.856231018736025,115.47090297089174,65.75877677236318
2004-12-31 22:11:57.709004542,1070.0989548798289,227.5805720698902,30.904458030305005,121.08462330231012,67.3542562743589
2004-12-31 22:22:30.955459215,1034.0472362905778,238.90644894412654,32.2650208612755,120.94722599510922,67.35742146308256
2004-12-31 22:32:05.377252601,961.2983273899993,231.50846473573807,31.46464981676221,106.38198597746258,57.693242525562056
2004-12-31 22:43:39.077555005,1061.7673997762242,233.79592925211244,31.76828337155466,119.17020909600615,67.51011380996233
2004-12-31 22:53:10.090406074,1040.8619826113845,217.66126192847452,31.45993576893629,107.88139444612476,60.81127589289931
2004-12-31 23:02:19.987313342,1144.1883353407818,232.0007477164232,29.898378037226387,111.89275760360384,64.70525221020701
2004-12-31 23:12:17.520314832,1089.9678970391774,225.52154157014817,30.240889586564343,116.24046717468623,61.66060940899729
2004-12-31 23:21:32.397882258,1018.3197323197418,238.74405551710953,30.73569807007069,118.41556629549638,69.22785593921918
2004-12-31 23:33:54.996403008,903.7086352182533,235.60338919994985,30.074590876972543,99.86123188581628,63.42793637756958
2004-12-31 23:42:42.903041213,46.70526524696368,93.47138708162632,18.746359024261853,104.19716267723078,63.07966660035284
2004-12-31 23:53:27.279787530,34.61794098341436,68.90752020825656,13.906644677665234,88.90403042872705,60.6001394002349
2005-01-01 00:02:04.924919264,25.43813403474722,50.914755256650814,10.333831041120135,78.39126944173832,58.072711817488106
2005-01-01 00:12:15.050610347,17.406857824470833,34.68867157618365,6.943961190956849,69.60906056748513,55.23919568468117
2005-01-01 00:21:47.975948943,11.939001269763835,24.086019089034334,4.727092173248998,63.613876100207904,52.610526846832634
2005-01-01 00:32:38.321444562,7.965941276993048,16.040340277834478,3.1208463223032337,58.59304725230468,50.02847495437958
2005-01-01 00:41:47.638884549,5.7970681199894765,11.561903092993983,2.219826813381129,55.48251979874786,47.82347992311252
2005-01-01 00:51:55.650903967,4.157003835149901,8.648559973955027,1.6727572052787385,52.25773108438865,45.492319813935346
2005-01-01 01:02:14.583913681,3.3797065421850663,6.441306338366363,1.5440423877609772,49.72383551539364,43.35382173499975
2005-01-01 01:13:47.551396976,2.562103056746401,5.184250221067338,0.9225271696984031,47.33040600482627,41.16062745320932
2005-01-01 01:22:24.837658677,2.0412975763825223,4.425622109653219,0.8198177915882373,45.46241560843783,39.524803448772154
2005-01-01 01:33:09.276262771,1.9687964230049908,3.960503865826988,0.69695374777821,43.75592812325113,37.90315487143271
2005-01-01 01:41:53.597681944,1.9361468696836903,3.577857011514768,0.5974989823499264,42.25887693118206,36.52337435630856
2005-01-01 01:52:47.291329881,1.5968727239373695,3.305337433549021,0.6534545191690792,40.8514871973791,34.94368972686247
2005-01-01 02:03:34.465517751,1.704727640336327,3.0254386593137976,0.5768169315162952,39.26839633405388,33.361088744255454
2005-01-01 02:12:11.592230860,1.5503927502231787,2.8875813666370784,0.6454640618937483,37.967903744461346,32.333798333821015
2005-01-01 02:23:32.525682786,1.432737671122541,2.9191127529405914,0.7338459352184902,36.86494514780069,31.23362277172264
2005-01-01 02:35:08.894788388,1.3642916762369022,2.633277197922231,0.5251944695914842,35.450209935990166,29.98601185781137
2005-01-01 02:43:32.891904061,1.35972080623123,2.6907653141207972,0.5897382429249756,34.34515221228875,28.830075303912942
2005-01-01 02:52:10.898612721,1.2480196599441336,2.678910246711313,0.5418671979255201,33.93785445647825,28.2059645031209
2005-01-01 03:02:01.816867902,1.1625871895875,2.4719242030550785,0.5211294951586508,32.82854548737317,27.362183114038878
2005-01-01 03:12:53.933421588,1.1974570795231756,2.5227155504173084,0.3734297871285394,31.768714167218945,26.498061416692565
2005-01-01 03:23:47.935119832,1.1084070405341326,2.351157814562231,0.8183608797223629,31.054638904742735,25.684997943016835
2005-01-01 03:31:54.835963764,1.1112789987860339,2.1861903648901926,0.47449230960413263,30.61909348350565,24.97506500311376
2005-01-01 03:41:55.183889946,1.1160462660225867,2.308801893201366,0.3932113011421561,29.932461630097542,24.599578866313106
2005-01-01 03:53:40.823647752,1.0432999661147249,2.322778653013665,0.3444374837623639,28.95892961418806,23.72238271313401
2005-01-01 04:02:33.010070140,1.2082902625135254,2.3470563951437318,0.4594887685276797,28.744580569964775,23.30294521597486
2005-01-01 04:11:40.840382339,1.0922817680349097,2.1650287157509167,0.4837065829723032,27.998681931956018,22.474660930609875
2005-01-01 04:22:55.593196293,0.9533836857281042,2.060980586971039,0.536247750906615,27.37895201485341,22.223420476784916
2005-01-01 04:31:16.237159199,1.0792353845720422,2.096313815647624,0.6475461897083128,26.846812034442433,21.633479387873834
2005-01-01 04:42:43.549604326,1099.2118093724478,118.64202089586973,14.428262618858549,32.0709050819977,23.024301836668986
2005-01-01 04:52:02.057671560,1050.748286391767,150.87912076241017,17.52799736950502,44.3659147787378,25.57653779157024
2005-01-01 05:00:53.934178728,1023.5397778360181,173.7641849351157,22.520570141980546,56.454428730257874,30.78481373880213
2005-01-01 05:10:38.801643768,1065.6382250281706,191.75412149424534,24.264887677525728,60.773390710683614,29.079360618372306
2005-01-01 05:22:45.827870077,993.6117966617786,215.48186881496778,27.496645250624052,66.39418049858955,19.128605295100726
2005-01-01 05:33:14.202849609,1048.2268804994585,198.27655770639208,26.663241816339465,76.55541593646736,29.712630409376327
2005-01-01 05:42:28.510335971,1003.5727001620203,223.58385424643254,29.010906527029086,76.11507981957995,41.06063764875446
2005-01-01 05:52:24.410099648,1110.969337470224,198.80204320885656,29.34267887104352,84.408913759564,35.45301439654518
2005-01-01 06:03:14.266113809,1003.0018323880215,200.22480339524856,27.631229110896086,79.52683372128747,37.19183002603916
2005-01-01 06:13:16.052534443,1091.623303024564,214.07624194066457,30.8672670275568,83.62004414769021,45.68528558359123
2005-01-01 06:23:12.943056628,1054.0708531293171,219.1180544741136,31.254093033471378,73.29226232400553,37.263911322177755
2005-01-01 06:31:02.976112693,1075.208799050385,216.4171196214008,31.198581133344586,92.41664923541583,51.75227752267131
2005-01-01 06:43:07.652642986,1041.3243141904265,215.92705793193838,29.88665005635797,93.72349916748558,46.341278711169146
2005-01-01 06:53:23.909341078,1081.9875292085096,226.07103541411982,32.358991156850145,84.68031510560085,43.68187507488041
2005-01-01 07:02:40.811533480,4321.012486942563,0.7368026911376729,115623.27602703219,3.886572967963183e+43,-18594224601699.23
2005-01-01 07:12:54.100147274,1023.4202791788167,222.49033094495056,29.152895163464844,92.08109759410723,41.67574878367182
2005-01-01 07:24:23.405676097,1039.6077188647394,219.1225529067646,29.46986906727111,93.15735535396263,47.304162067772225
2005-01-01 07:31:54.874351168,1042.9408350066615,216.8061738279192,30.020398596339582,91.30887667228552,51.94009511423224
2005-01-01 07:42:04.993743466,1104.0242182158445,217.775979692161,29.907246502824695,94.0055597934971,39.98087590999842
2005-01-01 07:52:18.959281687,1086.5465867699559,230.0171327894052,29.133043691007614,99.58808893246878,46.88312478138631
2005-01-01 08:02:01.353297235,1097.7038072262167,232.08062847537724,32.02599111443953,97.80915394769069,47.89310241466644
2005-01-01 08:12:46.139992338,1009.8090492613409,206.853304881187,30.87527827057025,91.48468343046082,48.931220402312185
2005-01-01 08:23:48.148332960,1158.9063712556767,222.85293789537815,31.106840393541642,93.98343376365732,52.99364409961014
2005-01-01 08:33:29.299843292,1085.2366056660615,214.9644888987143,29.279721523781323,90.0633350674228,53.61539345499115
2005-01-01 08:44:19.656775360,1054.932772147507,222.4563761960443,31.591736938727664,104.92128363226168,50.77924190373355
2005-01-01 08:54:04.526172452,996.8339405656087,225.02796647601426,31.478197471482705,106.4400893222082,45.56885786727773
2005-01-01 09:01:13.246509041,1018.2996636583821,213.16156248630872,29.692656509088156,93.67879357558496,55.686174303912765
2005-01-01 09:14:36.062662262,1028.0910582314002,208.24025897389242,32.063711566192836,111.33530839424532,73.58809806711017
2005-01-01 09:22:58.883710417,1021.8097019782115,214.31584516688665,29.468928393773854,91.97491479409148,54.81771647734231
2005-01-01 09:33:25.765967156,1058.0257619785987,212.25871571059534,30.11169992131477,100.95821468095836,58.94696457380446
2005-01-01 09:42:11.996486225,1093.2663313067667,228.70856949128944,31.697190111892123,107.31272792855353,53.916994614764235
2005-01-01 09:54:37.370565710,1063.768215910833,221.90561014870846,29.86332416842087,106.92785686740245,53.94772726689402
2005-01-01 10:04:37.444928337,1070.9360252650129,219.43898756427348,31.92074238201946,105.20696177672185,55.762271447881695
2005-01-01 10:13:01.596332394,1087.0876183602672,217.15183584948352,30.162038179974854,100.87773345604478,44.25326405291137
2005-01-01 10:23:19.981023480,-28.71085022110482,-6.175907980729983e+29,18460826.818850808,46941.03410065881,-138714041204.5931
2005-01-01 10:31:53.629340675,1019.773293113487,218.73494117972044,30.459197645161854,98.4023866476587,49.213952717593216
2005-01-01 10:41:11.521122211,1072.986324791799,228.94611740952485,33.07921296481417,98.4952811509411,52.27929431435867
2005-01-01 10:53:05.518875002,1121.21382362473,234.55098697659884,31.038065369499176,99.11641485584182,50.03432367368427
2005-01-01 11:01:28.651514480,1126.6329793402797,250.67593773368574,28.927029531107852,108.17794300413087,62.77179760301262
2005-01-01 11:12:01.252256456,1068.8791756131952,248.26310809288836,30.833613482798828,110.52203760866374,62.041289694424044
2005-01-01 11:24:28.934564392,1089.4631149555332,221.2189313605085,31.01644658716847,104.72023512089892,61.523258870735894
2005-01-01 11:33:01.950170574,1055.4816405194865,223.43742769083082,30.380053429485972,104.70801079929302,49.140034246419255
2005-01-01 11:42:08.579855658,1065.0346007295204,235.6881888196269,30.26295872661402,106.89622981928106,60.760982883661136
2005-01-01 11:53:59.601536845,1086.20167510822,218.71834586984795,30.552580755868124,98.92615809071096,63.53342246637271
2005-01-01 12:02:40.935244795,988.9659920315529,199.57688727482906,30.577234559353666,105.39835839103854,60.73511657090995
2005-01-01 12:12:51.129908216,1153.3556942923162,236.6097562866483,30.395997415952063,111.1227386958856,62.234499517927894
2005-01-01 12:22:29.465092754,1089.908754975231,228.6649199924381,31.24297839225471,102.67233292313534,52.68684336978348
2005-01-01 12:31:32.344490050,1070.2129619216378,227.2508428883624,29.991595424910678,98.26778027743677,55.797050035004645
2005-01-01 12:43:40.988552108,1125.172610551936,215.2692395551393,31.170049773065607,103.63402699118453,67.4261966553622
2005-01-01 12:52:12.703436367,1076.1173198556808,227.58160424986943,31.445305824310864,100.45035536802683,56.3649694792041
2005-01-01 13:03:52.023359289,994.9591019173428,240.0021733974151,29.613779371202938,108.44625927789396,64.04524664558501
2005-01-01 13:13:04.858445495,1108.3748957982607,234.82289771800544,31.349205843086544,105.13995093936992,63.12595021280865
2005-01-01 13:23:58.770661864,1062.421222307553,231.05345820399754,29.407342779527816,111.59394414808676,62.65524849630426
2005-01-01 13:33:08.939415185,1022.6840392977117,221.44884877681557,30.105990879326882,112.14623844056895,58.83992178542556
2005-01-01 13:43:31.220883055,1020.0742771575586,229.4541601356659,30.801640763584878,110.76340711414045,65.96779487475297
2005-01-01 13:52:11.304174449,983.6944465347934,222.80374497455946,30.961971161795034,110.75737740758659,58.53507577253079
2005-01-01 14:01:01.076590252,1063.530178736768,234.4370776977832,29.072747821577195,109.71984655109942,56.01146218090514
2005-01-01 14:12:54.739252551,1087.163970127097,244.27391612592814,31.522607355181577,107.750432630007,62.68952459195027
2005-01-01 14:22:57.272737460,1102.2157343137637,225.34205085925208,31.936180997893615,111.99476075052881,68.54623893872157
2005-01-01 14:32:32.265481531,1090.288545266363,245.66904245657355,30.355129827649602,109.32975305952694,62.83119151860995
2005-01-01 14:43:43.515640451,1095.7552156923598,249.34404613991495,28.836884669923435,112.7290293343022,68.20240084253668
2005-01-01 14:53:06.729873113,1074.0626578120834,230.50192933069545,31.941812918717808,109.12747897269134,69.41739347023518
2005-01-01 15:02:04.648735568,1019.1649090978606,220.9689259944913,31.382334252687016,116.10389729886829,64.41945246096785
2005-01-01 15:15:15.675944694,1070.5111732140715,224.32815448124376,30.35117137785232,115.50454623186013,67.82828094063134
2005-01-01 15:21:08.845783054,937.6717841276845,218.43676641012584,31.157793768801366,101.15472416769654,65.14300075282041
2005-01-01 15:31:01.690011628,1072.250094826082,223.52106216803048,32.467228192785704,110.0055889539158,65.32567966672258
2005-01-01 15:41:26.670795930,1071.9426016890743,217.3517521315345,31.079162653066575,116.20202038905587,60.951738344520905
2005-01-01 15:53:28.763153479,1095.6141918363846,206.53869934655702,31.448386330092966,116.8589201845478,68.2355409055706
2005-01-01 16:03:00.233073393,994.729218347274,222.88114093784412,31.348061333088214,108.15370586261994,62.611125279997026
2005-01-01 16:14:20.564880023,1015.9830220427245,221.09041790995286,31.53986412792703,108.80450286532847,66.89176988860899
2005-01-01 16:23:10.960490249,910.5638449063575,221.3260834947045,30.220113011444507,118.40665501656831,62.897318796768445
2005-01-01 16:33:29.946259907,1059.0448350610473,211.8447491162303,31.327543212110466,107.24150325411706,71.2377357058813
2005-01-01 16:43:20.541544336,967.6567895155955,219.47789422801836,30.25299687087114,115.13884778817804,66.57007850638307
2005-01-01 16:52:02.348969046,1007.5511463223728,216.45891383481427,31.658994652042725,114.43525576863985,66.42958048734808
2005-01-01 17:03:21.600251558,1089.4640918909045,221.88908718461843,30.975218754456094,112.37877591469451,59.41367634425028
2005-01-01 17:14:20.081636056,1112.7220453741625,231.67739613684768,31.21307858416668,96.81529050388895,69.35273737859059
2005-01-01 17:23:54.377606312,1114.8213655147702,216.8314463197405,30.79652886245113,115.87112803625118,66.98362070254841
2005-01-01 17:32:55.783740798,993.0847023804018,227.59639520948215,31.52576569594583,123.02966244862245,70.20853453525076
2005-01-01 17:42:51.036496916,1125.1955913945737,227.53151372998857,31.55004802219658,119.4060700565179,69.64851033878405
2005-01-01 17:52:24.834324707,997.6422967399759,223.90976605297504,32.98019392482112,116.64140158493521,67.03807582086513
2005-01-01 18:04:11.531483956,1053.4778164169852,226.65892210507306,31.113972467764235,110.44524819669367,68.52969222273863
2005-01-01 18:12:12.617340657,1010.3387911344366,238.4156176733838,31.77995095032925,118.12443619321115,67.75909667721191
2005-01-01 18:21:21.954369805,1095.367630078815,206.69329451377035,31.77474336695083,114.74256928166739,65.0766402613308
2005-01-01 18:34:33.127060158,1065.534606519209,212.733105826548,32.97359731076498,107.77205109320171,72.86795799850971
2005-01-01 18:42:00.626346658,1092.336254152225,219.01124241579646,31.239798010139893,115.49831889500899,75.7882291480183
2005-01-01 18:53:53.645488272,936.428541791923,234.9249674326254,32.91939738824824,113.08601633261028,71.2578804617336
2005-01-01 19:02:20.491542755,1089.842972296201,228.60335899186157,32.48857714498983,118.44913681526974,68.69875621517595
2005-01-01 19:13:01.384196687,1038.740206210492,244.80599416748956,31.873964039175345,117.03156061475954,71.96683023841011
2005-01-01 19:20:59.906706322,1010.2599964267758,216.67081930380652,32.198512097970074,121.8485249768303,72.64290068714332
2005-01-01 19:32:41.185646252,1032.3830634746453,236.2793097174728,31.800931828820868,121.00495568707699,67.0509398598174
2005-01-01 19:44:03.874474108,1100.18613165153,225.8965372022585,30.743599170296015,112.43226924898141,65.19105357571128
2005-01-01 19:52:26.862052729,1044.3735488563968,236.69499938384928,29.979719551521185,110.4643785477138,70.4177853966936
2005-01-01 20:02:34.988791898,1027.264281570735,229.5305676154741,29.658276352055452,115.70869468555395,63.81054692861573
2005-01-01 20:14:18.266652449,976.8450836444396,223.63871346744222,30.376945647893407,118.36411677969298,63.436560247476926
2005-01-01 20:24:18.240802020,1132.1477787125987,231.44964599269005,31.819329279435554,117.47850147255163,66.6933001257635
2005-01-01 20:32:39.790617386,1018.5988762516978,226.72830788725267,31.006518190299655,123.60321653387496,61.896833165334186
2005-01-01 20:40:39.937655882,1078.1527241099668,226.24641772801553,31.38847094272143,117.93583606646854,69.3837289195472
2005-01-01 20:51:55.926800726,1012.0372529206668,233.5040050491337,32.32908011283603,106.47995112407521,61.69886376814082
2005-01-01 21:02:06.692288037,1042.1972344210892,214.66739542011686,30.453105014294646,111.99316590556623,70.63984264425952
2005-01-01 21:12:04.151332056,1155.3783994188866,233.35536401475628,29.626681234355694,111.65943509062403,67.91936368759573
2005-01-01 21:22:54.668637458,1040.1819861967906,237.15659113102748,29.404994366187765,117.01945952254816,60.39200800129434
2005-01-01 21:33:00.095905197,983.5870754486116,215.0567257840777,32.09484113881502,121.58280180066714,65.9983331434731
2005-01-01 21:42:43.140271159,998.6463399594085,224.81174552823458,30.45619811431474,116.88480988912765,63.70122905232326
2005-01-01 21:51:47.120800265,999.0824877456936,214.18572235645308,30.441204802764567,113.68983113591413,58.50421340174874
2005-01-01 22:02:31.399884147,981.1271896438597,218.81727963275273,30.7433778005254,112.34712806227276,66.37331329491981
2005-01-01 22:11:25.388880260,1165.0617922684555,233.81177720567953,30.236174480545355,113.16134687767997,58.488973852233514
2005-01-01 22:22:18.215398387,1032.249005414416,238.17728727957137,31.132641829151833,122.92653325421726,71.1050874640505
2005-01-01 22:30:46.822192676,1051.0848055666802,218.66560949895467,30.546305978479797,106.06741431822694,54.74745046501584
2005-01-01 22:43:32.617008479,1065.1624341765034,232.581657945894,31.731589688468084,117.56293798231857,62.97516556823829
2005-01-01 22:51:06.596152852,1009.7163014074321,227.31666678380194,32.58211134676066,120.27292363828174,67.6975555634051
2005-01-01 23:02:50.239881760,1037.251515519563,206.21094592053151,31.712715198020838,108.70588886630678,67.34546958845955
2005-01-01 23:14:08.172886891,924.3849854389838,217.8260234610503,30.922106840354335,105.51199144052443,60.12241160389186
2005-01-01 23:24:32.394048729,1070.2609067045282,229.98240014030296,30.646507889424253,104.3157300785316,61.995904970052905
2005-01-01 23:33:11.981469882,1027.0959027804854,222.20665937955494,30.712167987670288,109.78995127446348,57.43892813382274
2005-01-01 23:43:11.724565844,1043.7342321598942,225.22205300165976,32.014160639111985,104.42248580659042,60.23238769727317
2005-01-01 23:52:14.889062297,1029.1393136957427,211.43619004611745,31.237653174050028,110.21288535256556,50.188720967395625
2005-01-02 00:02:28.472482255,1091.9008873570817,220.03054299040446,31.242509884703317,122.62309234968309,64.12093390549114
2005-01-02 00:11:38.671999826,1043.6473587680114,226.6476307699004,29.22020907630522,104.65910057090156,63.297752471604966
2005-01-02 00:21:32.083118011,1086.6589019567523,207.52986178479043,30.117584897381306,99.21839750885457,65.23612334815661
2005-01-02 00:34:31.974325244,1101.184580717072,209.88467608314224,31.45697980554372,111.07809366498832,61.678238408463976
2005-01-02 00:41:52.266832233,977.5614228056428,227.20625579379265,30.845217804105253,105.86016886844044,60.65878605175038
2005-01-02 00:52:27.825372151,1087.3340072322744,235.45025648899525,30.752210263419663,108.7957642173834,62.35345080609264
2005-01-02 01:03:01.310406684,1043.2234970597422,230.42573713989455,28.88956570916749,109.13694358599408,62.48357156013211
2005-01-02 01:13:43.751722004,1067.118225860248,233.57535576526632,32.4088325078793,110.08708416991249,63.369303705946066
2005-01-02 01:24:34.725166784,953.8221528161,205.78967051987524,28.856445727635975,104.72416146192634,58.87412251838696
2005-01-02 01:31:59.883801064,1063.6146995490546,222.92871964937564,31.91805317320383,105.67309862259008,66.03151558200219
2005-01-02 01:43:47.399198976,976.804127675927,231.440548357757,30.341611018724606,101.73356729014657,57.332027179917176
2005-01-02 01:53:14.179864272,964.9827089436824,230.52778298323588,32.34766187696802,103.71960082566791,62.51377202747149
2005-01-02 02:03:10.518302435,1097.981163567486,239.94045133623848,31.187167651584097,99.73166428077198,57.713278646438084
2005-01-02 02:12:38.121194723,1086.189440388242,212.8056552659905,31.29940178689837,114.79089733227549,58.3948790595967
2005-01-02 02:22:18.024508334,1058.211805249739,218.51019566357104,30.57814679298796,103.96251560940043,65.1130457500148
2005-01-02 02:32:25.452577910,1087.687134024516,225.04767893684655,31.739790245641338,108.96081490544093,51.435696280308605
2005-01-02 02:43:04.198873571,997.5620895702586,234.63701885569688,30.241681557324966,115.01056236257583,62.730087099141855
2005-01-02 02:53:34.299577477,1007.2086309808361,224.44949216719158,31.356338459888182,97.67398770357936,53.04431858927405
2005-01-02 03:03:28.039130711,1046.2940487176947,224.19262331502625,29.386595946690303,105.45339844875207,61.1340949650296
2005-01-02 03:11:40.918443199,1033.9456046533949,221.27686974361998,30.842885308204107,102.00134271338045,53.61766516817031
2005-01-02 03:23:06.009070897,1104.1149874728146,243.47869688967938,31.477454950058746,101.40117582854553,57.497438890852465
2005-01-02 03:33:05.779463356,1040.2868993051416,227.57025746392074,32.177737527459854,103.4317085144547,61.09362840248584
2005-01-02 03:43:46.605745586,1124.849349846521,216.59494435328423,29.61592939581564,107.64695531733088,67.31978166019809
2005-01-02 03:54:14.475542396,1094.8284691818685,215.16101443372324,30.29645219572274,104.6812966229449,53.429728849576705
2005-01-02 04:01:48.623105546,1056.166441068891,237.82619550754416,31.348123756537106,107.44502586393357,55.57998408053099
2005-01-02 04:13:40.963827982,997.3374151826771,216.4876122375313,31.784587233469054,107.13287810613386,65.4644964930864
2005-01-02 04:24:14.025068995,1003.613864921335,236.67300901031805,30.64607609720919,109.7040221372797,57.17987309494468
2005-01-02 04:32:36.160125309,995.6883762594737,224.68248448466875,30.8619201392359,117.5059358731463,62.42932219388934
2005-01-02 04:42:02.654552133,1081.8381925558535,217.39898346078752,30.257768013533855,95.53819875476626,60.072948205039275
2005-01-02 04:53:17.666636360,1030.5917109309185,232.84301913642273,29.019603578536465,100.81630017366645,61.39226890967145
2005-01-02 05:04:34.299753431,1031.0585633185501,220.34241387241363,29.270043370585178,105.33170974066833,55.81314995446215
2005-01-02 05:13:27.081271888,1001.984819182054,229.1485237896564,30.043963413918213,97.49564875987296,58.24556998231073
2005-01-02 05:23:12.658275413,1077.6397847506303,228.9430083007555,29.840791750699335,98.28062225777552,63.68705776323317
2005-01-02 05:33:26.141797629,919.2458878584432,202.53619802860283,31.1583632330767,107.2966401707279,68.87034183367442
2005-01-02 05:43:56.340044685,1026.9738650094466,215.0702219207349,31.72278323179959,107.99029260547422,60.75415750418333
2005-01-02 05:53:09.261369014,1075.761810332003,241.74303676016632,29.92417187265471,110.12727879828087,57.59164559831868
2005-01-02 06:02:58.974976274,972.6459532109047,214.70682741126328,30.6911391180019,108.67948702064191,62.035735892282624
2005-01-02 06:12:12.604550903,1074.071549784145,218.40741856726294,29.445454247364935,110.80001180942769,60.85179744975183
2005-01-02 06:22:32.861506413,986.225036626468,217.9741490200896,30.174372739210614,97.47770685807578,55.35557485817585
2005-01-02 06:35:42.836237672,1057.6164085813168,216.9305705623342,32.79593406126052,99.54508642963424,61.1962086872561
2005-01-02 06:43:15.495465378,1004.6708605001154,220.44979650748908,29.636093316358664,96.39977989866792,57.980301506822585
2005-01-02 06:53:40.857960247,1033.8421553683586,226.1272929498673,30.141430116047086,110.57888939092354,56.396716837747995
2005-01-02 07:01:02.833444635,1091.025789481763,221.86423853018255,30.883279030310966,99.69183798379329,50.17021514935941
2005-01-02 07:13:09.246978970,1027.9912174151686,200.61636748755987,29.08916992456185,105.79083877644945,52.49400011182952
2005-01-02 07:22:22.346376602,980.6672991744709,231.65550210961567,29.512416524525293,102.5937908846964,58.62712579467211
2005-01-02 07:33:44.919776608,967.073831733355,234.66823630760913,31.29221448700534,95.58627333926523,50.063042196119966
2005-01-02 07:40:04.705681579,1101.852271669209,220.4897511685552,31.753779837938865,104.24216013479395,54.64071809328165
2005-01-02 07:52:25.562167534,1060.180088592132,214.76938005637976,31.239548865053507,98.67388700419465,54.666810536475246
2005-01-02 08:02:09.869469542,1046.2930415981855,217.51346654469668,30.617609234558266,102.21979986520405,60.61925148529702
2005-01-02 08:13:42.177049207,985.5184699789352,230.83865349751017,30.985949311346474,105.22796157835924,56.34486296426555
2005-01-02 08:23:44.072068715,1088.7454058910428,215.3366162037971,29.92190902279633,96.78502991277837,64.80413274191505
2005-01-02 08:31:21.172702019,1109.2617250123437,208.35002047968683,30.594934740611762,112.61997386704809,64.58453149555724
2005-01-02 08:44:29.479500479,1120.4469510235417,229.33847185679943,29.236500647296698,97.7193247488101,50.386249879998985
2005-01-02 08:51:33.847809951,1000.3132302185867,223.17139078311698,27.59828211346668,97.32609332085043,56.254115197573675
2005-01-02 09:02:59.481179963,1084.9475112958576,225.47856605102524,29.96808843285876,104.33288527314662,61.43242181339877
2005-01-02 09:12:34.487857366,-1565156.6841793666,15.76857843926946,-3.7306919898711315,-23949810107170.15,-81759271.30239877
2005-01-02 09:23:48.445393340,1047.4396142137791,222.88064524901182,30.823402431426846,95.95939656272971,56.36622170804703
2005-01-02 09:33:48.017236213,1133.6575094775178,213.69259495518884,32.40563363402033,106.89951435908837,63.20578571023072
2005-01-02 09:44:02.455480962,1036.8006830210743,241.7193547943258,29.627362359127353,103.92167363910687,63.83927098038423
2005-01-02 09:51:33.063840893,1049.1368202523822,211.44612421657425,29.87438091911926,95.1938030974809,55.79906737117319
2005-01-02 10:02:50.129809107,1137.0984742088192,226.1839173772244,30.14833191873499,100.67082959164551,60.27183966821834
2005-01-02 10:11:53.965351441,959.4306753848768,235.64180668074744,29.56231438687246,108.14874363473488,51.88873418184286
2005-01-02 10:22:48.642840071,1050.5325501784046,229.46968126194324,30.55562300494332,98.52505324599088,55.51047364231669
2005-01-02 10:33:31.269598251,1090.401404194653,226.00548165348053,29.31556379566949,102.0520216576811,51.71075577898575
2005-01-02 10:41:46.312969869,1021.387852070937,218.3966418508981,29.501109957591275,99.5060071535232,55.562027826787585
2005-01-02 10:51:41.561164799,1001.5713222005004,217.5374527727033,28.718675541373138,102.30729093743948,63.71707764300157
2005-01-02 11:02:14.003775566,1017.9041177974159,213.28497138364364,29.559865861836617,106.75907249929237,54.35126878787964
2005-01-02 11:12:43.374214967,1011.0997721785295,219.96287758407811,30.614468652457695,106.86305862354979,60.72959491852939
2005-01-02 11:22:34.261421953,1105.9025485216864,211.69052600638034,30.465180609605262,116.02536199487525,60.41348548323448
2005-01-02 11:30:37.474546415,1070.469993596879,217.25131298343115,29.463742326092195,93.64607237820744,61.52481588856437
2005-01-02 11:41:57.365385827,1043.8904674646942,228.0397984464783,30.245527591611484,111.68963060977043,59.791244021284356
2005-01-02 11:53:43.493590213,1003.5480126610631,221.4070547895665,30.27015803792279,93.6495188750273,49.475968568083346
2005-01-02 12:01:41.798391760,1106.7875930879559,224.05943806425836,27.508651256711413,111.98770796205683,52.938520263752565
2005-01-02 12:12:26.172003839,1013.1682653065166,212.38271958429974,31.98577023686583,112.69170651501075,67.36954300683882
2005-01-02 12:21:18.288368890,1177.1198542178936,213.60181595271942,31.19647231088746,114.25098751171615,55.01114561114667
2005-01-02 12:31:24.705360417,1075.6827569839181,211.5836090399129,30.21884344839448,115.40271507156312,50.34209651485443
2005-01-02 12:42:43.869655878,1049.145394786378,231.78524302594764,28.233192056700943,106.6005772249756,52.96985365696886
2005-01-02 12:52:30.796695177,1095.9736970098227,222.68240899118967,31.171045589540984,104.60597421491325,57.83730376746528
2005-01-02 13:03:43.160493708,1153.3285415010985,231.20017308238,29.70530220677589,105.28006384084917,69.72816062867028
2005-01-02 13:14:38.466716245,1083.4497831967744,216.29119397870767,31.174982704908246,117.94613448859705,59.02631960884168
2005-01-02 13:23:54.158751996,1040.5445929465343,204.3543654110228,29.929577221281992,109.1643837382151,65.26372597263554
2005-01-02 13:31:57.132816659,1002.7057515632594,225.65081789068594,29.640709969761435,111.98420325849489,58.02775329647851
2005-01-02 13:43:06.356788620,0.47290349343974,-336.6832941435902,-62853684.41425831,1993.1902101760093,-19.945950209953384
2005-01-02 13:55:37.261341060,1030.7772054787222,226.6477415133027,31.327899153795684,105.23287225356484,57.63190164983366
2005-01-02 14:03:56.568107341,1071.763605272603,218.4430872860782,31.029928668313598,114.82724942024579,55.61617439113829
2005-01-02 14:14:05.433416879,1055.602577534389,227.0669561405263,31.85106966053397,112.87361142114347,55.46739091945294
2005-01-02 14:23:23.998042801,1112.9218215126284,230.85545944174663,31.257804643129962,102.07101438675642,59.70448966945822
2005-01-02 14:33:04.007166493,1084.8934426896826,225.74177366674957,33.98407793857624,108.22338747668074,68.33621282021822
2005-01-02 14:42:55.337932787,1044.025611989094,210.19113816028232,30.951998973936693,103.55976225528323,57.89665322844823
2005-01-02 14:52:13.853375477,1017.4084661415274,236.84291454423143,31.5568174657731,99.5967208744915,63.78043596284233
2005-01-02 15:02:48.190633809,1054.2298678104069,220.25618647823032,32.610098732962705,111.49744777264398,64.30577955451066
2005-01-02 15:13:27.810026362,1089.7450390070287,209.81099891070832,31.184901772806352,101.35508715067472,65.16276854334598
2005-01-02 15:21:30.470830221,1051.8056415037204,234.8370126154605,32.22490366897442,115.77738917429892,58.79835042331291
2005-01-02 15:32:58.447533184,1104.8904604142995,227.33813753315667,30.980742497482538,114.29998809415834,56.727885090398665
2005-01-02 15:44:07.011974285,1051.8313670194154,214.4628569216879,30.985402848649183,118.04439675909943,65.21186733926362
2005-01-02 15:53:41.975470879,1042.5353822001762,209.9960460163494,30.778140747160897,112.3670099498356,63.87773917539527
2005-01-02 16:02:30.755665071,1021.9204705080442,230.7148749885954,30.991751776724616,113.15240944935138,57.52132355571146
2005-01-02 16:11:47.373303703,1064.2446167951405,217.39660747433996,29.952989890060028,105.14493399625124,56.97394833563628
2005-01-02 16:23:02.825035558,1002.9603948842928,234.55438849305727,28.554501924503608,120.13982521253931,67.47153306577769
2005-01-02 16:32:09.863937953,1080.4008611121862,239.48694249861103,29.10367316602762,123.00061090636707,57.27962374247968
2005-01-02 16:43:45.533826901,1045.5064002344343,231.5361373461389,33.000906271944714,109.29227063503163,58.55801309264897
2005-01-02 16:52:57.288868729,1161.0971696348056,221.51286690090868,32.04863344466613,118.9418097835986,66.33094647730982
2005-01-02 17:02:57.774639595,1015.5603988678891,226.30883939998512,30.13928785364208,109.97424968515438,61.49797307243276
2005-01-02 17:13:07.064899850,1033.5716323592126,228.06416545451995,29.638091638902615,126.44444409178872,72.45473332454878
2005-01-02 17:21:56.593417263,1035.8448254762693,232.64380723492042,31.63088627274906,106.58469570818434,69.1119675653106
2005-01-02 17:32:43.284911216,1073.0519859409128,214.63512221321565,31.005815079839035,117.71519618503625,70.93564294760252
2005-01-02 17:44:48.553694555,1086.9433382523266,213.26842836023275,30.61412358419771,120.38801750159354,67.02986100311902
2005-01-02 17:52:13.945480179,1083.8335320154672,223.06046419235156,32.45973360984307,126.72960649693042,73.67550415946963
2005-01-02 18:02:58.883085037,1063.9221127181934,227.36705377976114,30.315299253127765,115.43569005018033,63.19445869333897
2005-01-02 18:11:09.392906850,1000.8652738840782,233.6108195419245,30.833705578131344,117.03603656972493,76.21629706546886
2005-01-02 18:23:35.919449240,1129.1507067097568,229.84435342638534,30.09124898306824,111.26547211124091,69.8451376225484
2005-01-02 18:34:52.029885881,1099.4169820675672,255.91142550342096,30.997506439738153,116.0892447363069,65.30648865894746
2005-01-02 18:42:07.860433327,1154.9800161194876,230.02960886937583,30.23454856879043,116.77845265270199,67.71958257087732
2005-01-02 18:52:02.168361024,1050.4894835328926,237.7575932995681,32.20693939658886,112.52741254492473,65.79306707621477
2005-01-02 19:03:56.727553258,1012.7058719864565,233.14751749589072,29.922628380184833,110.98373067441902,72.21432332988594
2005-01-02 19:15:00.660493850,1087.8129954107765,217.80653766717393,33.249565494143695,123.89253920128432,67.74361628633548
2005-01-02 19:23:50.497938632,1177.084287083032,234.7418207766647,31.57394342034961,110.63723479642802,64.53058354516133
2005-01-02 19:33:01.775502002,1007.9530057210031,230.34791918989328,31.195199751839773,110.84343171458464,64.3529034283387
2005-01-02 19:42:07.254081822,1096.7431562825168,215.4860820417452,30.992787884006848,113.34267076899447,69.75899822999072
2005-01-02 19:52:09.407444708,1127.6913780130533,237.63503944055248,28.526419604223804,110.10667581328609,71.95586979107496
2005-01-02 20:01:42.124060595,996.1206990258027,221.95194958482588,31.186843288686912,123.61136022436521,66.10721173704322
2005-01-02 20:11:26.658803571,1054.890628789115,221.95100825926986,31.694260106363924,115.09577046873684,61.701103030604585
2005-01-02 20:22:08.133159000,1069.9123871013517,229.32817115024247,31.905520617238732,112.97053100210422,65.48303287881285
2005-01-02 20:31:11.517054107,973.6594805078984,223.43033754407531,32.890147860818146,110.47943785519568,66.99432699619518
2005-01-02 20:42:51.309276762,1060.8231235172173,232.5312793376975,30.567859444761908,113.95574101641242,76.24300608156811
2005-01-02 20:52:35.340933923,835.6957465156958,215.8079224055352,32.097376055650656,113.2116657225765,65.82933801038132
2005-01-02 21:02:28.818909584,1168.471499425707,221.04663174668013,31.553735437309953,109.9580369317591,61.83211056726133
2005-01-02 21:13:02.626904780,1066.2277018803563,240.40767936768475,30.152840638047444,118.28203215837159,62.019067739196814
2005-01-02 21:22:49.931995849,1021.5323218272123,222.5341119357621,30.030394319494246,117.05726066494088,71.69383561521293
2005-01-02 21:33:30.688458467,1082.992369319225,239.46996798976207,30.077513086857465,120.30657899807362,73.27026682767406
2005-01-02 21:42:22.881620881,1103.1239538695347,232.86333749098824,31.108880257528526,120.08601266096872,75.1781032628317
2005-01-02 21:51:41.386087852,1013.9338305682192,221.69095068590443,31.578645802179064,112.62919927188666,68.92861987810181
2005-01-02 22:04:58.086702941,42.470444082099434,84.71334984038111,16.998163773419375,100.49063351399387,64.2555079370019
2005-01-02 22:12:59.022136392,33.025661914606566,65.91493088483908,13.017447014708189,89.0617423199972,62.0389004694255
2005-01-02 22:21:46.204962928,23.95457381180887,48.03975611133062,9.653235708480901,79.01031698311907,59.74875072831132
2005-01-02 22:30:59.702508298,16.87874058432355,34.058522418494,6.727491818309737,71.4362633023856,57.312281006415006
2005-01-02 22:43:55.387643172,41.690340534492556,462542936086.4759,-5735803013.572513,5.9592536608044746e+23,322.46001794843255
2005-01-02 22:55:11.808080629,7.106976361678836,14.086680725916704,2.8449908510599866,59.24395509707663,51.09067059447596
2005-01-02 23:02:13.068789009,5.718529283040876,11.439891623168833,2.256978753043561,56.99047607158079,49.576346990193066
2005-01-02 23:11:53.200250960,4.33180092178331,8.906819236515853,1.8223027543829997,54.23688692587962,47.35163437784147
2005-01-02 23:24:26.115719780,3.2211549910299873,6.995278426421633,1.4211374467554228,51.363427252092855,45.007265887990194
2005-01-02 23:33:44.194501285,3.060981979682735,6.045253709293648,1.1918290044915316,49.52033885176825,43.19263100187802
2005-01-02 23:41:37.017068311,2.769004216247451,5.602774913442149,0.9539633585287548,47.96009196003539,41.83686845897796
2005-01-02 23:53:25.704081224,2.432437612005108,4.862508764407543,0.9740403194572421,46.04360712872558,39.96302665481388
2005-01-03 00:02:00.268953147,2.2578159574297882,4.583596415173584,0.8704484529386414,44.76685937490119,38.762504535066526
2005-01-03 00:12:36.189780689,1001.9560910204016,148.6946428051263,12.35734873484538,46.79859334497779,36.58377547329328
2005-01-03 00:22:43.330807883,1066.2864462097884,153.84001045711466,18.889572702848714,52.21727323996177,49.31437604745633
2005-01-03 00:32:28.637609743,986.3393951701665,183.7757367329546,22.07165336400443,63.272691738360706,35.58833860754406
2005-01-03 00:44:10.842194505,1123.0889051919323,205.27786992592235,24.497883112012197,72.95496260945947,34.360602899500265
2005-01-03 00:54:09.943473155,1029.609946616397,190.75499439971836,28.734801455887077,81.2938084044065,46.11362956129699
2005-01-03 01:01:57.667236893,1031.817874930507,207.7526260214652,26.958323050407934,85.276188756142,33.21617308810985
2005-01-03 01:12:20.789757662,1065.924964340546,214.62255523700645,30.070517482165563,90.29882208112869,48.15031272222672
2005-01-03 01:24:17.256523538,1071.1772663171332,213.7727050785969,29.812064283959177,98.74853317318544,41.6919781839034
2005-01-03 01:32:15.218011400,1042.4594652547503,229.63544024012293,30.262976480398653,89.82591910461247,49.61708229037686
2005-01-03 01:42:12.032712541,1040.0032733660903,219.7650921865511,29.799450020499116,103.62777858546644,45.99342278804918
2005-01-03 01:52:19.201859071,1017.7121888676709,228.0981740190866,28.771403265632884,98.2671967358947,44.89241436370242
2005-01-03 02:02:23.209044817,927.4416218765999,242.96376063327938,30.074492489462198,88.52211171366847,53.16431548223498
2005-01-03 02:12:40.927686611,1065.259927423839,227.3118781294209,30.81521282952625,88.91453210043801,47.71891820368631
2005-01-03 02:21:32.465329849,-2.0307587329287463e+60,25361473.097905703,-2869.198884659158,13440275706.682898,0.33586504222514557
2005-01-03 02:34:51.156037164,921.9895339532275,211.89686861154186,30.433355156384287,94.2686854658671,53.1908971154105
2005-01-03 02:44:15.950943068,1003.0209442492755,222.06702633646043,32.330474273591534,102.02124353667699,60.72239612829332
2005-01-03 02:53:00.231487878,1070.3037447435752,218.8060283467787,30.62505057408737,103.30635155884795,54.72831421694099
2005-01-03 03:03:08.265963086,1017.1752357288894,229.82037182489222,30.447958690802903,98.44879163360757,57.00059224643841
2005-01-03 03:13:06.156767643,1134.3108054914985,224.41412535967336,31.700069466935656,110.46284082264962,52.776885139699765
2005-01-03 03:22:21.026297518,1073.9403170793746,180.16890104972902,32.00882082127948,103.47366693103726,59.454209524910354
2005-01-03 03:33:08.471301686,1022.7026281691514,217.16880091153433,31.32045721761581,101.47951391051369,59.52330359507443
2005-01-03 03:42:53.683640329,1083.23528966211,216.20841840480333,32.33924229833319,106.53575883967297,47.982578390923706
2005-01-03 03:51:54.937280894,1106.215019316718,229.75260324158248,31.095142679130237,98.95199043978877,61.10905660054623
2005-01-03 04:03:39.872125745,1041.9629461462123,218.32377780528032,29.49055403454025,101.16887467941149,55.2668017740994
2005-01-03 04:13:09.807849689,1059.8156479339796,208.905399222899,29.264389121148636,100.81564736805507,58.825491601002305
2005-01-03 04:23:08.969378860,1024.6063698541893,220.71579443902806,32.52946148368407,100.0581462969984,62.9831927417773
2005-01-03 04:31:57.594648156,1082.902696947224,215.1324748760115,30.921989567048126,100.25137556554529,52.16823314931579
2005-01-03 04:43:25.106938448,1093.9237159452477,219.86525742925147,30.06017208964491,95.4308929443745,52.88245832697391
2005-01-03 04:53:22.166945956,1059.5000407515204,214.36783844079505,30.809445874749155,91.97448369705248,52.06125435177905
2005-01-03 05:02:35.478934612,1021.1522280116131,226.27900064967062,31.024907927479987,96.79130484815951,51.692825678988804
2005-01-03 05:13:38.542387636,1004.4107127216861,209.37405032388,29.924016424286272,101.8316824204959,54.66396567675859
2005-01-03 05:22:14.180687091,1076.7903701202047,208.58232784309098,30.95807155470169,98.18751870537929,58.53255298887754
2005-01-03 05:33:29.611943998,1016.7127393997189,220.3746979176806,29.860251724812574,106.71077927307601,61.67516657129843
2005-01-03 05:43:33.641631192,1157.3266454794314,230.1628241904025,30.883449008166465,111.41566905277745,52.551388565725006
2005-01-03 05:52:36.449604024,1042.8809145818102,223.94931326993714,30.877062817146506,99.38192223959311,56.418500532631555
2005-01-03 06:03:36.829583270,1087.8512448823283,216.0024524033247,30.31792732732121,92.26255880681099,50.71441718548198
2005-01-03 06:11:47.863059699,1061.0281196311487,222.69744927956646,30.377814875863898,114.75407060709982,54.28179029527477
2005-01-03 06:24:04.376521196,1086.3595052248,238.78957527764322,31.415658678912184,92.4500602236522,56.90035332879377
2005-01-03 06:34:09.760339608,1044.5165961536122,251.84478559319933,30.0937670521929,108.11837102417314,47.60310610487035
2005-01-03 06:46:05.550966948,1016.1186634914903,224.05345390860592,30.60182608504773,103.45644305486506,66.71326984554615
2005-01-03 06:52:03.662689821,1116.3241554204417,213.1485882329999,29.476162026344134,101.9555278562666,60.07812289786848
2005-01-03 07:02:51.874341601,1088.1009340820042,234.00926754147858,29.44625471135806,104.77630047200667,49.53715313764778
2005-01-03 07:12:54.439364011,44.40773997598227,88.82341666575417,17.87470594164204,93.37202428167504,54.972286720912265
2005-01-03 07:23:27.489098120,32.31439458442037,64.65566721300813,13.134638679039538,78.97318150313573,52.71307517411438
2005-01-03 07:32:15.406214234,23.62062117815526,46.85569766018031,9.351907103278565,69.36014610525766,50.373705356867575
2005-01-03 07:44:08.225283082,14.517098491043438,29.36207443737175,5.881353167662933,60.23303537483194,47.467720907603564
2005-01-03 07:51:50.049168438,10.68979039759071,21.485359671707155,4.165514764907115,56.16211246606987,45.65740667882991
2005-01-03 08:02:01.892567697,7.263046598675512,14.20264003497432,2.8611212853370582,51.66021360276893,43.414468556722966
2005-01-03 08:12:16.311101031,4.97480944100691,9.974595080051246,1.974048143304562,48.53380459848034,41.18515581838081
2005-01-03 08:22:18.752297568,3.684232696155264,7.320553128288035,1.513325085282472,46.007961455240036,39.41535452960515
2005-01-03 08:33:17.888280938,2.6619051255545805,5.832999801498938,1.0413677942272357,43.677095263543364,37.55898712111515
2005-01-03 08:41:30.019727467,2.3063754932729488,4.595688306923438,0.9651002170780305,42.304501371230124,36.307676351915084
2005-01-03 08:53:05.905111929,1.8366079006658687,3.9149567677437433,0.7007467700058415,40.49174046708749,34.72517401428858
2005-01-03 09:02:40.907963818,1.675183680519572,3.758303994259349,0.7970989904076803,39.04385607855002,33.27731734218275
2005-01-03 09:13:57.334610338,1.8520839192113865,3.5473267507772697,0.6932814840704913,37.885191306196894,31.770533358786544
2005-01-03 09:22:32.570239577,1.7540672195551934,3.4453324749707663,0.7046348604466137,36.88343140679714,31.08173212551744
2005-01-03 09:31:58.419016214,1.7947333329786714,3.513683117253076,0.7090850490305464,35.97186829716323,30.280532293975156
2005-01-03 09:42:34.926325029,1.8513488401929297,3.5251585428251886,0.7479184999032479,34.8648642546352,29.23824358294501
2005-01-03 09:51:49.909753821,1.7051372927660202,3.6825135130754294,0.7733251104996187,34.32333927490794,28.625575543227153
2005-01-03 10:02:29.289745813,-3532477.0356734623,7.32745643416257,0.3565299312600302,4913.432477969749,0.15461388711979654
2005-01-03 10:12:02.332313212,1.8014391792464826,3.7063196017142146,0.663381164285741,32.85286588867658,26.94387825187259
2005-01-03 10:21:19.207251864,1.7026299055155272,3.7980986059054613,0.7878855779940538,32.26074030719111,26.658690396277205
2005-01-03 10:33:13.842628725,1.9450936564525894,3.9184524107789604,0.7198353812845386,31.810254033357307,26.01112571496211
2005-01-03 10:42:14.701966984,2.0374834257252905,4.178634691402349,0.7467973442936228,31.250914348108203,25.55976679723656
2005-01-03 10:52:24.890053150,1.859652135637024,3.9758334652676233,0.7502177965817154,30.96118732459654,25.126957969203634
2005-01-03 11:01:45.908036160,2.038459564473271,4.224563143617482,0.9377293930817844,30.494078991022242,24.912294692400447
2005-01-03 11:13:09.684391737,2.2400098128412833,4.2227743376260465,0.9726397419181815,30.251942496321174,24.503910213740568
2005-01-03 11:22:40.798101424,2.216467682425323,4.389264811515805,0.7538697387691993,30.192486031155553,24.31216110684996
2005-01-03 11:31:10.609901977,2.4005216723929723,4.441006423207277,0.7041177225616408,30.00320154340712,24.078703459440028
2005-01-03 11:41:27.833957251,2.3656402511514867,4.3384912577620955,0.9253300525097101,29.692332408823397,23.88878143301619
2005-01-03 11:53:04.031299492,2.3814118064824092,4.771083976568905,0.8776653583427351,29.76202517197063,23.573999252474838
2005-01-03 12:01:58.772276738,2.380790553388875,4.685026997901391,0.941184957664509,29.597369125099043,23.451836070107298
2005-01-03 12:14:12.022553821,2.50540928134793,4.863105440285754,0.8028896663994708,29.673671795629218,23.527719081111055
2005-01-03 12:22:08.457581039,2.4959239166505167,4.9409226566299935,1.0159975302860025,29.336439758895246,23.4191817504504
2005-01-03 12:31:54.899212810,2.544378355338652,5.157328248912516,0.8706880959515233,29.5067170341931,23.432992436042205
2005-01-03 12:41:49.745800086,2.5898060395073728,5.2304749073538535,1.037135622167698,29.486760420218538,23.23334302720082
2005-01-03 12:55:12.379597617,2.6839426040237915,5.407964189282063,0.9991851823056312,29.675936750818327,23.42573691860463
2005-01-03 13:03:56.951735103,2.6339158201028927,5.277097918149122,1.0644124801173016,29.591421376752315,23.27032827428171
2005-01-03 13:10:54.029647229,2.859333013007938,5.596304182155922,1.1131832111374491,29.621016608792697,23.500315974588254
2005-01-03 13:21:21.186056275,2.8908238036038454,5.620184746463061,0.9656740217633335,29.79100970564313,23.37208393897875
2005-01-03 13:33:30.602925773,-47.16196545825324,0.3243679057723247,-24.36077496227943,15669.641068683663,1099.972201752601
2005-01-03 13:42:24.202804244,2.8704251700933545,5.89175117490933,1.2734804671142388,29.944566817947265,23.738011739867172
2005-01-03 13:52:28.101833924,0.41940053854418147,8.319904521927896e+31,2014524147802267.8,84484979315016.3,-986306229627.8489
2005-01-03 14:02:23.553638488,2.999625992058091,6.116917988903447,1.0763986086004849,30.111006456461094,23.82275445722842
2005-01-03 14:14:22.827768851,3.0169059829426033,6.120505200979492,1.2833739693116797,30.559205600339528,24.045515827983092
2005-01-03 14:22:22.222099867,3.0576249102263224,6.082040935749202,1.4282110581063399,30.37680753683572,24.172495577976523
2005-01-03 14:33:43.848253065,3.2693984194849706,6.3384215620885564,1.2148329936947202,30.557802654786318,24.361091423460305
2005-01-03 14:42:44.336654955,3.150036447119562,6.422386711731183,1.1699976995703623,30.638921809303334,24.240636415778706
2005-01-03 14:55:24.379712162,3.2631342064079787,6.384821933175542,1.328932801221499,30.982985187340173,24.71814848450968
2005-01-03 15:02:07.880050671,3.13949733009451,6.549065263280828,1.1325883945571142,31.03854670473044,24.708905087683256
2005-01-03 15:12:49.850829361,3.218361603714555,6.605427602125757,1.2731960910679552,31.330499982407385,24.81379151839447
2005-01-03 15:23:45.252068661,3.2802912360177245,6.5334049202992786,1.3451086204948526,31.461779932855976,25.06326387661259
2005-01-03 15:31:33.902252143,3.3452708747499607,6.827438048727858,1.3474713573831019,31.67771223726301,24.91712886409213
2005-01-03 15:44:13.835296910,3.3511900406843345,6.668839943804537,1.2259455638457721,32.05938380383838,25.380174061134134
2005-01-03 15:51:20.887364626,3.589118889308277,6.936506567134874,1.2709372447034415,31.966685661725197,25.489472368883682
2005-01-03 16:04:11.708875940,3.5524455104988752,6.948513315096217,1.4881530889364876,32.09693790714389,25.655755963376187
2005-01-03 16:12:57.775811385,3.2251358082848007,7.096432452786044,1.512508620887378,32.26757410133691,25.70048510914796
2005-01-03 16:23:05.428249583,3.7555466222611478,7.058868155043709,1.4207486649214525,32.383359963728154,25.905595461774254
2005-01-03 16:30:59.992781784,3.4170347969966834,7.035487463677087,1.3463625974351932,32.5951901562455,25.816353639340356
2005-01-03 16:44:25.458153233,3.631581806593498,7.117000644434553,1.3409829232960497,32.56457134837026,26.22761322923741
2005-01-03 16:52:51.126542989,3.489418263471364,7.17626993329466,1.4226621163065578,32.70313865469301,26.27845142403707
2005-01-03 17:04:50.082211755,3.577710255144012,7.438210333611031,1.5296552999550137,32.86455425020874,26.243766579550517
2005-01-03 17:12:11.751170059,3.814326593688243,7.320015996416759,1.5239397338084089,33.03360308680621,26.390019216334423
2005-01-03 17:23:08.719564992,3.6179437163446164,7.348644086639294,1.4673412215030237,33.07606229939871,26.6903395423036
2005-01-03 17:33:03.371676442,3.7701063276204874,7.412381237515893,1.4778116882039705,33.027268986632826,26.580824052174236
2005-01-03 17:42:39.895944957,3.587748202822131,7.212412374078034,1.4575850345783876,33.31842505255739,26.74510314895965
2005-01-03 17:54:34.693314628,3.8029612999746285,7.273612332329134,1.457580465143838,33.468689853457214,26.709367089456023
2005-01-03 18:04:16.908608417,3.7009012350028563,7.259369881283171,1.4106695565234633,33.32096738707883,26.943947717979476
2005-01-03 18:10:49.261174671,3.7251650328819164,7.445454953378572,1.5706838129807188,33.36893186456762,26.933919249028623
2005-01-03 18:22:25.949101386,3.7005336865409357,7.465574302495622,1.3803516566074152,33.64241996700393,26.9777763796228
2005-01-03 18:33:01.348964215,3.6813397668169427,7.2681761129868,1.2635478049491984,33.64802923007168,26.874561383718206
2005-01-03 18:42:39.802087834,3.833312694056526,7.269742573443825,1.5225243235356012,33.72899016127382,26.966503169113338
2005-01-03 18:52:01.055667742,3.6259949758934518,7.430242792820784,1.6013745037347369,33.697623476870255,27.20446550070244
2005-01-03 19:01:38.657946381,3.7407978732182356,7.501978388265498,1.5331188696473435,33.58063422433511,27.25565665923884
2005-01-03 19:13:12.118818482,3.567095121594706,7.051910008378733,1.6891594338728755,33.78440490613587,27.202163536510465
2005-01-03 19:23:12.465108375,3.690801757576547,7.349909759024877,1.5385644136353995,33.71883719715414,27.19500939258787
2005-01-03 19:32:55.269649434,3.5782175174059176,7.285273460632691,1.3633414953289513,33.66109886753571,27.205351531096714
2005-01-03 19:43:35.988045617,3.673579622809171,7.174248780053731,1.4644543659162785,33.79171198046365,27.13833456384775
2005-01-03 19:52:41.873258488,3.7792824745885385,7.247111814247496,1.396213945700831,33.65012286724483,27.112244045749797
2005-01-03 20:03:56.066202524,3.720758059034177,7.180539928627971,1.476350138232666,33.64612715602886,26.9644240139418
2005-01-03 20:13:23.040888482,3.443573936016047,7.204886136233562,1.441601152592889,33.487990280270864,27.002319312508067
2005-01-03 20:24:25.317732489,3.560265930795992,7.236879686531885,1.2198281562250888,33.57367705810677,26.87313034095077
2005-01-03 20:31:51.397856942,3.5104070738554367,7.100596891298429,1.3532781210944211,33.464200513127544,26.935322554504612
2005-01-03 20:41:46.192548028,3.611595825879502,6.951886183690521,1.3372317430477128,33.34671085428738,27.043079307079516
2005-01-03 20:52:34.944294295,3.391335548149638,6.913772479230975,1.316678651901558,33.32081088983562,26.751950599253696
2005-01-03 21:01:46.475552880,3.59005370510118,6.930042814026991,1.47282970574054,33.1073355612575,26.6975985416946
2005-01-03 21:14:33.558981791,3.3189339634125856,6.849442638009449,1.5537755175967607,33.1761909935163,26.61188822622367
2005-01-03 21:21:04.643642462,3.3939418393277205,6.851054491772264,1.2407827993892453,32.97405069676671,26.63923857044863
2005-01-03 21:33:32.585014579,3.459559037632492,6.716721444061145,1.2564250344429464,32.97938331804535,26.51665132447021
2005-01-03 21:43:32.890244492,3.3582106926927233,6.777457407679706,1.2852566328474082,32.7445880108579,26.37324531545365
2005-01-03 21:54:04.960906771,3.3353635090919918,6.663726813336058,1.3183883675052168,32.514655939042896,26.247611304408988
2005-01-03 22:00:35.104754898,3.183566030315747,6.521354099011226,1.1567058137946449,32.62220743133234,26.107517545226244
2005-01-03 22:13:33.244647338,3.206236960998112,6.527655393191518,1.308591556275418,32.52113964435974,25.983473476003248
2005-01-03 22:21:53.532966018,3.019521333585343,6.3810912995840505,1.4261894608237846,32.206495641474675,25.834336465284057
2005-01-03 22:32:58.027541089,3.2747444899450526,6.211640971768778,1.2509945091555588,32.192886271799544,25.450241206179584
2005-01-03 22:42:15.580318505,3.319817150430894,6.38989654116134,1.3330286893339396,31.693493290963247,25.605009912764594
2005-01-03 22:50:51.125215584,3.0731532276449864,6.0644881913306845,1.3420806578504512,31.685397405432777,25.415600946920897
2005-01-03 23:05:03.353368592,2.7331551308394952,6.092932871524252,1.4627075959279825,31.448004888815497,25.24510413185081
2005-01-03 23:13:10.972464021,3.0057413218971627,5.848524961596258,1.146969761193379,31.476906869089653,25.03038847401726
2005-01-03 23:23:20.144697764,2.952498907116641,5.828835884692784,1.0546049013966141,31.13062458828996,24.942971790497737
2005-01-03 23:31:03.796409064,2.9270503882738423,5.88568289708218,1.1489329780201065,30.979620137332653,24.71880878937899
2005-01-03 23:42:26.592033823,2.9484938301593666,5.73437895132485,1.1028404830741367,30.748047438771682,24.692926309780017
2005-01-03 23:54:25.154628650,2.843050100581655,5.550395756699983,1.1448944770192584,30.472688705865355,24.263588942996535
2005-01-04 00:02:47.006940023,2.9478694905131952,5.632541780437001,1.10712899669345,30.208993919211277,24.070546303006147
2005-01-04 00:13:05.748714436,2.855614311052279,5.459733085398897,1.1201983753506248,29.990484410313506,23.95248676017193
2005-01-04 00:21:41.004905481,2.621004651334939,5.45000307246716,1.0813921925448384,30.075101322769502,23.94919351034613
2005-01-04 00:31:56.544408608,2.6018856700169737,5.147984780069186,1.0803741280016008,29.627051364343128,23.478066136822306
2005-01-04 00:42:49.252211431,2.6068071338640393,5.167697589001955,1.1924136740956675,29.437038198644757,23.25017892682498
2005-01-04 00:52:30.929708212,2.513219294728086,5.141705913654274,1.0189502319135249,29.320895800895173,23.187359665378313
2005-01-04 01:02:03.773559891,2.5915132215758496,5.052627786320659,1.134389356109673,28.83625095216346,22.84968931863057
2005-01-04 01:12:50.378157338,2.4472498356955135,4.680173575239095,0.9246977573936817,28.657351420944078,22.614624041345117
2005-01-04 01:21:52.671438653,2.466370297484213,4.761331903816613,1.0345393502927065,28.548407959646223,22.493586302431837
2005-01-04 01:34:14.512459842,2.4500532873112135,4.842646446808709,0.9230441851606614,28.132305542212002,22.216661371870618
2005-01-04 01:42:31.567284225,2.381188587859944,4.792145306662281,0.8793123724462963,27.978383422625555,21.993348791835373
2005-01-04 01:53:41.766284259,2.28498235175622,4.743207436299518,0.8455995039405287,27.650744596469277,21.601282668066908
2005-01-04 02:02:49.836353695,2.382921670988036,4.56237896210899,0.8857202281598738,27.642093463415783,21.644552723693902
2005-01-04 02:12:19.900694025,2.2655067088442964,4.514786637615824,0.8226161223970997,27.153377109954054,21.32133386650082
2005-01-04 02:22:32.029952759,2.131490971643421,4.472415873455925,0.7134828861427747,27.209445397635058,21.055035863941132
2005-01-04 02:32:47.334353079,2.395797912220171,4.4505278712101415,0.9399753945757658,26.789163625492964,20.721540022969247
2005-01-04 02:42:42.768434292,2.236297236752266,4.334288061038407,0.9060812489739163,26.544860060363934,20.543212524850333
2005-01-04 02:53:10.534271079,2.1768174708582864,4.337416402030054,0.9207169579593558,26.22759378530261,20.404084875579372
2005-01-04 03:02:53.317535851,1.9898351273243764,4.27054446318972,0.9222786222006546,25.970725949830197,20.340681625905766
2005-01-04 03:12:37.562801968,2.1371167728318614,4.276320642024956,0.8039500886883423,26.017805664227648,20.07214279225946
2005-01-04 03:23:46.165692558,1.9076130319071332,4.2495721632107735,0.752318455349643,25.622667451762926,19.762576967394303
2005-01-04 03:32:43.841289857,2.080769976185534,4.160455914108987,0.7384998682739712,25.398782823605508,19.38364340982364
2005-01-04 03:43:07.369311583,1.9689269581136264,4.191819356047539,0.7130039707629495,25.149528493035437,19.37901983713978
2005-01-04 03:53:12.365714807,1.9459522868376486,3.9034627384938587,0.7329809988300816,25.14816509767509,19.10001820079628
2005-01-04 04:00:43.527004133,2.0408385962938658,4.023603715301806,0.9518756598869904,24.876842214108287,18.923242627367596
2005-01-04 04:14:08.066017060,2.099711680536475,3.7580102293003157,0.7528859986466677,24.630578040461383,18.761981346849687
2005-01-04 04:23:57.086742339,1.9266628680620623,4.063751471617438,0.6306476399228499,24.501683774122515,18.657311439867655
2005-01-04 04:32:19.043039639,1.8966809884579114,3.8461114536115493,0.7303099760325648,24.154396179509977,18.51087445523516
2005-01-04 04:42:12.051327153,1.9610322308029848,3.7493767502513293,0.7296226165432241,24.094890092859025,18.688580366769312
2005-01-04 04:50:48.395269321,1.8851634520725844,3.804219820692312,0.6169279202979915,24.182681428413993,18.204294995394847
2005-01-04 05:03:07.405865416,2.1476738008312237,3.5724130274110153,0.7311780379555365,23.846435875139967,18.219704598617035
2005-01-04 05:12:14.337959460,1.8725050458341015,3.557530144178982,0.7452919445437663,23.722896687479377,18.055038405593546
2005-01-04 05:21:55.669491213,1.7786430558709145,3.8489976634757403,0.7829327212860564,23.80555373649483,17.844074950827594
2005-01-04 05:31:55.843014839,1.7067996300437196,3.637547546138767,0.800815099352093,23.46972999622231,17.638683577975907
2005-01-04 05:42:21.256077454,1.862392737413063,3.610964459904,0.9054769722544598,23.366226733669354,17.655841370129938
2005-01-04 05:54:03.785577244,1029.708202835493,130.801855802224,14.209836481690413,30.117758835812392,20.070763002213052
2005-01-04 06:02:04.196762997,956.5246717976528,133.6398440635648,17.118256092068638,26.90955738726924,21.310229337308265
2005-01-04 06:14:45.518659825,1042.6473015885251,178.83579274414518,24.419039554037766,58.14537766947823,26.079158145841294
2005-01-04 06:21:01.731771395,1089.727749003976,206.87988536781103,26.136088683120008,60.639284779578034,29.656189121177352
2005-01-04 06:31:48.305944757,996.9875602099102,204.97835743791453,26.840555142087943,71.24757406842514,38.56324093307683
2005-01-04 06:42:33.321288748,1126.371701507623,209.50783103888918,29.234502520994997,64.80927347311453,36.45057031537678
2005-01-04 06:50:56.829650742,1065.239090998477,212.53435956986738,28.85223148122899,77.98857881614816,39.56274030176277
2005-01-04 07:02:58.639239929,1040.2219894124144,225.35037474044816,30.66955581431052,77.62839429885925,28.250022368723904
2005-01-04 07:12:44.824640175,1057.338467661338,205.79502226785928,30.968734173903105,83.00374632006958,34.2917419737417
2005-01-04 07:24:42.845414573,1139.8161199272831,187.53480269367694,30.863026445906495,86.59442882267543,33.74444677149231
2005-01-04 07:34:08.701324033,1098.0749715740521,239.6407609106601,30.707718934657912,79.51519307643643,38.23794795670189
2005-01-04 07:42:55.475510566,1032.8182954537986,226.12966630368973,30.827288123833817,94.63817379746808,33.211633274975625
2005-01-04 07:51:30.067087023,1103.1517937211206,217.56752853950005,30.841300545178676,88.99695058805266,49.02182464630956
2005-01-04 08:03:50.932746749,1064.5248927572454,211.75982608141953,30.433378534044515,84.55038817068572,39.24667906970706
2005-01-04 08:12:47.423121194,1038.2415170680554,223.71345698436417,30.657616495736693,90.6329744034733,47.338194616771396
2005-01-04 08:22:10.775547872,1015.8570425231021,213.58905587227974,30.937513158940284,95.08958355404174,40.64622435152507
2005-01-04 08:32:27.834427391,1004.015653689019,230.39057051226948,30.416992479022745,94.68129309058999,46.02505848497875
2005-01-04 08:42:47.845605918,1073.9720823786636,209.77356020664726,29.13108057230021,83.58334526275894,51.08014125135704
2005-01-04 08:51:09.356103428,1030.5383922544613,244.2868353178573,30.24606355143693,86.75852583236606,53.022603388941974
2005-01-04 09:02:17.840232850,1082.8943681144362,230.28022425752323,31.9662562489392,92.85969581096238,54.899945548832164
2005-01-04 09:13:09.470329777,1077.4762532613415,230.16418152955836,30.850550121836072,105.908867288338,60.49514326875859
2005-01-04 09:22:16.773310700,1073.9038083490614,221.44295551259927,32.250468249095455,84.53470651987547,48.33993674783314
2005-01-04 09:32:27.169639517,1061.4859033962266,215.63906276433286,32.79777481678943,98.3940009334034,55.78762446261936
2005-01-04 09:43:08.498301725,1037.780513003128,215.86451231302607,32.431743026994084,96.5325899768642,54.98654183864661
2005-01-04 09:54:00.297469655,1061.103628856663,221.72833012908816,30.605267291151446,85.51762407096278,50.60413573179387
2005-01-04 10:03:22.391640501,1119.4861347304213,255.73211739129792,30.164160981849115,108.73914846132286,57.463676709148906
2005-01-04 10:12:48.997001543,968.007221104919,213.11151262247668,30.015365067399525,96.1017697572803,48.38249277301752
2005-01-04 10:21:19.486297320,1010.5978587426646,231.00495613058706,30.89313597878967,106.34651705347267,59.27486000982859
2005-01-04 10:32:06.872293162,1070.8022801367429,227.71400173374317,30.25867533760512,106.02263824160782,60.521462277619065
2005-01-04 10:43:49.469596560,1102.6693614917867,243.83236286973002,31.7559508133616,98.33421182407136,60.17415233389935
2005-01-04 10:53:23.943002606,1049.4183733899242,220.3360081819766,30.871911205516344,107.30943211320717,55.37955979092564
2005-01-04 11:03:11.407012518,1051.5305466688299,208.54417979130267,31.077737738666375,107.21950951241278,59.60035986552402
2005-01-04 11:13:50.679239297,1032.6815112655781,226.9506975299102,29.334751176854013,100.63419474950975,46.79358753720634
2005-01-04 11:22:50.439569856,1134.1845583799502,231.689593298956,33.287435007709426,99.69608100456203,63.9354190548814
2005-01-04 11:33:12.833986791,1067.0095538372293,234.33084514300003,32.12656674240555,112.6686497551893,60.56992197499802
2005-01-04 11:43:41.354133181,980.5236341498952,202.9504646464388,31.82906135412985,103.4828434884527,61.103883074346264
2005-01-04 11:55:12.666874862,1066.8186293974395,225.6454006868294,30.387034764318557,121.58932883796672,69.06730645030312
2005-01-04 12:04:14.898279301,1009.2175646731436,218.70313091261323,30.83681467177768,105.6202464719819,49.04970788189703
2005-01-04 12:13:00.989489072,1030.7476461984954,224.87862391741734,29.88742781056097,106.14358352071015,58.51813376660245
2005-01-04 12:22:56.744122747,1010.2877009380162,233.9693738025009,32.36061638994462,104.04051862661639,59.46513775652957
2005-01-04 12:33:15.005095938,1066.039163133599,227.52039474258535,30.00089390179849,114.67621938912583,70.86014671262438
2005-01-04 12:43:48.997427272,980.7944239909235,221.85321054021492,30.209550012355248,107.17788424065442,56.700123799648594
2005-01-04 12:52:42.333442324,1012.8610653099673,225.1460357562855,31.687126204286432,106.33075914061588,62.50491697927661
2005-01-04 13:04:27.807454887,1035.0803685142303,231.59740314130102,32.883643553892085,114.52939275308819,67.59734948675909
2005-01-04 13:12:19.167688562,974.9093506021006,217.90097127536401,30.520560740229826,111.68170510075674,67.94733159693804
2005-01-04 13:24:27.675480998,1063.8346048421508,237.3090241913994,31.99974239031458,107.9616175453282,55.374675165579056
2005-01-04 13:33:24.602007011,999.1311215688949,199.53333544724237,31.524981241013787,111.51896759218056,59.717333313335175
2005-01-04 13:44:19.160606348,1132.5535477778792,218.63571441136114,30.571698167110785,109.1365514757181,60.34743394416458
2005-01-04 13:54:04.433007987,1124.352620134997,229.76484977234745,31.62506148377619,106.905221369017,56.72159885010645
2005-01-04 14:02:36.771469165,1035.4021225379324,217.0203500825387,33.11679419230623,106.95839324490763,67.09914192465352
2005-01-04 14:12:15.413188210,986.1029151884629,244.68113399424425,33.346620467045256,118.32177032053013,67.81185445537866
2005-01-04 14:20:38.868606021,1045.6372045965504,221.34940889534525,30.692415557448676,108.52085492800867,62.34122435988159
2005-01-04 14:32:49.217068220,1054.991449490818,232.32297264041696,32.32431076436019,112.04300274511185,68.93271390757253
2005-01-04 14:42:23.611817382,1085.0686626712777,209.07747982907054,30.279806226392616,118.42347757475682,62.8317315836916
2005-01-04 14:53:31.862119500,1029.9724103261888,220.54875009732666,31.328655732659577,115.85812136599816,62.66181153098697
2005-01-04 15:02:43.205041280,1073.913804630382,227.24946134901336,31.454238597719314,114.278803868599,64.43970252522122
2005-01-04 15:15:29.884252162,1024.3180727926367,215.67213623010477,28.449683528683057,122.81014142595892,57.786711046103186
2005-01-04 15:22:39.724346583,1074.6839572706015,222.67138473809877,32.61350258797675,110.5979998347289,60.89646322197139
2005-01-04 15:32:58.300525919,1063.1621473031187,235.1800389670808,31.841219190244846,103.82946466970476,62.84450946076352
2005-01-04 15:43:25.414710205,976.0334744859008,221.71503620946183,30.792694811385118,116.29128670244808,69.56005939582347
2005-01-04 15:51:28.026031428,1037.3616680940431,233.58211787743633,31.56876388251431,117.09340987413225,56.531505525551694
2005-01-04 16:02:41.911243798,1059.94543232522,231.8213496401485,31.489069088563923,124.94769411875404,73.87468502982159
2005-01-04 16:11:35.940114923,1014.2060181803711,238.7395038014532,33.015428357005305,118.90680241220143,65.91957874087478
2005-01-04 16:21:35.646026584,1099.5479249032785,233.05646839123392,30.67610493602996,112.27423445450484,63.315397654672076
2005-01-04 16:32:31.225499188,992.4332993736161,214.77895125029508,30.5921088478668,112.43390985840684,67.37179909845628
2005-01-04 16:44:08.817899197,1117.8425642131706,240.57282900596644,31.834247267097613,121.82795496157634,68.13462259573511
2005-01-04 16:51:18.062471643,1104.4948592994226,234.45014547354077,31.290049973819976,126.83668548117515,58.791993058084046
2005-01-04 17:04:49.968142706,1009.5632661796454,234.8968265498086,29.91394909223896,122.10897255188596,69.83368512913975
2005-01-04 17:13:13.887994514,1050.8406277308998,221.12811028211624,32.241437519514456,123.03307827112114,68.55399453472332
2005-01-04 17:23:00.136884125,1103.3354656568526,239.6962242216818,31.287395969645363,116.17285002248724,65.92988868410139
2005-01-04 17:32:59.753337646,1044.0028106312004,216.8674901140283,31.272580535400014,119.49864855402772,69.90535791255842
2005-01-04 17:43:49.951565115,1080.2123394358985,243.31394225846026,31.932295080833754,116.84208029820252,64.23040286134753
2005-01-04 17:52:36.017299198,1065.3256966533147,254.04135882415562,32.63125336602388,116.60421961711715,70.86470311515733
2005-01-04 18:03:23.354563400,1087.518488149162,219.5860259724182,31.344575094520337,128.52050969404655,73.55314954421695
2005-01-04 18:13:33.121803341,1008.183847267507,226.78509782145326,30.976254049673273,116.8492327330036,66.77009295808453
2005-01-04 18:22:36.237073309,1096.1585949213452,241.8654263137874,32.748338831389745,120.22172835277375,69.35625736879238
2005-01-04 18:32:21.462960621,1037.3545805137674,219.82263111175718,31.843464670998145,113.86234341711169,68.85138171392009
2005-01-04 18:42:32.565015218,1138.111229976523,223.0207327871706,31.05848585207859,112.520902063124,56.695002978840535
2005-01-04 18:51:43.452817337,1037.6867463879007,224.4268364201707,31.507187494735884,124.35322394708004,74.97047314455
2005-01-04 19:02:28.425945342,1104.5915165450647,227.5166624551227,31.33806441450417,120.12474635725661,72.90955455340946
2005-01-04 19:12:07.528997921,1113.7355400859776,228.30806234560762,30.77849413083797,122.2206785008374,72.57978937369553
2005-01-04 19:24:19.047549267,1105.3995106364744,213.9589404110807,31.516751959593925,122.84578575021335,74.85445560767681
2005-01-04 19:32:23.368259251,1114.221949094659,219.45692481442828,29.806327198318193,116.0877650901044,67.35056234304275
2005-01-04 19:42:18.387302677,1066.474929835559,216.80831799907784,32.68258152986444,119.08647701689182,64.3217007614505
2005-01-04 19:52:43.178436132,1004.7058761055173,217.53120587628848,31.642719430639428,121.31830675969968,66.51575638727662
2005-01-04 20:01:38.868573776,1028.4887178753352,229.37207134546884,31.93422389182654,119.01197983000024,61.677693961478525
2005-01-04 20:11:33.572883065,1021.5810029260394,226.45390169115112,32.82157917882332,119.54252596818276,76.49078415250261
2005-01-04 20:23:33.057285410,1038.2129615224087,226.2313376042649,31.739596053891027,119.17576115912453,66.47798414318531
2005-01-04 20:32:07.559932666,1026.0017372575799,224.5582927234291,31.065980153173314,112.15314499577728,59.37923001314051
2005-01-04 20:41:57.061453860,1078.0419660516418,214.71359634595007,32.378179593214135,108.1774125529399,64.80801326981442
2005-01-04 20:51:51.849241257,1064.082313254996,225.95223090001235,32.126298541578386,123.36419639221712,70.0220147101178
2005-01-04 21:03:33.381418583,994.8510654484214,229.1135822957885,30.758546893799387,116.47588550011858,65.11653572220746
2005-01-04 21:11:43.987491059,1042.3418019551548,224.0633514701538,30.88401993479277,124.05365973691595,58.37260936449737
2005-01-04 21:22:12.068696085,1066.3213470009846,223.4828721985343,29.780732049662976,115.2200840690955,53.45050994339546
2005-01-04 21:33:08.368424871,1077.651156661779,234.44457583821023,31.635787433602626,115.80216175255327,75.51775442698505
2005-01-04 21:42:19.460615843,1061.2010180178584,227.00687009517597,30.021420762106942,117.52007504926847,56.783799106899735
2005-01-04 21:50:26.944038296,1035.7318855057551,220.41144594834316,31.036843952422434,116.99334674683121,68.74422195905035
2005-01-04 22:02:42.906533180,1054.5733876035608,238.64456753357993,32.00780932045552,123.97544231789007,72.9743074439319
2005-01-04 22:13:55.699080442,1034.110737427304,219.03168932459943,32.20072537659724,115.27017618381763,67.04967335504186
2005-01-04 22:23:54.877710110,1127.3345971680174,233.46133689403825,31.567490563927105,120.62893444063253,76.13666938261679
2005-01-04 22:32:20.414861810,1059.9867872895113,240.73184574563282,33.40745868100696,110.35498727276742,67.617314760416
2005-01-04 22:42:23.691699846,1039.960763542864,230.5681423846639,31.39467414264563,122.44035739876911,73.81339835535593
2005-01-04 22:53:30.435024248,1036.63212085876,218.6724173217097,30.97424696180779,112.36072320280152,72.71689235522624
2005-01-04 23:04:31.307560979,1000.0410441542663,208.96957351326,31.35113095700978,119.90414567293759,69.7330396803839
2005-01-04 23:11:48.648803392,1046.5113868743406,223.50805595156683,31.55583076980628,111.84413474721546,69.26035657664812
2005-01-04 23:22:14.378471997,1099.2895194257526,219.3521956411053,33.76056362114939,122.45757412384819,69.31441683543935
2005-01-04 23:32:36.420402559,1149.1531789519572,211.05739048554796,31.57048554303514,116.35646252739275,70.37963349740716
2005-01-04 23:42:39.560214678,1066.4874032771788,227.09800816073997,31.13584712302057,117.5297327824339,63.15754789387289
2005-01-04 23:52:20.852026969,1096.4662521446758,214.67632243165505,32.639451835958525,105.09146823779497,64.52895402252494
2005-01-05 00:04:36.113888685,1123.6048936137427,240.33407580032022,32.183496174828775,112.77759288787,60.64471875203471
2005-01-05 00:12:25.660479652,1005.4991950277999,213.9440608624736,32.51268939578521,109.45304214304745,70.97200431196842
2005-01-05 00:24:34.487714083,1046.9392553963605,212.8465035199302,31.75223408730143,112.4661010265676,60.19634564432824
2005-01-05 00:31:56.124643676,1051.1244062234043,228.89039064396937,30.764416046208666,116.53602358341658,62.86643874857982
2005-01-05 00:43:42.046697085,1001.3688711083257,237.95904516040824,31.887690289791987,117.82786663710121,69.29201396964031
2005-01-05 00:51:35.021523800,1033.541345088495,235.63502853971508,31.286264539172173,106.88198934788635,68.19441820271587
2005-01-05 01:03:10.770388010,1049.8001386438618,225.86475598575362,30.974315927704733,112.00573887103882,64.13028737886337
2005-01-05 01:12:35.499702271,999.1507162649373,230.60191215733408,30.400646937099033,102.67784428009973,61.96578513068213
2005-01-05 01:23:24.545365616,1021.0438791859245,236.47834235915613,30.834430845141117,107.94654285472694,53.885416163026385
2005-01-05 01:33:53.399242730,1060.0118534094,222.47850999130713,29.725035222423298,112.70628112923727,59.12433346809964
2005-01-05 01:42:46.862916701,992.531532925215,229.26771659029,30.450121420962567,107.26606907516417,52.80708862431392
2005-01-05 01:51:29.788328879,1047.6198755101705,233.33531961657977,31.941776495760177,112.37118024515475,60.28233701526178
2005-01-05 02:03:13.609476079,1010.3338563439803,232.85634379485975,32.43503753844574,115.2210556323473,57.151824910494184
2005-01-05 02:12:26.030710188,1058.0299946237635,222.6489307814093,31.37042450332237,114.17025229994977,64.25547426826805
2005-01-05 02:20:45.553256986,1083.054493891185,216.24552790594245,30.72359094617403,108.25827178667275,67.68394317563609
2005-01-05 02:32:04.901113380,1010.3385337072984,247.57494758232826,32.36897655469953,117.87996306905528,69.43549784350796
2005-01-05 02:43:51.282189846,978.267809305009,228.9707474401042,30.96319434167469,118.59004489134959,61.1946204627069
2005-01-05 02:53:03.417748364,1036.8639931052564,226.43605769152836,30.343320975119248,106.3047086872366,60.63973556977872
2005-01-05 03:03:28.045803424,1014.1864172435963,229.99475003212717,31.86804308157728,103.219186089214,57.6974128424918
2005-01-05 03:11:56.581312774,970.1073204958467,233.4926707277602,32.293191730613806,114.05068818680915,64.91420066547974
2005-01-05 03:22:35.124575901,1174.9023052294272,226.35462950368685,30.141065700969218,104.59662712791848,53.2136540515253
2005-01-05 03:33:07.978824512,950.5283524559455,226.73398838810442,32.133711733550044,116.44064355506276,53.66774749911119
2005-01-05 03:42:32.040540908,1137.936893322535,233.83111555632422,32.88700302532729,113.05176859454954,68.23256754759724
2005-01-05 03:52:26.094058260,1044.021365877972,219.37726538481874,30.676940719911507,100.32357588799897,58.41463550897515
2005-01-05 04:02:51.148327354,1023.976448041077,236.13817361852296,31.99239382705174,100.22881643600512,66.05914320049085
2005-01-05 04:11:28.501043985,1066.207047036652,229.72314181561774,29.749307980529395,103.81597655150698,55.83863672702908
2005-01-05 04:24:03.782454675,1072.0417744550175,226.2136552592961,30.45861323047147,106.52060984442171,66.18868701165032
2005-01-05 04:32:58.395118456,1053.2304875534942,232.89893340055184,31.127106122020543,100.54119168659737,58.20041340151929
2005-01-05 04:43:38.581519071,1057.6702476209357,230.9759454226935,31.769776493190825,104.64568608212514,62.92225597969294
2005-01-05 04:55:00.090438852,1066.2339296388036,240.89333680383808,30.60319481701935,112.39712773029116,57.40818021486339
2005-01-05 05:04:36.348443940,1021.9388819917347,232.74388173421013,31.027808365860377,100.90197886527596,55.79345057443358
2005-01-05 05:13:52.813874713,1100.11569629565,220.60746079383597,30.753983617883154,105.88591527966207,57.19137474711663
2005-01-05 05:21:27.673991350,1038.237505821519,242.28576027412436,31.4755340574615,98.63622425399409,63.00392926855219
2005-01-05 05:33:34.769210899,1067.403200424248,211.41957780488784,31.02016453749931,108.38891217306289,58.843351473121736
2005-01-05 05:43:35.590864961,1178.1035651383854,215.561110854936,30.853309313706326,98.53958558470462,59.415279867685264
2005-01-05 05:51:19.606742477,1107.6976263069296,238.45700459000912,29.960385735533997,99.12185017907588,61.25271292582951
2005-01-05 06:03:18.009489180,1043.627296933559,224.1305274602658,29.882565466637455,104.51264010433371,54.58060087272059
2005-01-05 06:13:04.074224181,987.6451735257751,218.24092847146653,29.980567879649396,101.7879155109304,55.75540100120035
2005-01-05 06:21:37.117903934,1088.8133479145142,233.01931312291924,31.378812730533433,112.2805878901647,58.77214157706327
2005-01-05 06:32:33.434791371,1018.0777191083754,227.1543099389587,30.319353630035017,104.8009584195589,60.88128899014629
2005-01-05 06:42:57.592933597,1035.8617869350737,227.65849853866405,30.7734740053191,100.2815963636647,58.47545425119734
2005-01-05 06:52:57.935826485,1080.78656834068,222.9669529881057,31.41311791251517,111.08515924784169,66.93014973823645
2005-01-05 07:03:46.879377820,1017.9979898286546,239.06320957678986,30.19564348985622,102.41704003596855,63.1725098708565
2005-01-05 07:11:46.272210066,1094.1223430765274,225.20958343225402,30.349118821791354,101.91802452287382,65.52946955424143
2005-01-05 07:22:56.471738316,992.9725909126911,235.1990969936768,32.12563501552597,101.92880339457092,50.852903704472546
2005-01-05 07:32:44.665415042,1099.0708761158787,223.58362202045765,31.994145028788207,107.38852360285648,56.29524735408868
2005-01-05 07:43:23.830234710,1092.9331613110942,220.867590144797,30.937062662429405,97.847497511244,58.65229908546077
2005-01-05 07:52:56.759480772,1162.158329177864,234.69844102282823,31.339481585782508,94.8702468368296,59.796915573003254
2005-01-05 08:05:03.883234172,1016.800517449884,226.34405347275796,29.506182971687945,108.56127031653048,66.4871312414316
2005-01-05 08:13:16.143077576,1077.826924802383,222.88700473835837,30.898527693933225,108.51664922335709,54.71796903127017
2005-01-05 08:20:47.330664166,1030.3179564600987,240.99819016840917,31.6813518653146,119.71510203859238,57.9192202538686
2005-01-05 08:32:50.560868528,1052.8597868607903,223.7794311404703,31.632854852332233,106.19025720261637,58.86767632096387
2005-01-05 08:43:25.501125670,1090.9820548078274,215.27120116742122,29.68437177721458,114.57935442663103,58.65705539711748
2005-01-05 08:52:44.390439032,966.4106241180411,215.95850798376722,32.17379729788614,108.79427677501275,63.86095870900267
2005-01-05 09:02:59.787834113,1014.9448310547381,213.14122642324418,29.60670443333646,106.28599750695318,61.460869696837094
2005-01-05 09:12:58.015768789,1004.7204599827822,230.96714399611554,29.91983931291513,108.8581411982419,54.31878366196358
2005-01-05 09:22:04.005929306,968.563165683694,216.156568315146,30.34591290235395,112.54786944458343,64.47110061310461
2005-01-05 09:33:04.727384590,1040.181812342698,233.41113075233793,32.45533605734369,108.12226112853548,54.92808749644309
2005-01-05 09:41:50.335646706,1111.4768554284167,227.272463473309,30.941164261389186,118.23059827530956,57.175001344186924
2005-01-05 09:51:52.550927957,1093.39458115486,225.52516127801067,31.494791130450672,109.95986728592607,52.96152315998671
2005-01-05 10:02:22.087958550,1141.555131943022,221.48308262684668,30.675156795844977,107.60999077264935,56.5412285769574
2005-01-05 10:11:34.086899132,1057.1579662418699,247.00702610288099,31.469264348663906,113.78209331077042,57.83945496229492
2005-01-05 10:22:39.707256994,1026.0530732859704,238.37540498257604,30.930881572057267,102.58215979687543,55.38173791451055
2005-01-05 10:33:16.987808545,1112.058487020405,251.283781239768,32.29677887322198,104.76354018863616,62.35988018056666
2005-01-05 10:41:55.179169366,1073.3699968589908,219.37466581140376,31.89190124746477,104.07757917965156,61.43527999492151
2005-01-05 10:52:40.122951711,1046.7338095513949,226.17422408990774,30.599032120914107,108.77068431911785,70.80992868888153
2005-01-05 11:03:52.526922203,1127.4601370996386,228.95194462721423,31.78847354851867,100.97642747101985,66.8897452512355
2005-01-05 11:13:40.054074855,1043.7991038921687,222.28369013471843,30.614867831335147,113.15884529921141,53.48227130739256
2005-01-05 11:23:18.516881500,1058.7164937865211,219.52502307788066,30.622930517132055,105.64184234120575,59.88646909095
2005-01-05 11:31:52.098128813,1039.7275129037068,235.61055747008027,31.21246750124126,110.42665927064257,62.81478250172546
2005-01-05 11:43:15.813211102,1087.65052625084,237.99707916306352,31.896821965058397,124.388763042576,59.81309739051854
2005-01-05 11:52:59.521689221,996.7852280661025,223.61719213502545,32.77990730185782,107.52271908536133,63.0665029520751
2005-01-05 12:04:26.530248895,1009.8650904883112,217.7857342908532,32.54982460062844,106.55385884742815,65.00543773849492
2005-01-05 12:13:42.291318147,1083.4835705439098,232.01237651642052,30.96073634027245,121.04674199000394,62.386318032555636
2005-01-05 12:22:46.416747854,980.2234163421127,234.86510203831867,32.25227345121648,112.3897777251758,67.4173435515397
2005-01-05 12:31:38.305277666,48.46827519971122,96.95361437749,19.40441111748663,104.42901708320532,61.32588759720311
2005-01-05 12:44:30.640423285,33.77873489436724,67.75502537217005,13.428373748710376,86.40039777774089,58.741802657671805
2005-01-05 12:52:44.720194501,25.622643495815502,51.31699358329369,10.374953346587755,77.3811253487562,56.84164809573328
2005-01-05 13:01:10.162892135,19.257250986858118,38.50688701972816,7.887259125254756,70.64356190762553,54.70235027807372
2005-01-05 13:12:12.360252685,13.336702313568434,26.712174200023,5.3226535645314685,64.17411658560687,52.273380641445236
2005-01-05 13:22:37.639088944,9.938812522327613,19.965552987528326,4.065485565199476,59.776547665252686,49.99151549652156
2005-01-05 13:35:02.573438445,7.362212269928057,14.812662550279907,3.0207094401136945,56.27950570366406,47.75817261088257
2005-01-05 13:42:58.550102744,6.356579809487239,13.02750457207905,2.6158116481018854,54.38854525404971,46.36882435989764
2005-01-05 13:51:33.482676585,5.845126335648837,11.65667495008729,2.3443655607375558,52.67046372264316,44.988323442901766
2005-01-05 14:02:42.911597726,5.324024786034584,10.570618683373192,2.1921930948808517,50.62843255637188,43.33488802728269
2005-01-05 14:13:47.029903386,4.948390729424874,9.9402596475428,2.0004481689712614,49.2319490895632,41.95625908991643
2005-01-05 14:24:54.644402519,4.999499040641546,9.64289005909499,2.0881751079667144,47.78731652957033,40.696185562551385
2005-01-05 14:35:25.469104224,1116.4614919865421,143.1338755180502,15.627418211534545,50.70932384535223,40.92540988994516
2005-01-05 14:43:06.172151972,929.5984150256405,160.71435200232725,18.72734046312064,57.5869105919214,38.27130594769218
2005-01-05 14:52:12.036026935,1089.762079651753,177.710809273019,20.356765962473123,71.13088479205584,49.58340222017782
2005-01-05 15:03:03.822003498,944.6274559530227,198.47070623446427,24.033707460430772,86.56086036136077,49.848603873518016
2005-01-05 15:13:28.528538418,1080.3872487489807,212.15197114115813,26.53152656004543,90.98361627777635,49.218363447995
2005-01-05 15:23:11.322901235,1124.1517830935368,217.4759970670499,29.580635268226278,90.4045519039529,40.84476549592096
2005-01-05 15:33:26.436478472,1036.3169899084,203.4804036864969,29.90866792184318,100.56631596498832,48.28506402387984
2005-01-05 15:41:18.564132733,1071.606125375036,222.33703291150414,31.47863054634205,100.59386199794682,50.413761648932045
2005-01-05 15:53:55.104756545,1099.7603286181495,239.53855780720178,31.819444639292715,104.65784955469653,57.30019582600414
2005-01-05 16:01:25.225251722,1111.9305325200573,240.77394224666094,30.532153107303426,105.71271148866637,48.62317170310863
2005-01-05 16:14:19.153410942,1058.0631724709567,236.2009783152901,31.594027939866148,112.15528063006533,56.243144573168614
2005-01-05 16:22:41.046790152,1094.054217013726,242.86880632302768,31.658554437013702,103.38390509496703,48.786138060412014
2005-01-05 16:31:28.419893198,1063.1226797407269,221.51949236432046,32.55301321126957,103.25423035084518,40.690309166086905
2005-01-05 16:43:53.912654759,978.9484387141973,220.1008391431456,33.486115348963054,108.84414271981328,58.054981080289544
2005-01-05 16:51:49.040093342,1080.1483166201697,240.74418648165292,30.75979590561869,103.62163025324264,66.819150708474
2005-01-05 17:02:28.862978787,1014.681209266086,242.05785316781578,32.93118206948443,114.0051279307024,56.339133571601934
2005-01-05 17:13:12.512038555,1057.1254095904358,244.38775296429728,31.847121858232416,109.95463570908889,57.48243035675098
2005-01-05 17:24:24.564161000,969.7881171873905,219.657309219094,31.801982066243834,115.09648990244499,60.69475386819457
2005-01-05 17:33:31.616647411,1067.4376985122426,237.5184780485287,31.336598099971663,109.64112599114017,61.333935481962534
2005-01-05 17:42:29.970656329,1024.6848110769256,228.60055427301938,34.10790267646081,111.85541721634043,61.87590521673204
2005-01-05 17:53:37.488528544,1055.2572689435974,249.42491615865814,32.08199760862022,120.95669382419626,62.03656891952505
2005-01-05 18:02:54.618729344,1043.4822975009429,233.76494088558397,32.221220053699014,121.29090388568022,59.24159211475731
2005-01-05 18:12:27.269714806,1050.9910700878713,233.20037691593816,31.66299566998681,122.64847728296235,65.61556221415
2005-01-05 18:23:31.707537386,1065.9263586699528,226.35911224093724,31.21951359579502,108.17657902440538,64.32797225833286
2005-01-05 18:33:29.704226062,1147.0767796350174,219.8072769788085,32.48440644339067,111.95361434597265,72.01094932749723
2005-01-05 18:42:35.321198754,1000.2377586248035,244.7278562701285,32.850509663146525,120.34590601237507,67.17285652676551
2005-01-05 18:53:15.455774762,997.6488672512501,221.99365563136632,33.2095199088096,113.43671825173568,63.73964234678206
2005-01-05 19:02:24.054534246,940.1650531303777,245.0770613596615,32.87134364099195,119.65017807138086,61.62227790933598
2005-01-05 19:14:47.383641240,1108.3435125189148,218.4120870165523,33.227344202391826,122.14788600787693,66.52658234488548
2005-01-05 19:21:19.038297243,1035.1594498231161,208.78496201097337,32.15411125534207,115.65532915619063,66.81293858100801
2005-01-05 19:32:05.943245918,992.1067070430028,215.11521853562363,32.886734728728335,116.48353261210521,64.28498493111411
2005-01-05 19:40:33.843601773,1030.5115029121682,225.70531701231195,31.02181857251052,114.77296563827569,63.26581410004556
2005-01-05 19:54:29.887250639,1144.2812920383271,233.92217607613944,32.38001144453232,111.11554206947486,66.84502713217432
2005-01-05 20:03:45.704897656,1046.4695021459193,238.66086411261674,33.865710990926246,118.97028018161932,67.31806915324815
2005-01-05 20:12:53.085573908,1100.5933377152103,215.04695286605036,31.356500522579253,111.80847573164989,59.645433826431464
2005-01-05 20:22:32.244964627,1013.3600189991632,241.7297652001137,32.939507012280785,117.09420198303165,59.640521277599
2005-01-05 20:33:54.555073181,1137.5066851733995,247.62689053786562,30.91023151138335,125.37733351995166,69.22989502912428
2005-01-05 20:41:57.193336582,998.2591342731264,219.84624872426303,31.34392724757021,116.87353934612912,70.86100227721467
2005-01-05 20:53:37.294123048,1059.7676379134377,224.236913907356,33.150141570364205,110.16491895606653,57.570379324806474
2005-01-05 20:59:59.424405820,1033.2001457277572,226.09262286593312,30.89299932821996,117.39074502268237,72.31932566871966
2005-01-05 21:12:25.739963779,1082.1423782940087,218.5868411570171,30.983362027585592,111.13136459767452,61.164404603528254
2005-01-05 21:23:20.612147229,1146.0664638727749,243.99463623349587,32.61427550819858,120.36996440882479,63.47890354191141
2005-01-05 21:33:12.699940554,997.8483489130055,247.4997016330663,31.712530003697246,118.58487502274535,67.86946707573131
2005-01-05 21:43:07.814066419,1003.4554816977511,232.2466503835187,32.20629840189493,119.9655819435183,68.75505449655009
2005-01-05 21:55:00.354415797,1045.8127288849669,236.0267283421978,32.64671967165088,122.6938973856192,73.10708825465903
2005-01-05 22:02:33.066553456,1108.1742658805224,229.3572710298947,32.55521074920689,118.63556044994795,68.41363874223377
2005-01-05 22:14:04.972777383,1055.453824408262,223.92816531560976,31.742918573886765,119.53021101323421,64.12486316975338
2005-01-05 22:21:23.222671466,1048.0682389194315,226.24408027401014,32.184118838649454,112.8145857132001,64.55473128726172
2005-01-05 22:33:15.474788707,995.8883980710025,229.4571367432432,32.64832085407623,119.53822630655239,64.75377930753068
2005-01-05 22:44:25.878694369,1029.4235512179107,238.10633739676874,32.40398988329824,123.3651819503612,68.0393342285974
2005-01-05 22:52:22.706353876,1111.1018188123815,242.65714365666656,31.404398552308372,115.03478648467605,58.923194931186444
2005-01-05 23:02:22.742573553,1095.291389103325,220.6036413924737,32.30606380591123,111.78506860695185,60.976936349355526
2005-01-05 23:11:28.132642759,1063.9530784093186,235.04744212529715,30.96209630586366,110.69871663729292,60.01641217086473
2005-01-05 23:21:47.979242054,1005.5858439513001,228.00215339755647,29.765620582548628,110.8655375043189,70.2624438576976
2005-01-05 23:32:34.446138793,1194.1145243252636,219.02708966222983,32.22277339282161,117.5614795336273,67.14474031435961
2005-01-05 23:43:34.956874663,924.8708839969555,209.54064495660086,28.79853394862631,109.79988428831894,59.15819244619475
2005-01-05 23:51:58.687905340,1091.4422074743802,209.52004377938778,31.863837616421275,120.63853806950809,77.42382366455209
2005-01-06 00:04:09.355929172,1055.2120467905734,214.42917037392843,31.342769532640812,109.45726135902191,72.36929756478794
2005-01-06 00:13:58.778737415,1075.7137719714856,231.3410292066619,30.75000612168755,112.57162110837778,64.33292045473623
2005-01-06 00:22:17.191048278,992.8912045320568,228.09770472744069,32.26169254108337,121.51611726561552,70.42466671459523
2005-01-06 00:31:57.956140616,1045.6679809797151,224.6811670858521,31.423777520470136,114.75424444246832,65.81504315608532
2005-01-06 00:41:28.006876387,995.6637802712669,237.86385848299557,31.684314567007103,113.75381721205332,58.43585490681661
2005-01-06 00:52:37.747862947,985.8308221816342,235.05514283129259,30.87037645185459,113.62776534395746,62.343031548675775
2005-01-06 01:03:10.906831392,1041.8654801053792,209.9463340234448,30.318337613495366,111.77108306532571,67.01042594366074
2005-01-06 01:13:07.957564646,1038.9562221403314,227.42326125478914,31.487530695435957,107.85667880722816,54.877198578511305
2005-01-06 01:22:41.970739774,1052.8787600818757,223.14039498311845,30.31023037215683,106.95946878655141,67.87337073189931
2005-01-06 01:31:30.681069045,1112.4629518783506,213.17090411849836,31.4896925670267,119.97823596362898,66.5483714441221
2005-01-06 01:42:58.363617273,870.8674842579712,214.85399382565302,32.10054553183552,110.85622057902484,56.54203258984862
2005-01-06 01:52:48.137597441,1067.4637542270132,237.5843226788999,31.662709420423962,103.85173783893613,64.85970722977444
2005-01-06 02:03:36.769909487,1032.029703825061,229.24907752025848,31.410507666444857,106.35636099750589,66.54549959840715
2005-01-06 02:13:06.960272890,1050.7412392972337,227.4461391159082,31.08500306941154,111.4781159253199,55.10231028219412
2005-01-06 02:22:19.464969609,1125.87234180595,219.20550768237493,32.608660000970595,107.62346641931046,60.31611521096303
2005-01-06 02:34:33.890972429,1008.2869246713254,222.16760807684955,31.358329603549734,116.36854398100327,60.22432339027399
2005-01-06 02:42:57.580061544,1006.6919835739475,216.66976061248374,30.68289638264448,113.17988570520018,52.238426574083434
2005-01-06 02:50:38.587462565,952.6323638694435,218.98213236228273,30.16004487412866,109.34616046015077,55.974451447104904
2005-01-06 03:04:40.551679107,966.4114344896786,228.8196503792238,31.403456536306326,107.33209477627663,73.21671752934361
2005-01-06 03:13:48.608583467,943.9094647414402,221.87434679352572,31.972748714125174,108.30500237586456,60.39224527172358
2005-01-06 03:21:17.089629175,985.7750312745708,236.57185532908994,32.27898561709524,120.17724021422707,69.48731066339823
2005-01-06 03:32:03.113679668,1047.7660200435123,223.30905064510324,31.822215648265228,112.25661414051383,66.3000443577587
2005-01-06 03:41:56.333495622,1204.075413312939,228.57284821844866,29.60620107141947,113.10405079489009,60.97413027668461
2005-01-06 03:50:53.055770015,1003.3209781737372,233.98373138836274,31.512527740504698,108.74511427479437,61.817062852042966
2005-01-06 04:02:41.315589252,1046.7338400634621,239.5410909511755,33.432163072910456,116.3657652450068,64.70118901072647
2005-01-06 04:12:43.395068745,1112.0324378255998,230.8083504943956,32.481105380597725,111.73319345716138,63.396288513002716
2005-01-06 04:22:32.119647035,1044.4106262548423,221.7996716225008,31.963198678745137,98.83319113420568,46.0036222986401
2005-01-06 04:33:45.430817905,1136.0652908514012,232.53854060886465,32.08885800764868,109.09694752546913,59.823908319230746
2005-01-06 04:42:57.199628579,993.854379535612,233.32000657626796,30.438535824663695,109.71910416405527,47.18568221860687
2005-01-06 04:51:04.060155792,1093.1199101748196,218.06159769933677,31.31925974469583,110.5260228460978,55.30798207253556
2005-01-06 05:03:17.163480906,1041.2813028497,202.1391341581098,32.20485129516225,114.48269354647827,54.150827783324345
2005-01-06 05:13:12.359897349,1035.7505882747312,221.6155421761923,30.575384188834406,106.56991044970343,55.43469301241138
2005-01-06 05:22:27.185936753,1072.3958956134986,224.86089284273794,31.731547422189784,109.20204848333664,56.674890506025385
2005-01-06 05:32:16.411451895,1154.4193465209667,235.67413988449277,32.508574160569474,106.53616403631855,53.65232723088276
2005-01-06 05:44:52.583211100,1055.629394509333,235.34280763662204,32.59804330634691,112.43269987657311,56.57499985138091
2005-01-06 05:55:00.121985850,1127.2108817516394,231.6122327581556,32.15849362093096,111.34287223593253,54.21345166687871
2005-01-06 06:03:08.725035501,1048.1813383096328,239.70095508907207,30.730699244800725,103.01066048602428,51.21749166979731
2005-01-06 06:12:58.904469668,1168.591734588913,236.65470259999597,33.47970116358324,110.67308193729338,58.41137927637159
2005-01-06 06:22:19.694464938,1155.0622507578007,223.33544891837747,31.92996172445616,114.49260826737915,58.63502282360514
2005-01-06 06:32:57.715711868,1055.736130206813,207.8293824559419,32.752259122910296,107.97265131621694,60.58874575667091
2005-01-06 06:41:43.129254330,1097.7308290236188,224.16404296774357,31.906275228728187,109.9103897844926,65.67196941211166
2005-01-06 06:54:20.837173287,1129.3510074816525,235.0879442447425,30.56903313050603,106.38421876944544,58.96030854406948
2005-01-06 07:03:35.798071232,973.7632272512386,230.96780670888268,31.70392998693344,109.60127041308321,58.20590476265632
2005-01-06 07:11:44.185732060,1085.2934559506955,207.92731710686408,32.173926782862075,102.02774850348386,59.59812704208316
2005-01-06 07:23:11.314136391,1032.254267809977,225.15202357218024,32.89139345958921,111.66045150145922,62.33656991877586
2005-01-06 07:32:44.277871150,1023.4119611176982,238.87309482032367,30.56654825071829,109.874085758153,63.95521797389323
2005-01-06 07:42:17.358973180,1043.470035832297,222.67748820230025,31.0815558366146,108.08272302303544,63.36350329228484
2005-01-06 07:52:08.369465047,1071.8176079512207,224.79908603719997,30.120552663610244,102.95049560559517,50.48060492842159
2005-01-06 08:04:05.796009415,971.6496035089883,203.18624616283182,32.58514549393739,111.77938271026018,58.587213341353966
2005-01-06 08:12:23.312396208,983.5305340384322,220.75458431644807,31.1824613348589,101.91149628496449,59.39297507028204
2005-01-06 08:21:58.430859992,1017.9702431336464,218.77215691180385,31.71492931681096,104.52991576898427,64.83548216934193
2005-01-06 08:33:05.521844976,1164.646498192015,240.61321605040385,31.732486256210084,102.8412537279249,61.13752626840893
2005-01-06 08:42:08.996831969,1034.7636097671693,220.09042921076147,31.930621837235517,108.57697490961976,65.36901159527216
2005-01-06 08:53:50.025713577,1065.9804402577179,219.6147853566851,32.9686456305733,112.12699029923789,62.592586842293315
2005-01-06 09:01:54.644780623,1060.9777748105114,230.64866247891965,30.634072916719834,104.3143466347099,63.58680703579646
2005-01-06 09:12:56.830950577,1048.3955354631237,233.7010891000017,33.01297892680706,111.7906050885199,61.23359353014339
2005-01-06 09:22:14.519751986,1109.7072763051904,232.4464583642286,31.110491195398847,106.26287406060169,57.45540482878185
2005-01-06 09:33:19.108625180,977.1342615053927,247.93272220655328,31.312041513532687,110.34454155954295,63.31141262456632
2005-01-06 09:43:35.025198616,996.7489259639648,230.00423390293554,31.741706252068457,110.66263935948129,61.218562242332936
2005-01-06 09:53:59.207456771,1081.7033925196974,242.6069369185121,30.694971586365114,108.9024386260989,67.02890047703355
2005-01-06 10:03:05.926987523,1019.6727607951053,237.08886802903604,30.528372856347907,108.67467108817492,54.41438620606827
2005-01-06 10:11:26.576706805,1102.1266166169826,241.4811444917971,29.91393908570684,118.66649136030298,62.36032238485237
2005-01-06 10:24:22.047534070,999.8645596390925,223.28213802003685,31.750221707647672,104.72257457762868,60.69172542851536
2005-01-06 10:32:12.752833082,1095.27453529458,208.19346602193815,32.10708793262043,107.03709782658171,51.59910115577308
2005-01-06 10:44:11.944354861,1132.8619407043211,217.40767756317877,31.98568966175461,110.10468700864274,59.29310388441287
2005-01-06 10:53:25.020426835,959.0633614528193,213.11455489749338,32.365387232220556,102.5684393119187,59.78023019781059
2005-01-06 11:02:45.862683914,1057.1846441712523,205.2612702688976,30.332422042364527,103.92825041689807,60.2635590482677
2005-01-06 11:13:32.629952105,1074.1776495118286,224.71307707219344,31.581216087427826,118.17388271761779,66.84960820672126
2005-01-06 11:22:00.084152312,1035.1788233425602,238.88270185545622,30.461072110470198,110.01716248862623,56.770858699879994
2005-01-06 11:32:48.800111962,1009.7662593630043,212.0139868789239,31.769238914679207,112.69821532003947,67.77424971845139
2005-01-06 11:43:27.705331895,1062.9886907908112,203.43785090797633,31.948074204624472,110.26552320562305,68.89406159315295
2005-01-06 11:53:57.636816900,996.3407025097239,219.74157554944162,30.954555601863806,109.05756495842428,52.159387023476945
2005-01-06 12:01:08.147142340,1001.6403848378155,232.54976429308147,32.586602768196485,106.37017947903963,60.90563606225822
2005-01-06 12:13:48.018523468,997.1867118442941,223.41010690595638,30.700222025291726,117.07571644830838,73.04304715657932
2005-01-06 12:23:09.575631843,980.8311083921966,218.95358203468092,31.090398955450134,109.45517833543903,58.532797888023325
2005-01-06 12:32:39.869679508,1015.9778653087055,219.7167161410022,30.794619609849367,111.77246141861019,61.81117149281681
2005-01-06 12:39:37.619958141,988.8098348497379,230.94317884455577,31.184956637414388,112.27724612223363,63.27793565894255
2005-01-06 12:52:40.780658330,1060.2291027412787,212.28139989759887,31.03782646586681,115.29235753156046,63.95929563548191
2005-01-06 13:01:24.235168963,1023.5993983144027,234.98195013948134,30.403239420526443,117.30548169248746,66.56939882602055
2005-01-06 13:12:21.463693810,1054.292418302815,236.12585727458426,33.32315753281036,118.6982110711283,52.35868470136712
2005-01-06 13:21:59.063042358,1029.3727174234305,225.87759805061324,33.829588682509424,120.62278170750872,63.56397225186018
2005-01-06 13:30:38.845000652,1076.0068791659928,213.36147822642607,33.159834214392866,119.87755104871599,56.22942987009979
2005-01-06 13:43:27.107897153,1053.6535123464155,233.26969239450972,32.75161338716413,123.15096338344291,69.7065397360845
2005-01-06 13:52:25.506390579,1002.1209877419216,236.51592940425397,31.725167089907792,113.66337702607382,60.254853977722874
2005-01-06 14:04:01.685756086,1121.5094891092567,240.0287525730879,31.39790554040474,125.26119511076244,71.30182620067949
2005-01-06 14:12:07.978892132,1090.1664392674086,214.709182103357,31.518188758923987,129.17211010567354,66.68740757233869
2005-01-06 14:20:49.168452105,1046.70686496033,235.14100781191303,31.950565738941766,113.35171231852462,63.832234701816475
2005-01-06 14:32:26.367146756,1152.0886708466246,238.21997846911327,34.600378435269306,111.77959779598456,60.50733563636933
2005-01-06 14:43:45.974140520,1041.1271958455636,231.5936935092772,31.631232373389075,124.96051730862159,67.6593364500878
2005-01-06 14:54:08.399913829,1006.0238301804536,231.94876685358756,33.35083888842605,116.39086343942274,65.38072504892149
2005-01-06 15:04:52.655357420,1051.3929743929837,244.46697680571026,31.74195739332049,115.44161663080602,56.18403142588304
2005-01-06 15:12:54.304391336,1052.7146386022619,228.4814290477489,32.99975007477509,121.71383204290011,70.28198310970828
2005-01-06 15:22:54.233682250,1129.9284905099405,221.65808963701213,31.925574723999908,110.58693849713575,64.72597294352327
2005-01-06 15:30:54.182922214,1053.0987010044955,235.74742127961684,32.8818738055618,122.24086446415065,73.07519717860897
2005-01-06 15:44:17.293446039,1037.752037380074,229.84645174807778,31.21578544329754,111.48916391311927,68.8324844823849
2005-01-06 15:53:49.383355251,49.01323430386503,98.08178737323237,19.703429591865294,109.52979336450005,65.74569542256204
2005-01-06 16:02:50.772661093,38.83301286625103,77.49722572380534,15.575971547806272,96.60657329214249,64.17372159708775
2005-01-06 16:14:07.210262876,27.15740718427625,54.45248417075652,10.981635479519285,83.18518144847043,61.369092174508026
2005-01-06 16:21:12.819846334,21.42091248918238,42.762592736906896,8.573790724706774,76.95434789198539,59.74323950319014
2005-01-06 16:33:06.622077945,14.828905356111733,29.643214627730842,5.771012264105472,69.64057982192651,56.87158273647767
2005-01-06 16:42:02.615337183,11.598906793736795,23.1398353851391,4.8174525346374155,65.78034346006021,55.08206589663248
2005-01-06 16:54:10.498747079,8.836628648105458,17.942884616745864,3.71366126472461,61.772061760738254,52.37605915325318
2005-01-06 17:03:16.872679542,7.569824952011581,15.233408024396038,2.9046998367044994,59.501413884224625,50.832900674836324
2005-01-06 17:13:06.337412078,6.946980612808116,13.769744570824873,2.742547626049369,57.35950164903858,49.349906748544846
2005-01-06 17:23:13.935302060,6.277893732454772,12.54345729135448,2.2468026978226043,55.398154137689325,47.61064691810615
2005-01-06 17:31:44.213055025,6.063992936845863,12.08370750006726,2.3451486041942378,54.12893013333301,46.378157219073664
2005-01-06 17:42:08.682739747,5.793821960124123,11.661183280145305,2.223579224549856,52.57469756089835,45.08927758011279
2005-01-06 17:51:51.620278937,5.520678061236428,11.383945538812153,2.443593844810527,51.13951203050597,43.90158883502287
2005-01-06 18:04:04.158099908,5.533506074389032,11.420935340071663,2.1466099757483863,49.945962939284655,42.510753905975854
2005-01-06 18:13:58.630767384,5.505848513056331,10.940297670248674,2.322675394878411,48.87563619748053,41.294943337424876
2005-01-06 18:23:04.272954514,5.449435330370363,11.022645299418128,2.408735706755823,48.02890729766185,40.60303120270539
2005-01-06 18:32:27.432148383,5.401208735511582,11.0453246253157,2.0860088001916983,46.97605452705911,39.668487458938564
2005-01-06 18:43:32.155913047,5.513197302931934,11.145694398262387,2.118131504977479,46.3118661654127,38.81808282616377
2005-01-06 18:51:49.370547984,5.239686234667604,10.984557667519919,2.1412806629562082,45.67021348210551,38.10479564193232
2005-01-06 19:02:53.034118917,5.55900098815965,11.066421878717247,2.141208069454643,44.836721760128356,37.45616315178158
2005-01-06 19:12:50.141292062,5.479362797453246,10.94725454012333,2.2438471934944246,44.02837382886257,36.90435247577655
2005-01-06 19:22:14.504141176,5.411346709108817,10.955497752275868,1.9359905082974325,43.5475693690555,36.27466722067223
2005-01-06 19:32:48.612440853,5.446682021016387,11.013282637362012,2.172098946459557,42.993242707285475,35.786424160581
2005-01-06 19:42:56.173545384,5.285863032200601,10.933066361279737,2.257244953919443,42.383274924735055,35.07712910979233
2005-01-06 19:54:24.226810871,5.567075667645588,10.760228128865956,2.2218299734781324,41.69368678303177,34.372827377643354
2005-01-06 20:00:50.894286336,5.4159824927052815,10.820489252580577,2.1477789340237643,41.642398425229935,34.1233583819701
2005-01-06 20:12:41.071133197,5.266244232027224,10.770566233219224,2.291954459586031,40.86894117237248,33.722792683438655
2005-01-06 20:22:55.877586383,5.370471623716601,10.659091215693964,2.1915795268085754,40.5092030236275,33.10398673265559
2005-01-06 20:31:46.368484405,5.390624576500517,10.806060165120625,2.2675994465612357,40.18520791180858,32.85313928910472
2005-01-06 20:42:56.143344833,5.104492185766763,10.483296732348064,2.1889863757688683,39.72182509384472,32.443789342407946
2005-01-06 20:52:28.961572297,5.208958424393457,10.357536698572433,2.224620655800564,39.426205130252335,32.120406522756184
2005-01-06 21:00:44.652117894,5.276968936958697,10.307276768867457,2.0692599653526083,39.10299511229011,31.822640194049782
2005-01-06 21:14:07.200773624,5.185587678361002,10.189630419950472,2.266872025417375,38.72276340740055,31.090284631618577
2005-01-06 21:22:44.943367922,5.194280425736049,10.22000446630073,2.1312047458753796,38.11876677210982,31.074386120872152
2005-01-06 21:32:11.431924810,4.916510179901878,10.228065892764072,1.9814624300398829,37.85830916071119,30.73395276933684
2005-01-06 21:42:45.698849762,5.105258996907344,10.143691190363313,1.8971315223179692,37.66662401817929,30.248003620911586
2005-01-06 21:54:16.960267348,4.939983808258949,10.035100565982027,2.118074202284752,37.31151916512422,29.967420151746307
2005-01-06 22:01:27.620970688,4.977681371150998,9.805997458402004,2.0673071136122827,36.933245442918114,29.603739558385485
2005-01-06 22:13:37.865989526,5.025580630226388,9.813064515784427,1.9338644023195903,36.46145965491232,29.24839312424189
2005-01-06 22:22:49.617576539,5.005716094843199,9.883146252203469,1.857788782275651,36.349355833537174,29.07817775052412
2005-01-06 22:33:03.744672743,4.6825828448338225,9.585949056582413,2.09926423819903,35.8532656775619,28.90291738781064
2005-01-06 22:42:26.594221116,4.980340532590932,9.505446305573932,2.0366409217718866,35.53142370102991,28.381839140005063
2005-01-06 22:52:56.008845386,4.749240394429821,9.579889789876052,1.8866604759181487,34.97385587879683,28.04172321447081
2005-01-06 23:02:31.765044346,4.759790180775639,9.586718180585079,2.065392503655558,34.957678242131664,27.83928424175123
2005-01-06 23:13:44.451292926,4.5881613744410865,9.289240349193877,1.9663664160203327,34.672197910398076,27.581975785023953
2005-01-06 23:22:54.359405197,4.703003259439273,9.344860791353065,1.706949559608782,34.10861355467622,27.28373897864076
2005-01-06 23:31:54.431112060,4.6394544107192655,9.148881963603946,2.025215245720051,33.85815411698861,27.019276308037647
2005-01-06 23:43:55.564848114,4.363055043727761,9.055284164243032,1.7090210480545367,33.69694106480239,26.624021291231287
2005-01-06 23:52:26.084311825,4.5734001462600675,9.018675777163166,1.6073184368885647,33.51726611417609,26.438535530620534
2005-01-07 00:02:48.702986160,4.58346235904908,8.877225656497961,1.6105690735009528,33.0825935867799,26.1550615222602
2005-01-07 00:12:07.700029063,1053.9339096300864,151.53440425099473,13.899940849975248,38.38552146742279,24.508762129022024
2005-01-07 00:22:05.458852571,989.2434546427309,170.90370398489335,19.077219271044658,49.83237477716596,28.27278336515076
2005-01-07 00:32:49.261618965,1015.2658599027042,195.33172959550666,21.911723125349937,60.093400373833106,26.890220418070662
2005-01-07 00:42:42.621499900,989.2407770131908,209.30289887293904,25.88125119501892,66.71098933496272,37.37772871384053
2005-01-07 00:53:38.349059964,997.0818334323548,201.00171186471312,27.231879915088093,79.71545588964948,36.133551759918355
2005-01-07 01:02:59.299044355,1023.890288495876,203.8727836570024,29.499396627690675,86.76795979822751,35.41761383462604
2005-01-07 01:11:24.611519024,1077.5214680776255,205.47482513641745,31.126712641464888,82.78385350059757,39.84333128561226
2005-01-07 01:23:33.573219361,1093.2510486006345,236.2800661462116,29.58620846412871,80.83729093278694,44.4571722561267
2005-01-07 01:32:38.757357953,1007.7349653264582,227.90762173443937,30.85352782238933,91.48900201207069,40.931014472841575
2005-01-07 01:42:23.789912965,1019.5714449871202,232.86304435288957,31.21017991502917,99.00230155888926,38.345446030728496
2005-01-07 01:53:18.648290838,957.1581886352039,216.49035028224037,33.373771551382355,87.41715407263833,44.01956310130321
2005-01-07 02:00:46.794670666,1070.3198365141848,255.58190665198111,33.094158159520696,91.68726679670982,45.12121931154199
2005-01-07 02:15:03.613435247,1029.3364265952252,226.0502647315132,29.745243352672944,100.95552556199756,47.93396930660488
2005-01-07 02:22:26.331123401,1059.2564155239727,216.5900359422727,30.46344528409368,104.1340548959269,54.43615052094791
2005-01-07 02:31:54.731564786,963.5125596566735,218.1137108323736,30.21486756764221,95.325280940298,46.9012043545701
2005-01-07 02:42:08.198182278,1068.5776545152055,237.73043199597214,31.428361775442628,100.96322312029876,47.88817385059524
2005-01-07 02:53:03.701070281,965.3695108633747,233.5050357288664,31.51910802446605,106.69827762024691,62.07271148924154
2005-01-07 03:02:14.482723948,1008.0604927125161,220.03953810440836,32.092727770899366,96.42681909007997,49.95129430727385
2005-01-07 03:14:47.177026853,990.7129162112075,224.31222092751386,32.22959696550448,99.69895783867032,50.90484870816381
2005-01-07 03:21:11.356082075,1130.036181122849,225.5917246319893,31.990463832771784,101.37845984019344,52.59313647659758
2005-01-07 03:32:12.443725489,1020.5051375669727,221.78376948179908,30.797747160668525,98.8007556550109,53.405053179622215
2005-01-07 03:42:34.798548940,1062.6771474539833,227.7701993102451,32.60016835762763,102.95832951543525,49.06793288848523
2005-01-07 03:53:15.016603886,1010.3041680381427,208.3268389773498,31.28275893888115,94.91669756562109,43.1516212427894
2005-01-07 04:04:27.355442140,1053.1082887401842,231.85983880808973,30.039269583301824,108.37191223567174,48.267781316242875
2005-01-07 04:13:54.090685003,1009.5681660945525,213.2663211342765,29.885649552743743,111.5190883543245,58.08903566044727
2005-01-07 04:24:45.379254056,1096.2227949666144,231.30675698205715,32.00471630196863,96.9069656215751,57.91070752868722
2005-01-07 04:32:50.293647053,1118.456726909966,237.7934036990819,32.1819083649175,105.71927661662053,50.21602412242757
2005-01-07 04:42:51.779453126,1071.0262809195547,226.1627052963098,30.73330380826503,108.11259733126649,44.98375494382368
2005-01-07 04:53:54.430764278,1072.8941751262435,231.45891489561689,32.290549187387256,109.60241510446939,55.49936355755419
2005-01-07 05:02:33.851922888,1128.8004008399655,220.93221837107345,30.653660260414107,108.8931218147091,60.60601400328323
2005-01-07 05:10:46.276671337,944.5720607805602,226.30385923077876,32.14427762792142,99.0866568994074,43.59264454623907
2005-01-07 05:20:29.965391596,1039.7176038879697,224.73313615135984,32.149127222210396,102.19507215813854,55.017759044846215
2005-01-07 05:33:45.721268497,1013.2077282712241,237.42074317054832,31.29258065812661,108.22248646500785,57.34269141980831
2005-01-07 05:43:42.438126731,1033.5379172182154,222.3300583738641,31.759455569702876,101.90415575889806,52.7559822564758
2005-01-07 05:52:53.458807364,1114.4128009164733,225.32854744275846,32.59636148308193,108.23245881124494,63.11675893020629
2005-01-07 06:01:47.542575495,933.457717032726,223.49675828025053,31.467503818718463,102.32187627965172,50.17847917888069
2005-01-07 06:11:19.993873274,1022.0771828851706,225.49289469219028,30.437430094351562,110.73134857065367,56.27430549965192
2005-01-07 06:23:01.277144876,1054.442952547801,202.4472936406247,32.63619374810806,104.64101233904464,63.31479321788262
2005-01-07 06:30:43.955449392,1071.1314462569123,226.77918586127765,31.97208750061001,111.17075840871063,56.26808704667672
2005-01-07 06:42:09.232714148,1039.9874126257885,238.2516803596691,31.057413762911807,98.16247017727687,46.38247265419551
2005-01-07 06:52:16.241526019,1105.7881652171761,239.34873352555616,28.739306975850738,107.03454923176352,51.11057478791909
2005-01-07 07:04:20.904126292,1064.7190208500313,239.44770218142583,29.766368385097195,101.72763014662993,58.53411849699704
2005-01-07 07:13:02.633333185,1164.9510578162685,226.0468015180442,31.459412686504443,107.97800085284871,52.31691171064
2005-01-07 07:23:04.666433895,1010.7604375587337,229.47741068948199,31.658218548442875,109.2318086406832,68.90815335647702
2005-01-07 07:33:50.337354821,1033.3716752005469,229.82428219566154,31.530232419390316,112.33774603020301,56.61360640906923
2005-01-07 07:42:10.648702283,1037.2038703901594,228.94135837010643,30.221840174114824,101.55292823835913,56.16171192542154
2005-01-07 07:53:49.033502255,946.3968301492746,238.64580960492938,30.840288579811897,102.59646073605803,60.07200631163039
2005-01-07 08:02:39.607635310,1039.7227380951183,240.09592269785128,31.83830529735247,103.9250818608729,51.96157818333442
2005-01-07 08:12:41.714287810,1037.252315104769,217.9362083826427,31.669164652983557,110.13846916035442,64.03442928377113
2005-01-07 08:23:46.194960861,1071.963597760104,233.3858358802727,33.83175645596177,102.76763643342014,49.32860984508666
2005-01-07 08:33:16.243081175,1122.509736638241,214.50611478342995,30.611198945074797,110.0139832741946,66.044663436099
2005-01-07 08:42:41.797094748,1011.0437711977889,215.7077174829093,32.49728169532107,104.26522579345863,57.75520273941557
2005-01-07 08:53:59.247672519,1015.0882351108285,211.76401053666896,33.04911711625705,110.14476349214432,56.2818342041298
2005-01-07 09:03:08.517537609,1065.539407120733,228.05492269008712,33.01171344830847,110.84433517159528,57.671374409747024
2005-01-07 09:12:18.514080344,1036.0347058133784,225.3194446357842,31.50832501109075,111.27887036981835,52.38285201913646
2005-01-07 09:23:53.185990768,1093.8170595434244,237.1430943667128,33.061202326522526,114.002460884551,64.16105329286385
2005-01-07 09:31:57.978578995,1073.7416022113314,223.95782517248367,33.166199386508765,104.92259698291666,65.53337248433292
2005-01-07 09:45:00.667717042,1081.1732615644069,228.26076424440166,31.71409889016084,119.0904092235178,60.406783656900245
2005-01-07 09:52:42.782152667,1082.425894621247,208.61593513559413,30.14646309087043,111.38114878409748,56.85532651264974
2005-01-07 10:02:51.503263864,1078.0031622982644,222.02908560238106,31.799797509050162,105.06496205959773,61.17666638156303
2005-01-07 10:11:38.125271468,1015.7781573844927,236.24521223012195,30.690498817890333,109.47392746809241,69.60295825823731
2005-01-07 10:23:06.673663571,1056.4390361283674,242.37052430260536,32.54892614036651,113.12984858726722,57.23183527123202
2005-01-07 10:33:12.787978892,1059.4280791198123,223.7304415177118,31.80930406942525,110.66160377156075,58.12785870967516
2005-01-07 10:42:10.528852434,968.1957613270997,217.95155381272846,31.870545330111753,110.23707278963636,58.4739333970972
2005-01-07 10:52:50.675739485,1066.0432412990722,234.84605104645547,32.53972593717476,106.99123730325564,65.1461565096468
2005-01-07 11:02:19.255335123,1009.340630250785,232.638514080162,32.60575876455608,109.48675105550613,56.24135581940851
2005-01-07 11:13:07.108221611,1067.2260807104228,243.9339996185366,33.03502313146299,108.53433161334276,56.30093835860698
2005-01-07 11:23:18.820086534,1062.6052804179903,220.83146678330198,31.7355344553534,106.63279449352329,61.806948522822445
2005-01-07 11:33:31.851287477,1036.1836641912196,235.60438370729506,31.776421030672157,109.63569487973605,66.48359788330745
2005-01-07 11:42:23.946814444,1097.1940084580033,222.9122136384843,31.223894013912687,102.95457988559971,61.98356599072302
2005-01-07 11:51:56.405501737,1090.738731629083,239.99318477540817,31.556057084193895,108.97984231910313,60.002527356534515
2005-01-07 12:02:17.066745215,1143.9908165857598,243.9463219151869,32.11228685883211,111.1783599602394,56.86643168998632
2005-01-07 12:12:34.782848199,1111.0286844641962,239.21315362479004,32.27733533010773,114.0861123945446,56.483381761933174
2005-01-07 12:22:58.255066976,989.4937795470541,232.91612704739333,31.437745569574812,107.63408848370646,63.639030966771784
2005-01-07 12:32:51.512309732,971.1827849713416,231.31680265826117,31.98359770809279,107.88478793654478,66.37222383687642
2005-01-07 12:44:08.656961827,1095.3904085019722,220.3485611516551,31.158271956383427,112.29937267472762,65.77413703791677
2005-01-07 12:51:12.372414426,1032.397550634561,211.71028252110773,32.72658429657343,116.69337237199086,69.15710233563742
2005-01-07 13:04:51.288020299,1032.32865436582,217.95507226738758,31.243035984846042,114.54208319960732,67.47747798416432
2005-01-07 13:13:52.308094066,963.2483594112554,213.78526296176642,31.03331955429055,120.17515767147228,64.41328824861723
2005-01-07 13:23:48.436253068,1054.6193779482207,230.59573525726742,31.720120291493547,112.72138254755275,61.61302468279992
2005-01-07 13:32:20.660244139,65.67929766239509,7.642605879062706e+17,76459280351.8264,-120820394926022.03,-0.02207172828584808
2005-01-07 13:39:51.272508984,1041.077099343979,228.3897057109558,32.70132351456532,114.07664965852588,62.52237067248451
2005-01-07 13:51:42.004714083,1080.3878694276377,211.05778592901643,32.40632822386614,115.17856345423152,62.628823080411095
2005-01-07 14:03:11.822795921,1038.0541431974389,230.79978432113248,32.95195795148312,110.63058770134273,55.275504206688545
2005-01-07 14:14:26.798520631,1030.6676128645777,229.7409378787262,32.688734775062166,119.77321410640148,62.31036524786116
2005-01-07 14:23:56.527168904,1087.938410815689,240.50555748888513,31.716196821674778,124.94902977008668,66.66573876078539
2005-01-07 14:33:06.115814445,1040.1099150226357,232.4726017564395,29.99618772215431,118.76648404301501,69.68775519389547
2005-01-07 14:43:50.624744728,1044.9423487441504,224.57726023288166,31.09058995544337,120.76901296997384,68.24711186569378
2005-01-07 14:53:22.544945491,1106.8269433788407,237.74346907527857,30.246681741658357,117.09337694788162,74.8326427198009
2005-01-07 15:02:55.094729698,1017.8700990674839,240.41772743972103,33.09447160432276,114.42639489733104,64.13237438030434
2005-01-07 15:12:57.052087456,1128.8415345166768,234.77086662381168,33.09929929448479,120.2652283275031,66.44029849756333
2005-01-07 15:22:02.284048427,1098.1708540792897,255.33635401631966,29.935071981010424,123.3815200336229,67.767417019253
2005-01-07 15:31:56.236505275,1046.0892010329608,243.34493211684796,32.85686851309172,124.98871719043665,68.2685324551648
2005-01-07 15:43:48.890836771,1006.8140426854793,236.59343694352037,32.62200837984773,118.5764356897307,64.21091155227148
2005-01-07 15:52:43.824075367,1052.8766816320283,227.6355959302416,30.564646097467357,118.6161100088756,75.96170923959704
2005-01-07 16:03:35.972839683,987.0963480805531,219.63399669449726,33.35094109858331,126.05151915994135,73.53839840959998
2005-01-07 16:12:18.212250907,1093.9491334935908,246.8259597647862,32.04719690002328,114.17899942367092,64.87732136464923
2005-01-07 16:23:29.955694538,976.4475640961283,219.07402585983945,32.277574460986614,124.27372766365112,68.22795110358719
2005-01-07 16:32:42.149756078,1094.1826523857062,243.40754324802262,32.13533227299116,116.12841075073746,68.10719285123355
2005-01-07 16:40:58.561692905,1138.86916057814,240.83602076858074,33.154000319167444,122.5283032345353,66.13326472110856
2005-01-07 16:52:54.085779346,1064.0004690512292,229.62964757151653,30.673128036987567,111.22464493747403,63.9603940009316
2005-01-07 17:02:10.039556674,1010.4842867379083,215.75546458182865,29.89497950950536,112.44326364433324,61.83419558846222
2005-01-07 17:13:54.946540857,998.4504515167824,227.6916911095329,32.224622192987354,116.04188457113435,72.50286622670767
2005-01-07 17:23:44.361635971,1108.462099522674,228.86859894031176,32.190114213239724,117.40036272345945,65.89813852969606
2005-01-07 17:32:01.824971635,1003.7091328873491,241.70717265821733,33.74019822361119,120.86934980825892,68.89029135525658
2005-01-07 17:42:49.219065038,1134.2619242014819,243.05271244729886,31.837623670035487,124.88177072728708,67.94277331576369
2005-01-07 17:52:21.891694167,1146.0236442481923,237.68344924007957,31.32701997354019,120.51055098388811,65.95158852652273
2005-01-07 18:04:14.000793309,950.765451660156,230.14327586216447,32.28855613882385,126.9762337933935,76.16497624851951
2005-01-07 18:13:16.308840900,987.0099755735639,222.64169403764228,31.753054978394143,124.7321676876364,65.39289654246492
2005-01-07 18:22:45.713307008,1093.7468401686256,235.62401717809902,34.20282446478111,125.08855013481326,74.4658305966014
2005-01-07 18:31:47.933471074,937.5500125210918,240.22855837588116,32.71165426325781,117.03801124492298,64.43892524943543
2005-01-07 18:40:50.430821460,1070.061362021916,227.01445313755744,32.36915561615566,123.82804868190424,71.88770485231532
2005-01-07 18:54:56.615185453,988.0543126664201,226.63705377892023,31.779992145928585,128.40585415769723,85.23064843174689
2005-01-07 19:03:12.542232902,1077.5511903734782,222.6635490932009,32.21665595765256,120.21953690660872,73.62522648862952
2005-01-07 19:12:02.733958057,1009.0954757378894,234.88243049521805,32.97223333800787,121.28995198254131,65.67479356772482
2005-01-07 19:24:31.964555761,984.4777739897074,243.1503816610097,31.38562270779662,125.76758665112028,65.57390368584092
2005-01-07 19:33:17.993687382,1027.365282486232,248.03452738430514,29.710754959895286,117.17199979932589,75.24812369261491
2005-01-07 19:43:11.492606467,-6589.200729169726,-6.988864339050884,0.008032837936883213,-0.040714029948186195,7937784948484585.0
2005-01-07 19:53:30.557506929,1106.019107559269,230.4698312459292,32.191294505315646,127.97966390983484,70.89524530523892
2005-01-07 20:03:20.449516131,1081.0521162314562,223.29541328990223,33.34364537585283,122.09318740797181,64.23340477032036
2005-01-07 20:14:55.205094554,1019.5595427212479,233.1220422790312,32.19105583856835,119.98731307590063,65.86334590039858
2005-01-07 20:24:17.595681033,1005.4102087645468,248.65728997026253,33.00576465489448,125.64086026723797,78.58565655347671
2005-01-07 20:32:09.747259015,1102.617302862338,231.86300154936504,32.50112737417052,120.70257625193683,64.33457619638554
2005-01-07 20:44:08.694930442,1132.7027860850772,218.9825737448499,32.519322137297245,128.22350174942267,74.92449951551649
2005-01-07 20:51:56.561441476,1104.2474310027123,228.26214964877693,31.637913336196558,112.06527948503899,67.44889044703407
2005-01-07 21:03:14.405279715,1067.761710895836,229.17890097055152,31.716242794407403,124.93304212641775,65.08993289040134
2005-01-07 21:13:28.306248494,1010.5838225705173,236.90242299309682,33.419943679839164,119.4362406222104,66.63432799898332
2005-01-07 21:21:53.547862090,1136.6877227712882,233.68994471270213,32.61384541290571,126.08604634134494,73.50044199134616
2005-01-07 21:31:41.084304086,961.8555397570136,236.0336502349325,32.89952275092882,118.89562709553427,61.99643786709311
2005-01-07 21:42:42.872047765,1054.5074761541434,247.73400182994425,32.35853852116233,117.51207864110374,66.1836921173077
2005-01-07 21:52:51.236395279,1022.7829197826024,208.3469744236439,34.30263880024084,127.18493830521469,76.46114289051039
2005-01-07 22:04:41.545406786,1057.9352346240441,234.11343819291608,31.53445660430934,123.70993727951775,64.30248759795063
2005-01-07 22:12:21.031613831,1051.8534512876222,231.18535871725567,32.12537659144197,121.56362496124412,76.63405166739898
2005-01-07 22:23:11.706874815,1120.3220694909671,234.76970810187615,31.436976217495143,120.92631744635628,57.92943119170496
2005-01-07 22:35:23.230449463,1004.2603520442548,212.49906642771853,31.894835992208478,108.46257457478708,62.082075624671646
2005-01-07 22:43:29.477515065,1057.0064355432194,219.3117740787692,32.230437283526406,107.23031755562899,67.2546064278935
2005-01-07 22:51:16.427111326,1073.4917907544382,222.4012037856828,33.13684454101892,122.60157192230054,65.85731512270478
2005-01-07 23:01:26.906114781,1046.7009592167303,240.91923279572163,33.35433578450724,114.1528832355474,68.0431826539523
2005-01-07 23:12:46.335774905,1084.5778866187875,234.8512871814262,34.972033413426466,114.16944988067209,66.61080191227593
2005-01-07 23:21:50.374255138,1073.845834528621,236.86383057905564,32.821607944425736,122.12866585543716,73.50352790142888
2005-01-07 23:32:47.857341921,1089.1637708779326,234.49053593974267,32.45876804753645,116.4937993268194,76.96688736509006
2005-01-07 23:43:09.222184801,1071.5602588363856,236.1560430660844,31.804992592481273,120.57213172853626,61.76079505798266
2005-01-07 23:52:27.844927802,1029.2368429783426,210.68773116326315,31.717158378248033,118.02947854083521,68.71391066328432
2005-01-08 00:02:51.145228833,1067.8441669705687,242.2756124515936,33.29194845965059,118.27509158183031,68.09344822301452
2005-01-08 00:11:54.840197220,1155.148984325288,254.4479206831144,32.58011520198955,115.84530979512337,65.11140156370102
2005-01-08 00:23:00.084096742,1115.529087496082,232.78568178581298,31.956730375236724,106.11597200354285,58.47148186353854
2005-01-08 00:31:13.379544246,1095.5241603547222,210.44803974508827,32.85620544286727,118.19318922477996,66.2649961894727
2005-01-08 00:43:06.211361754,1099.9417459329204,228.84097142576277,31.583676563854166,115.38301255181916,70.2645930885317
2005-01-08 00:52:25.519280850,1021.6228233016886,207.10188171427328,32.82412602712647,110.35993734940372,60.318417923183276
2005-01-08 01:02:01.594687708,1108.6287007567444,232.4259431247124,31.325094826587375,117.8138544021897,64.33950046421889
2005-01-08 01:12:41.844951410,1024.915059222664,227.71795378197598,31.124380175899837,114.32570203152603,66.23079662809435
2005-01-08 01:22:00.605672208,1106.7859650670955,229.25034484697917,32.930734533645385,110.3455035216381,67.06690865041978
2005-01-08 01:34:50.956233851,1073.1816428483523,221.36429666225078,31.11521216291246,114.74040735022763,63.945998155797135
2005-01-08 01:42:42.319236289,1095.0752257824327,221.57534622418186,31.79681299174474,111.95570644279728,53.03629311513167
2005-01-08 01:53:17.605249541,1102.00563559266,219.62852684494246,31.696658591661684,119.54556042341952,61.59114088991785
2005-01-08 02:01:16.366220811,1021.6392609887508,229.67660938940296,31.690744359080618,108.69876632507244,59.284678879979914
2005-01-08 02:14:42.390783525,1061.794092421426,254.8730038362371,30.677032893258303,111.48964607207354,61.17260204230642
2005-01-08 02:21:43.464122423,1061.7855799650542,210.48793414839403,31.131927991439667,106.44956720160134,64.82048790637211
2005-01-08 02:34:09.768276956,985.12560247061,228.0722937598309,31.24475338227484,109.21080607139423,58.044642457170994
2005-01-08 02:40:43.189289271,994.9830750556162,218.4745711166532,31.149982294580184,111.70353922694747,61.62958629116692
2005-01-08 02:54:02.793291740,1057.1229156761374,244.27487851923402,30.36605081999985,116.24134414534691,66.97705018767499
2005-01-08 03:02:39.676473173,1046.4989974888597,209.8960846115536,32.417216356835894,107.8180780377626,67.30890988434831
2005-01-08 03:12:31.567112533,1109.3188633713985,223.1786127581271,32.162295298578314,108.2304880598988,66.71101357193098
2005-01-08 03:22:49.096782989,1054.8725612908434,244.6534325769623,31.141301087980164,113.44753693406349,57.61572937357518
2005-01-08 03:32:44.735213710,986.9444319678101,221.29655753133054,30.823574277591028,99.48105601834794,50.81415178909155
2005-01-08 03:43:18.521326423,1052.1591478534572,228.97817750385207,30.509446457481406,109.88733766592378,55.315554428419354
2005-01-08 03:53:51.865612268,998.833289393331,218.12201117323755,32.11653387349075,104.61653743260116,53.13864824885979
2005-01-08 04:04:32.978964428,1151.642653557678,212.96736331112467,32.017550581732486,117.10730691232109,66.6528719158407
2005-01-08 04:12:16.633127739,990.1043327413698,226.09370191298328,31.763358154399214,115.13049287394196,55.365050674234666
2005-01-08 04:22:44.737236622,1118.016602458772,219.79439065848476,31.428739381408544,113.70805140799942,66.6928483440758
2005-01-08 04:32:16.516929520,941.7617747215418,216.97492887409058,29.449089426098784,102.94106834925141,59.15791328066841
2005-01-08 04:42:58.070700903,1153.9217850319862,219.45307692788398,32.05586909931462,110.24159965944939,57.642043160410886
2005-01-08 04:52:57.103496088,1004.2531411369084,234.3018976327005,32.765925556051634,108.07797294276726,59.60942221530889
2005-01-08 05:03:58.257102140,1038.7621969805753,231.81934288124478,30.880454563210236,111.75328997787621,58.155827754812144
2005-01-08 05:11:26.761090745,1029.0420166687522,240.27544507495244,32.15704387960043,110.49648443755302,49.55494544395826
2005-01-08 05:22:59.602827923,45.1760340896339,90.45394421141793,18.191484164841654,97.75407200055126,58.166648001697816
2005-01-08 05:32:45.569791474,34.3015531824276,68.0452922157342,13.852298478119693,83.72189757245464,55.906322212869625
2005-01-08 05:43:47.399753350,23.47999863026459,46.722887134579885,9.450436434299796,71.73541070614229,53.07214543615301
2005-01-08 05:52:12.134017933,17.286315490231452,34.76126833732303,7.169365801334791,65.10614144727182,50.80907123996953
2005-01-08 06:02:19.734399099,12.39861891345442,24.64036025076943,4.987435625639448,59.45212096292713,48.19370085444978
2005-01-08 06:13:26.030049976,8.82967886412018,17.816685802789994,3.6106151307802596,54.777341377438724,45.6732246406721
2005-01-08 06:23:24.165750637,6.9838367311045735,13.939797934903789,2.658428718582768,51.41854378199943,43.376782914418875
2005-01-08 06:33:29.944297607,5.5513378204524715,11.54837920987115,2.212577084736047,48.93958154569037,41.21048182007193
2005-01-08 06:42:58.176108357,4.830757490787309,9.995240231816526,1.9254004955525592,46.92824905058294,39.79846154343693
2005-01-08 06:52:57.967672239,4.557621218909549,8.940866400913645,1.7256293661934439,44.927766906003505,37.78788838860012
2005-01-08 07:03:04.102620425,4.235866102350092,8.427969512254512,1.4948367514835832,43.39380634462846,36.427468578833405
2005-01-08 07:13:16.901293395,4.089142140406183,8.097390275908666,1.5213962563414336,41.68536851127214,34.77407460074884
2005-01-08 07:22:35.282491692,3.8095857358696867,7.893821796747693,1.7058974592697045,40.58625751068489,33.7990438241078
2005-01-08 07:33:50.320115918,3.9052918470681908,7.886986561934555,1.577134270146305,39.03483634417505,32.59207473583044
2005-01-08 07:43:34.927412717,3.98723988479461,7.7152109180923185,1.488828296688327,38.09060392055715,31.312132124346046
2005-01-08 07:53:47.084493124,1056.2934985684142,153.6628711689802,14.039058613103128,39.10014952425859,28.454056605625365
2005-01-08 08:03:06.415777144,1042.5347570224933,173.81763335505346,17.37798990093436,41.132599984227106,32.71915792558555
2005-01-08 08:10:48.443743526,1100.0219316935086,185.72275732901974,22.989502205861324,52.2453244164648,32.38933053820754
2005-01-08 08:22:29.450634224,969.0755905801363,197.15397541772148,26.67495252805569,72.84856384738525,34.79249000959484
2005-01-08 08:34:10.743989269,1034.9094303284824,203.22926175031012,27.262313941936327,78.47603365308854,38.94059606225976
2005-01-08 08:42:21.492191120,1026.6522468549772,223.69394014342032,29.462437776240467,79.80630271687647,40.83046075803188
2005-01-08 08:52:06.521736136,1113.7070151041262,205.5925347170645,30.12710093180271,92.51248181558347,46.68592637853347
2005-01-08 09:02:41.806919569,44.50793613511431,88.71816569601604,17.627068308108097,80.44178976099609,41.70999176298633
2005-01-08 09:12:39.912655689,33.98812033435445,67.72212628792235,13.437970764225069,68.8056089801236,40.73360376182144
2005-01-08 09:20:51.457558562,26.09957305858001,52.00338815850234,10.355740538708305,60.698424997436916,39.81259361271618
2005-01-08 09:33:57.053124125,16.659606273975935,33.37872040737347,6.768025270320864,52.09887304167173,38.07063100338076
2005-01-08 09:41:42.070453883,12.97387966453125,26.127068683754867,5.348031054436225,48.628663176706304,37.17569151726254
2005-01-08 09:51:27.136274534,9.533174670483923,19.77791651193129,4.041169363561241,45.7175339227143,36.046433871
2005-01-08 10:04:46.728602218,7.101574077289853,14.50745532458119,2.81717103677646,42.67536982383901,34.4085827052532
2005-01-08 10:11:52.220213450,6.296653501361042,12.88185087715105,2.4259592265033856,41.72473502890649,33.78271142804169
2005-01-08 10:22:54.106349259,5.658248780659373,11.316889871018331,2.2666842699297636,40.15256473890269,32.66637819840339
2005-01-08 10:33:31.023679711,4.962735610260612,10.428736064205124,2.167012629544524,39.01192306003136,31.88355065091496
2005-01-08 10:40:40.878624560,4.852479255181485,9.991658935549825,1.8737103017965249,38.618180291958545,31.47102099861754
2005-01-08 10:52:04.198242726,4.854045891952408,9.745041815668685,1.916854866649655,37.67086863210492,30.612585833367405
2005-01-08 11:01:50.270620401,4.836820539248412,9.599837974243089,2.010134478008653,36.99621957487979,29.799130547048296
2005-01-08 11:11:10.713048607,995.5692985833133,149.32624844074553,15.24217566928416,43.440686651600586,34.177862082590345
2005-01-08 11:23:33.285833605,939.5852385269425,168.06918086851726,18.332220278183637,49.35486180953622,30.15699354460568
2005-01-08 11:33:07.138629780,1028.2989578106212,200.25967546884462,23.09477602576133,54.27386543039412,41.26638663005048
2005-01-08 11:42:07.361785746,1011.8292401881849,222.71288661617893,26.562939683135173,73.83891072907977,33.04056209564748
2005-01-08 11:52:29.144258633,982.5686341721268,244.12219772138653,29.832149719767425,76.59877221861673,34.46159812459451
2005-01-08 12:02:01.436961081,1080.755237341688,220.7952590642416,29.50137051891731,85.67481608551273,35.21724375510736
2005-01-08 12:14:21.370582898,997.81363688646,227.03464013074225,31.253521098613867,91.27346512216094,44.801766574265955
2005-01-08 12:23:38.183349524,1030.5574369544424,209.07110377455132,30.753110822782425,98.74844801224462,40.333941180594465
2005-01-08 12:33:44.365221513,1130.1585298448276,234.60625480959175,32.476860423666885,102.17271815574354,41.803710519647744
2005-01-08 12:43:02.794211088,1035.910163954321,220.78831663138197,31.895200159213772,98.5847654315143,41.76426467087874
2005-01-08 12:53:22.898826360,1015.2576416276667,219.01987254506219,31.795864452049983,113.26503959629807,46.41543192068256
2005-01-08 13:03:08.878460922,1021.0597523122117,221.08193887064033,31.453430132840072,100.18829039022131,49.35668390678366
2005-01-08 13:11:34.507559734,1078.2234487571882,222.7940951476069,32.82785678333794,99.91286216011045,49.469431906656304
2005-01-08 13:24:02.889836087,1095.266787185741,224.331666988591,32.53041641893498,104.70887541466566,50.75992285091156
2005-01-08 13:33:13.881111362,1045.666085540302,227.31865612503972,32.55552657785338,102.11228756984723,50.00091531486253
2005-01-08 13:43:33.509976132,1063.2116034006976,248.2413046145708,30.4789466731549,110.04041658207107,59.88299756218251
2005-01-08 13:52:02.805634844,1045.9021114698667,230.7458315389956,31.24279496508077,109.15036258486906,52.88456565091436
2005-01-08 14:00:54.706342442,1054.1365269525368,246.93317076696974,31.116449466354094,110.97120338815127,62.34727459746615
2005-01-08 14:11:52.425914217,1029.7223806317027,231.08694210079003,31.996494545229254,107.04524370857081,53.29180955271387
2005-01-08 14:23:32.803296457,5.239246853651684e+19,76306599967.69289,1.4592317662557386,-2.5397834482766513,-5.284202124954181e+24
2005-01-08 14:35:15.104109812,1088.164537989523,226.7325866626977,33.025843582589985,120.03788261102059,66.1497437862062
2005-01-08 14:41:33.252187964,1002.6109407754823,239.85004244950764,31.975214916791533,107.18821628105643,60.96039249746406
2005-01-08 14:51:53.812878709,1107.8073645201864,237.19991849398903,30.995338627005385,126.46756140617141,63.43927484470347
2005-01-08 15:03:08.541355333,1007.6604161613467,224.6611168574576,33.39522923269863,118.03869051529524,62.009423456681105
2005-01-08 15:11:47.949110314,1046.660174770974,227.23605580416816,31.878483135609997,110.36059239232208,59.499889826182574
2005-01-08 15:24:57.661373384,1058.9471205412126,224.32327103504352,30.978687145849364,118.53422010526003,57.06935128542933
2005-01-08 15:33:15.306957092,1093.9979588868325,216.81787736215438,33.94387164539172,121.14143581964144,56.25463036744755
2005-01-08 15:41:58.513297646,1082.474918831912,255.27926916966342,33.602498255444516,118.7243533001348,58.779329550982375
2005-01-08 15:51:50.686457854,1083.018873300903,237.14002883802934,31.024756615774834,106.10387662398779,57.68032910097236
2005-01-08 16:04:08.784806207,1084.1978052373383,241.8379270181979,32.99949478020361,120.12109132252806,72.1059733287805
2005-01-08 16:15:24.284173353,987.5107086871906,229.07257762694476,32.3728621784039,116.409798572568,62.5917245061684
2005-01-08 16:22:27.213190343,1017.4711555868735,238.522704874138,31.97931637358861,115.79580766900413,67.77262584866952
2005-01-08 16:33:10.759929586,1090.6731891897834,232.6316089886649,32.01990122742145,116.6976423197903,72.3275872911897
2005-01-08 16:43:41.412145608,1205.6234934792915,242.16891563960985,30.637754664910894,115.51326751970198,76.84316772276847
2005-01-08 16:54:04.398692004,1062.9658299756363,228.23846311506082,31.301800036651713,124.3711172009304,65.53465865174164
2005-01-08 17:02:10.330612081,1039.122784283509,225.38060474997357,34.58407084349019,120.91035814849745,66.37240903914086
2005-01-08 17:12:33.243758617,1076.9282346408716,232.65899599630188,31.6054303444371,122.95954326537026,61.275665957051096
2005-01-08 17:21:59.830401482,1060.226926837265,218.23524576968398,32.47112331318078,116.11714154377601,56.02784694554156
2005-01-08 17:33:14.635236375,1064.963562970096,240.36892941824175,32.30187973280427,120.76733723381221,72.75527670357299
2005-01-08 17:42:52.345184035,1024.9719731208836,241.2239632697948,32.1313599631625,118.74843906088338,67.80412615776184
2005-01-08 17:53:27.785363395,1084.988652469837,222.96617641726098,32.847494678627605,119.1910768913575,66.63499931112852
2005-01-08 18:03:33.892249126,992.0266092106772,213.88125338478952,31.200361078156845,127.84205308646621,68.32672012348031
2005-01-08 18:14:33.484496019,1079.4587718763876,239.44538303520756,32.16338930020937,129.35721605288524,62.85154941724005
2005-01-08 18:21:43.732791905,1042.5370274539,230.58633786712616,32.40948769999677,131.29335430155487,64.00408422395773
2005-01-08 18:31:49.523404896,1088.5057559735424,251.228934735454,33.014767547298014,119.65469562151719,67.33347237763674
2005-01-08 18:42:24.272824803,1037.5072733698119,247.09618494877395,31.898582478713035,113.97517011582234,72.02089213944936
2005-01-08 18:54:06.865438526,1145.3550835648562,248.2950080416741,33.351574042671324,125.61593619808625,68.33933731579819
2005-01-08 19:02:08.144820935,1089.6406973020278,234.7740736301551,33.96062098788271,123.20765439684521,71.21126159761499
2005-01-08 19:13:47.745356436,1008.0414933937396,224.0228262878591,32.054001121354304,125.76374848148893,72.65761127610337
2005-01-08 19:23:47.440608879,1053.8374129672352,242.42916607539615,34.11009847226301,125.93835599898856,71.1307527234164
2005-01-08 19:32:51.873998978,1024.1357752110532,234.10132726448472,32.20325995141246,122.74431044496896,58.86150289372124
2005-01-08 19:42:13.588738679,1035.4011257787365,218.66603276643644,30.69357215694855,120.8055773585359,66.78292163036255
2005-01-08 19:52:12.771912930,1103.9725292063338,237.5440186416232,32.5770768962928,124.7982956420922,74.18882565043826
2005-01-08 20:01:55.621761968,1114.287342464057,237.1375390538587,31.30072677519118,127.18051871927504,67.67069656783045
2005-01-08 20:12:38.503824550,1008.8827500189668,239.76673681243813,33.75273779444609,118.79026405893362,60.9032395917077
2005-01-08 20:23:42.826397091,1033.761455453349,226.57155734814688,32.45101859207674,132.50478946783602,70.33239809312583
2005-01-08 20:31:33.555004027,981.5642733562954,228.34320520692887,30.700434039036647,126.0404974875648,76.64776531118083
2005-01-08 20:42:47.161066469,1072.6318715213156,224.53777038894765,32.454737451266084,131.40895013048313,70.07054326721615
2005-01-08 20:52:16.378769672,1058.0081674321725,232.53608196333946,32.137348859739255,117.05070607289593,67.57405215169821
2005-01-08 21:00:31.190017215,1042.8781036679084,225.16492173054638,32.39111171034009,121.72582451287755,69.67902591761272
2005-01-08 21:12:19.654796183,1012.8787070092595,222.29211272321157,34.42027201455472,118.38820046590571,74.81594625937258
2005-01-08 21:23:40.220189304,1091.2846196058981,253.5965677289595,33.362015525275474,130.01910501435214,71.16306695820468
2005-01-08 21:32:45.384251607,1062.9971209697244,225.9453662203121,32.30235982824364,114.90923895320317,61.97859819319321
2005-01-08 21:42:37.724132452,972.6355663714755,229.64543160129395,32.83851589191256,128.76326999453966,74.67820236189574
2005-01-08 21:52:44.749008282,983.1069699226517,234.3590273174414,32.97918647949041,116.82046558081366,67.63522145215178
2005-01-08 22:02:53.313137642,1092.5130689238954,237.88406561525744,32.76616864703184,114.13182697164073,65.52028892302198
2005-01-08 22:14:44.813916971,984.4022202439885,227.3396481776742,33.19133677072506,118.29668372862989,72.54103087435195
2005-01-08 22:23:34.724987239,1061.7966428711309,220.06531701615646,32.70206081101708,121.69055724868991,63.61480276505354
2005-01-08 22:33:01.657986666,1059.0279238542892,230.93752313514688,32.41211163562942,119.55721719304478,66.96273680202754
2005-01-08 22:42:19.244137032,990.7200177421878,230.97282583549233,30.886172016050274,117.13480121171995,64.1793800538596
2005-01-08 22:53:24.269855038,1110.1707228110638,230.1770321247254,32.63817326292072,120.04542784843272,67.80976869035153
2005-01-08 23:02:13.174966566,1104.1698899789303,223.92704545375045,31.42286326123263,120.43510152347407,60.995308727955184
2005-01-08 23:13:40.697591845,1101.8946351560257,246.74342681103735,33.7676334004856,120.09841176173542,63.6756271005057
2005-01-08 23:22:02.513795648,1055.0796650110237,236.79253466689073,32.64383959844536,122.68697564578642,64.9896837755313
2005-01-08 23:30:55.428367638,1090.33393988746,218.39384090782784,33.17977186987049,117.18172023487976,70.41719052887584
2005-01-08 23:42:56.479514384,1127.8133273310254,240.62615760913525,32.80628563260617,124.41198341599124,68.5042812102487
2005-01-08 23:53:40.381379584,996.4480910617397,217.57159237862817,31.493147581982065,113.4330234571425,62.668428614595186
2005-01-09 00:02:16.462662866,1085.5886740199346,215.69936501988383,32.74164936305621,121.31387456522393,62.02068722135428
2005-01-09 00:12:09.151377989,1064.5970534840615,220.8011944266055,31.995830611044422,121.4231610719981,66.59509549258507
2005-01-09 00:23:03.415562097,1081.8165753484047,238.3462350313582,33.33220806096526,117.00195853499467,72.2339291031957
2005-01-09 00:33:46.191270939,-117608.49161512566,-5.452257516535074e+19,7951.528824525111,3619261884.798007,-12.21799802303216
2005-01-09 00:42:23.281676873,1047.4709704937945,225.30109561843983,31.876034267035653,112.92064718758313,68.50193495568453
2005-01-09 00:53:03.594000561,1035.6044862259316,222.2368636935912,34.394655345843425,112.41362087022131,58.721967365565334
2005-01-09 01:02:37.744978210,1104.5954225718865,244.0989709249602,29.91719550640727,116.33463664386191,71.04075440646332
2005-01-09 01:12:23.255078535,1088.4161276685588,236.6787402202881,30.891310292871772,105.87207893534459,60.199448772192596
2005-01-09 01:24:25.911354339,996.1106662507419,226.91984102678347,31.058771010160967,122.08334230396026,63.460985299461164
2005-01-09 01:33:08.733847981,1060.0333900289224,234.43573537592027,33.2886509022027,113.60441286558793,55.97375851470118
2005-01-09 01:43:37.877920038,990.7794814438987,210.7350536599156,31.29705641328817,111.31543475851669,65.12048856249339
2005-01-09 01:52:07.783644065,1069.1863446615516,230.21212778492915,32.33516358089525,112.93263985108268,64.25943653041604
2005-01-09 02:01:16.111602226,1089.8329038633128,235.2240989163974,31.86347120491043,109.10080715510985,49.013073109370346
2005-01-09 02:12:42.015987452,1048.0422688094966,214.2129558398814,31.664229231661203,120.23166716081192,56.24805842272085
2005-01-09 02:24:27.516725769,1038.5679450946775,213.53874129614303,31.007816885657046,111.62007093645157,68.3430846329809
2005-01-09 02:33:26.013822232,1110.093554649232,234.66560492993014,32.531191684763314,120.06046992307189,60.241201767637186
2005-01-09 02:43:46.233357683,1047.7963196571443,237.80110260872303,33.24877851774242,112.39372770123241,57.809054635390375
2005-01-09 02:52:14.630939957,1046.1433212860761,224.35608812055006,31.944254156377006,108.17902385315767,68.39348102379252
2005-01-09 03:02:07.058780507,1022.7827930251858,242.0164966476726,33.266383999083914,108.11822912269331,65.72669102212446
2005-01-09 03:12:19.429244089,1038.2353404121855,239.81367830929926,30.838659975083367,109.86200581103942,59.90366904513693
2005-01-09 03:23:21.860621342,1090.3288385459953,220.99265178531826,30.62084902330098,118.41556759160537,61.31799827659969
2005-01-09 03:34:58.396965744,1130.3767597295805,222.15910847131994,32.68363049994671,108.10931165763428,67.46727462154254
2005-01-09 03:42:31.738995739,1014.6375550031889,223.44202858725123,33.60092931368668,119.90777028941204,54.781195170919176
2005-01-09 03:51:05.775145410,1081.1000784367536,226.7500490555316,32.77567013656654,116.01153211808708,53.80596327622592
2005-01-09 04:02:49.031545523,1072.8804586079334,225.71840124905563,32.447848614260806,114.665381076814,60.6579726974224
2005-01-09 04:11:41.380997868,1091.699259381322,210.22817596406034,32.1542501106112,118.19745430416333,49.92871055845431
2005-01-09 04:23:19.410624226,1082.6522688323867,228.21126926259421,31.18471649917527,119.62930764710345,78.9233454392223
2005-01-09 04:33:59.268291877,1114.080562890519,259.81534178637304,31.366301404743744,129.53834791387985,83.73791064231649
2005-01-09 04:43:39.931988540,1117.7709794543853,251.20577743833752,36.454606456571,133.32918549743655,69.4855742583917
2005-01-09 04:51:18.114766332,918.352235090521,248.33954150900973,31.508157411440497,145.87667150810896,100.23052196256651
2005-01-09 05:02:10.731724224,842.2922251157329,206.42627955967416,34.45163341605051,123.02473937803126,93.71971975861955
2005-01-09 05:11:54.478594194,1177.118989292636,217.6298660362221,30.923739168857452,155.6901649474178,105.74597098493541
2005-01-09 05:22:52.366207657,1203.989600304086,206.54826516698645,33.864599420837045,142.29774376828337,102.407245635304
2005-01-09 05:33:35.095094502,1132.0574369649635,246.77099703489117,29.090946395920703,148.74257605624916,109.80983545312735
2005-01-09 05:41:41.404558729,1019.7541949540785,226.86268128076995,29.558145460338924,150.18286593019235,96.73367877157034
2005-01-09 05:56:03.964886758,1141.166529170898,208.04172574793984,29.843431531772254,165.48189106739173,109.61807613353652
2005-01-09 06:01:10.792410396,1167.73225184765,225.22070945468346,31.871250950923507,174.04736819669284,108.57507081205662
2005-01-09 06:13:48.886532991,1092.9385779769914,196.97272513819075,30.989080749139955,161.71289683794564,95.32662832467734
2005-01-09 06:22:36.273859925,1150.7366641704741,256.81579671283663,29.625447111996294,169.87974741196618,137.72098824793986
2005-01-09 06:32:32.469034470,964.5294432007324,261.0674622126552,30.227697291230243,183.95688182455348,117.80367958972232
2005-01-09 06:42:14.830328376,978.5604359237084,221.84450347128728,34.316221236941274,167.81286753863003,129.35989741338668
2005-01-09 06:52:15.499037975,1071.4553073998254,247.0603941826734,32.64602176230715,171.94006176334838,122.56934164077273
2005-01-09 07:03:51.827588144,1001.4263305130756,238.8697139666207,34.72316038572969,153.75653526438606,116.45457617717301
2005-01-09 07:12:25.994333665,1068.3894979876002,230.563221247884,30.64062845933012,180.16962524655005,124.07403199258394
2005-01-09 07:23:25.134701088,1051.7154223168027,246.30055668781338,30.171041690626172,171.7462689879168,130.2721897455838
2005-01-09 07:32:19.402502480,900.03574583142,205.69000728313566,29.400805719866057,176.76254668848264,132.66374677325027
2005-01-09 07:43:00.155553325,1177.0917540646356,222.54155303872227,31.068286104543926,191.64215190454374,125.59789480663275
2005-01-09 07:54:40.969526144,1039.9391695333195,225.43135508944746,34.09973111456449,178.97236607573953,125.95467210199988
2005-01-09 08:01:54.055925111,1027.067070778706,237.22035066309513,31.62156236772577,193.00823745339616,142.32605365649914
2005-01-09 08:15:27.596538044,1087.41682762289,222.8915822123383,34.141662903113755,182.16436581158422,141.93510762474605
2005-01-09 08:24:09.383252406,1049.4606653564792,225.80542343484584,30.24754579451794,183.44113979973747,136.0876404839277
2005-01-09 08:31:59.260219113,1139.5081406388,231.3965585095324,32.72302520604815,181.70404785448395,128.70654224526234
2005-01-09 08:42:11.287503618,1128.5267987538205,203.56696500869828,32.89183575239906,204.97093541533903,144.6606348079025
2005-01-09 08:52:11.220914646,991.5409159552274,232.70984135766247,31.24913330952953,188.82550798489797,141.7138978282612
2005-01-09 09:03:09.585812749,1125.7000443862203,222.6924025415442,32.54317632242,194.6205659258936,142.7115326978223
2005-01-09 09:14:02.234780845,947.7745611113967,260.4921784808306,30.694913072037874,192.51238710566824,132.40870585603523
2005-01-09 09:22:47.307504900,920.5040800504064,221.29894298709425,34.152748021138024,200.7770119670169,152.95297549975587
2005-01-09 09:33:05.463618598,1030.649362357085,197.28689170935834,32.65602599836733,204.38533484257266,143.1162329836173
2005-01-09 09:41:23.665610642,679.997471654069,216.0262247481457,33.44097292356964,185.33179645012137,134.63833080088847
2005-01-09 09:54:06.850726295,1241.5291147013404,219.8551973200459,33.50082628006445,184.81910696370403,148.39067326324547
2005-01-09 10:03:30.469331766,1126.9272221022363,234.97867542684924,31.931969801733437,199.69595167993756,137.35502948930778
2005-01-09 10:12:23.090005655,1032.5695614952876,226.3937371252425,33.36567016706783,209.1480930402804,144.93766964017192
2005-01-09 10:21:33.008157232,1089.868849256398,235.62374514453745,31.290529653154667,190.58736750883045,159.2500540331508
2005-01-09 10:33:37.683046228,1106.3852644512908,223.6847836509229,33.64288729739459,213.10416836396902,135.52325285241093
2005-01-09 10:43:17.354813687,1156.0271120094017,215.86658471001786,38.40482451825305,188.94765238315864,138.31681553438696
2005-01-09 10:52:37.684578365,982.2030718060942,261.61190068349964,32.130774406829815,190.47896448373595,135.2898882782636
2005-01-09 11:03:32.680016512,1202.2080922369316,200.61883998549715,32.25444049093892,210.75173134887356,145.26383439361751
2005-01-09 11:14:00.141520278,1015.2476993309866,215.44186009181357,32.06024881955869,194.10565852010566,153.57081520910594
2005-01-09 11:22:04.162069305,1183.9589758333732,231.09259808408544,32.250222407003754,199.3855466906854,147.39129405707354
2005-01-09 11:31:24.486766683,1035.329139190351,226.0109829233745,30.430546798178046,201.18871027374334,134.33176113710587
2005-01-09 11:43:29.927701769,1127.0574045470617,248.28321916035588,30.601324508560534,194.9629477323161,147.9233002124662
2005-01-09 11:53:41.511613443,1054.6087367792368,242.16160018297828,31.743723661123603,191.06287184929167,129.66500900514757
2005-01-09 12:03:05.969452717,1030.9702691723799,209.897171493013,32.35673864981485,195.28133028867794,141.47137563156176
2005-01-09 12:13:36.847151427,1109.5927741045682,236.22161681367916,31.38233392431566,200.9739085666328,159.37735412867602
2005-01-09 12:23:21.580071238,1647.6653345572624,304.5717591320358,35.28849872524346,202.79837651521618,144.63946290015085
2005-01-09 12:32:10.402744241,1465.19204423385,291.7902921265604,34.76191708289379,189.22678717570292,134.61420631044757
2005-01-09 12:43:08.102719669,1476.777154906658,287.70591109780804,38.157312876863315,175.0107333483823,137.9818673339543
2005-01-09 12:53:18.389087894,1415.7468661173295,296.5758703101894,38.388435131355116,189.97757052178315,113.36595211948675
2005-01-09 13:03:27.254049198,1083.1194089837636,240.79197633743638,34.14088899658208,156.5451328866779,117.7929732872308
2005-01-09 13:12:41.101884461,1032.4666329326224,239.91494891120266,31.409317836744666,166.58902304802015,111.14787115557448
2005-01-09 13:23:25.176287699,1044.8574909553438,211.7462080862921,31.310795403727607,173.32450071440928,121.76153241618228
2005-01-09 13:33:29.604516226,1047.077178525442,247.05617527924284,30.94641273345159,159.94066265162576,125.74115936023867
2005-01-09 13:42:08.603265780,1027.4504742227728,234.82308423963735,33.20291232427186,163.97550902990724,100.51455981067774
2005-01-09 13:52:54.100119388,1035.728937318251,230.10281263514497,33.040602684014445,165.74789724809295,109.28946707031479
2005-01-09 14:03:57.794195394,1090.245777273572,222.97698819964702,34.0904761539971,149.82616125896072,102.92403315983445
2005-01-09 14:12:38.286769344,1051.0099889104088,225.70372949382744,32.617954912589354,152.86865414564954,95.6026556688335
2005-01-09 14:23:54.991188019,1018.7993516786183,231.27310783825422,33.87537745090003,147.17464625682896,80.76672998833922
2005-01-09 14:32:24.429324299,1051.4030178348683,234.3844642500231,32.518488288472255,148.41453967974977,96.72973111482439
2005-01-09 14:41:26.355256798,1023.5829040442885,226.3149637532571,33.02717725433839,146.11564777681852,92.38246271389016
2005-01-09 14:53:17.722517987,1116.7150527362703,228.900321331275,31.074909841586223,145.38623288307915,93.58083168580923
2005-01-09 15:02:14.006762835,1110.2013676048412,247.27335359866908,32.76727814102598,135.53971614995322,74.46748176782005
2005-01-09 15:14:01.810267658,1099.39421308326,227.1012933040703,33.7998854405974,139.70308078347492,92.07699937464452
2005-01-09 15:23:10.453646715,50.44363453840207,100.70033029509126,20.139852927191598,129.25641521588736,83.93680968747917
2005-01-09 15:33:24.887114085,38.748590500956645,77.32473016523019,15.420612327878796,112.87230373176293,80.35919305301795
2005-01-09 15:44:43.875190325,27.381825049710937,54.652886592743215,10.757976786319517,98.26940036932908,76.31116897404294
2005-01-09 15:53:05.313417807,21.27370692591226,41.91185335824286,8.418351015024733,90.09392876186833,73.36095681886648
2005-01-09 16:02:46.897900791,15.882333953360408,31.733592154949775,6.373933187279544,83.43714985965471,70.0869769841749
2005-01-09 16:14:19.444342855,11.828755578662063,23.796842304404525,4.818963355515215,77.25600944138068,66.50602490169456
2005-01-09 16:22:30.878673781,10.07110678364662,20.217242484217728,4.048292838377329,73.6784168700531,63.897728112568295
2005-01-09 16:31:57.252645437,8.863990570033533,17.581235957694197,3.56303989697777,70.58503645155768,61.546845630425196
2005-01-09 16:42:09.425467640,8.003493857605463,15.766590113799555,3.0978643875462106,67.4849529698124,58.862170038697066
2005-01-09 16:52:48.129496440,7.185058097929961,14.476864780393269,3.0035330262375557,64.81676617275741,56.42628385827707
2005-01-09 17:02:14.210783077,6.8195466543913,14.08420280336623,2.7980600477662527,62.709653604139284,54.48537328306689
2005-01-09 17:11:51.688764628,6.797772189644937,13.418398564774206,2.7432321677186025,60.758740270675354,52.74518877906339
2005-01-09 17:22:44.504851472,6.779361936830204,13.362625955948332,2.694308589516544,58.7853222857671,50.82174166882881
2005-01-09 17:34:22.292050266,1055.1709697524661,148.3554146240103,16.26743137165387,62.29449889891436,54.07255714781249
2005-01-09 17:41:12.757736492,1031.767136712024,171.13073538634882,19.54769470461481,75.68842629953632,52.03665495269183
2005-01-09 17:52:59.679775998,1062.5123134253986,187.36659740959598,24.426064637167467,76.60077991688996,46.797912905911936
2005-01-09 18:04:07.580810353,1134.067354073654,201.33267576641782,26.783007398836055,88.22198327231953,52.81988581433949
2005-01-09 18:12:19.011128531,984.9458093327729,203.6300714702396,28.59438520812473,104.12362932415871,58.54187210813408
2005-01-09 18:22:20.948725558,1050.5569878222884,209.50963412909422,28.51229904566476,92.99598694898324,54.10193167079975
2005-01-09 18:33:38.149398674,1125.1273032607771,241.69451484267236,31.15978976841398,106.42662948227716,61.222714280963324
2005-01-09 18:41:11.824545818,1036.1757544935222,218.25577507242286,31.647983628250675,103.65092096797093,56.6680606948176
2005-01-09 18:54:34.034638733,95882.027975659,-2.6870997993290606,-2609.3438130222867,0.43848295028589657,1281552.812133653
2005-01-09 19:03:12.254647377,1034.0959467272692,244.77167391783584,31.593505994223708,107.60604408217125,62.45571818985539
2005-01-09 19:13:03.154620990,1034.552449937106,223.12135694265396,32.14656864410248,114.7354815081006,62.68774538850488
2005-01-09 19:24:03.321694031,1074.4797048237428,228.36887943852787,33.20930778380879,103.41590118135764,57.236818378418185
2005-01-09 19:33:27.512459502,1088.9765035388878,224.19875130338986,32.01625978602613,112.22181800921233,55.88244434953689
2005-01-09 19:42:27.328046061,992.744705802992,237.23275231253925,33.48328143590022,115.37531765883197,59.92198824224635
2005-01-09 19:53:58.316097288,1085.8514089783118,227.76602025217232,32.79386106822472,120.41931500435292,61.53273427140491
2005-01-09 20:03:13.429773235,1089.799002031684,240.99248312158971,32.39591035573935,112.6685670726569,58.25668311923451
2005-01-09 20:11:57.178859819,999.535156338302,246.09922573908915,31.509627381836765,118.3983765864761,63.31424238226031
2005-01-09 20:24:03.182406960,1053.6797395584438,230.56659559481633,33.84657401208603,113.48571505438196,60.68646489625102
2005-01-09 20:34:37.260579452,1123.1446743450554,244.7650760334972,30.111617475318504,112.16025904532255,63.792030380179924
2005-01-09 20:42:18.444645329,1051.0972775590346,247.5733047572314,33.37734803499441,123.05280752541114,65.52257282074535
2005-01-09 20:53:44.277534354,1093.538660892006,244.73308185283804,31.903323631569616,116.99147443113509,62.21769066866115
2005-01-09 21:03:35.031458304,1006.3148385855511,220.05200929131655,31.048278419605168,115.93507251792698,63.542936486364894
2005-01-09 21:12:16.847739321,1009.0980433073502,232.56087398805022,33.39918347314032,128.3209542363245,61.85148366324806
2005-01-09 21:22:03.569627570,1120.7861184821109,236.61629043439882,32.65053272751924,113.76133142240265,68.11218454338592
2005-01-09 21:32:16.122454026,1109.103808994824,228.69529779129462,31.929834140427115,124.5784518699093,65.88900981664551
2005-01-09 21:42:27.135764670,1056.3274786702138,226.9655833896931,32.32639626188021,119.75126066138905,70.66954752596794
2005-01-09 21:52:32.105162371,1040.3313028327161,235.39762811467693,33.01416564147969,122.33339557754995,66.77925215566168
2005-01-09 22:03:26.992080282,1071.3269730252086,234.70589449273623,32.562877296763226,104.71300728778218,63.12643167746127
2005-01-09 22:11:48.253551638,907.4247786275046,213.8157909760594,31.59377101557489,114.66427126092243,68.14033408146376
2005-01-09 22:23:09.514630896,1067.8968856755719,227.32207858262086,32.993261481704785,130.18947961653458,68.61866108406046
2005-01-09 22:33:41.917787679,48.46508817373463,97.03952186378957,19.335205847658006,108.20540332937071,65.01770213311484
2005-01-09 22:42:50.399814619,38.07252318519951,75.98539560167919,15.342959650295645,94.6267271751955,62.88966789164022
2005-01-09 22:52:00.560526876,28.475671692788527,56.855913064627714,11.533549780478841,83.5036004937446,60.45534737105125
2005-01-09 23:01:17.743927500,21.123986822667902,42.254508473397216,8.516373493495877,75.17782399942061,58.29567392902804
2005-01-09 23:12:18.993374044,15.105507413773958,30.250856182486178,6.1703835520318915,68.15224315962745,55.18921628208358
2005-01-09 23:21:31.991194761,11.83270849871917,23.70240990468554,4.646585184664783,63.97835748500175,53.10463494867749
2005-01-09 23:32:37.745753338,9.268970166762836,18.281286677819992,3.682426432824191,59.99559730639025,50.565827994520816
2005-01-09 23:42:56.590755642,7.933941719523187,15.557117268948058,3.121217815875423,56.96599469417133,48.49537751383154
2005-01-09 23:54:03.622747149,6.5811932717171935,13.685489748619563,2.5409608737508886,54.34218897672293,46.21312714118591
2005-01-10 00:02:36.915155869,6.283707371089825,12.60623901748403,2.377071656028043,52.526101319180036,44.754521825444996
2005-01-10 00:12:45.340341003,5.796723517247563,11.913200174777591,2.3315520991021415,50.63611533254254,43.227919121210626
2005-01-10 00:23:23.912902953,5.598941050001981,11.370150843186497,2.383360160354738,48.8306522796621,41.20981247931824
2005-01-10 00:32:13.713832460,5.546594761214893,11.038289263469862,2.0633266167021036,47.546077238754876,39.97911630391017
2005-01-10 00:41:50.844462491,1028.5515490245718,147.6047528370675,15.173937837345871,43.68596022915573,43.79502323412538
2005-01-10 00:52:56.416297827,1010.9934240380223,178.0238400085366,19.45633678755998,55.462339422293624,38.097653010634936
2005-01-10 01:04:15.561166115,1067.420642551451,194.79316541284481,23.559811466086398,80.44237581975378,47.682689582723675
2005-01-10 01:14:55.550428673,1153.4278543695586,213.5954049585207,26.08612233581751,80.48820294965144,43.66186390529482
2005-01-10 01:24:39.359260430,1074.2581279031153,200.96707277818444,28.766532505854883,90.5323812054026,43.886947047739866
2005-01-10 01:32:47.072348985,970.629230824292,223.5921236390865,32.5978026170634,79.9786809841264,41.34873446337388
2005-01-10 01:43:15.073796311,1022.6212988992626,206.16084757177,31.324295646291745,106.04240734216619,49.33609092569139
2005-01-10 01:52:26.993385674,1053.2712439522625,224.58956744225088,30.60349709143032,103.11790991933485,61.00561449818764
2005-01-10 02:02:56.068168734,1062.3374765627777,230.49197487697376,31.52938116159049,100.07656000370396,52.301584235335426
2005-01-10 02:14:40.180321533,1093.8807116474875,227.62891611903294,33.31445038550078,102.93571333031134,47.94520552708516
2005-01-10 02:23:08.163629761,1110.9230329253526,255.1303144387143,31.50051744134034,98.27397084165662,57.873035416959844
2005-01-10 02:34:12.479739509,1077.1527159696889,237.2083020296398,31.27398436533916,99.77619673119466,56.85592148540566
2005-01-10 02:43:54.813634822,1114.948872463937,233.3856708483912,31.168923455662053,101.9904911761202,50.465094029070016
2005-01-10 02:52:25.282173424,1004.0504143991398,232.51558392336048,30.210360500419153,109.26484654818138,49.76748779079561
2005-01-10 03:01:35.823912335,1036.5480923582668,229.6077506890201,31.53975320022053,100.77409274091796,49.20367728206034
2005-01-10 03:13:26.131882401,1128.7627184582716,235.34935645394344,31.20948048840986,105.9523378016831,54.668042827881365
2005-01-10 03:23:29.636402240,970.2821127997169,209.08021057420035,31.688727849945447,106.16553672951946,53.35681554203877
2005-01-10 03:31:17.112684094,1102.0577322754193,219.77740134955565,32.601932661404476,109.56544623100523,55.5961662900637
2005-01-10 03:43:50.205474195,985.7538058908827,244.93455186287903,31.639253610995834,104.53501396260049,54.0200783869948
2005-01-10 03:51:03.543723639,1158.3670613376937,224.9564338383895,32.97756459102902,114.1951759310359,66.01070372161755
2005-01-10 04:02:50.142772724,1048.4237184686053,222.77883576149156,30.41353496628085,93.1447136986957,46.66874803472172
2005-01-10 04:14:20.264321932,1091.442897774464,230.3233780145939,32.85829283078877,107.82905712116911,53.15944994602419
2005-01-10 04:22:17.092469481,1013.3605055877038,235.3818311345622,31.837252735375962,106.18431949472426,56.20261883106248
2005-01-10 04:33:04.630864760,1025.607777914468,214.24638152570319,32.19567503132117,106.98813922651729,43.22028320197151
2005-01-10 04:44:27.866261116,1063.9592754785813,220.31078766226952,31.016714905476764,106.67520010123651,58.44973241193592
2005-01-10 04:50:54.618444801,1008.5124535090958,229.95566757929413,32.29362212835619,107.26518123035572,54.47171905569179
2005-01-10 05:03:50.640409587,1093.2909474633207,224.35504739823168,32.33134612534803,105.25955570139676,58.76217158004224
2005-01-10 05:13:23.023899857,1036.623136955325,219.70510126458055,32.47339819802421,100.70341268650688,47.395550136528776
2005-01-10 05:23:34.305472313,1103.9831207684165,249.19211205709337,31.195990906973893,112.38305880704864,55.822331773382054
2005-01-10 05:31:23.165356376,1005.4494296359558,224.78238435332386,31.560764604074144,110.86131269914792,66.78139172556288
2005-01-10 05:43:19.413392969,992.9616641946152,224.1273127304715,33.50993274803071,104.88431996791181,61.19494945409852
2005-01-10 05:51:08.338879804,1049.003202416012,227.11377243888495,33.44578371327868,102.42113892544864,55.25802717439376
2005-01-10 06:02:17.663624005,1034.4483533388657,223.28410851143033,31.544191043265034,103.87900960314289,59.50047123107948
2005-01-10 06:12:01.684869414,907.5976380571805,234.81065325968305,31.17380011751161,119.9521503473306,59.35904131599984
2005-01-10 06:24:40.897446235,1056.736536489338,235.16114947907758,30.544628931557632,116.332489479278,58.722853090989084
2005-01-10 06:32:58.545410724,1003.6898387816328,220.8698657953849,31.615584387634165,111.53325815519112,59.929206097695825
2005-01-10 06:42:46.630609211,1108.7380062536947,228.19371569125678,32.92591149006595,102.87230776263242,60.705952807557914
2005-01-10 06:51:41.287149163,1071.0913962240688,223.27220533914073,31.856470349864104,114.18694431404292,60.639808331107375
2005-01-10 07:03:38.232928732,1079.6138341764174,219.64228712093606,32.294322932819945,109.86685818749378,63.31578281793344
2005-01-10 07:12:40.295746574,1145.5578915323906,233.70016859164136,30.790770945076414,98.39899118702026,56.31242316133282
2005-01-10 07:23:22.027222205,1108.2902742841263,229.41718208880891,31.079646523219335,105.5567002511119,53.117809245239286
2005-01-10 07:31:59.290409946,1097.4359949817733,217.28435064922215,31.130327511028714,109.57202674203741,58.07210439808244
2005-01-10 07:42:16.609205866,988.8786348958165,242.0200912815211,32.02594519950559,108.28860012182663,60.358275815975276
2005-01-10 07:52:54.682267130,1087.9202185336155,221.5887149704046,32.28462976241474,108.45017778008848,63.9431573708737
2005-01-10 08:03:19.112283891,1029.7605623091852,234.18540619611608,32.16128185125903,107.80327381313342,61.05470402309455
2005-01-10 08:15:14.640301332,1105.2085909624043,215.42244260548932,32.22122359146276,105.64559125858025,60.25939112419252
2005-01-10 08:22:28.148565689,1025.4459070042637,244.5202248986929,32.056793516108556,105.98407085010443,53.35419233331104
2005-01-10 08:32:56.939592259,1063.627116368832,226.00520139646167,32.00862708023419,101.30191099317766,55.32996600778332
2005-01-10 08:43:44.884054299,1024.6410637556005,235.69987062687875,32.09690852876655,105.85552533373898,52.85207724290308
2005-01-10 08:52:40.184263392,967.2062233953295,236.07788784150017,32.679099366863326,114.56699793125146,57.84819990884304
2005-01-10 09:03:24.913169765,1039.111802222907,231.95183730475358,31.846619729738194,107.65928533992003,60.375709959443434
2005-01-10 09:11:35.094565468,1031.216682512977,240.56457874327066,29.985638033593396,108.67895831194599,62.746400461409536
2005-01-10 09:22:58.077583122,1051.2377050377659,213.48616724544627,32.018827068336996,106.701030018092,59.07611033621419
2005-01-10 09:32:40.934183993,1047.1156329819853,200.67814231325215,30.627101164127893,114.22513734602249,70.60576678987451
2005-01-10 09:43:16.989503313,1088.9997059076886,232.82738866864065,30.386590260576043,107.0002012762049,55.63883325449495
2005-01-10 09:53:00.123333538,985.4207244529215,204.42146936175232,31.775742634485717,97.75674658690062,54.37186971399942
2005-01-10 10:01:21.669562338,1142.3527199170926,230.43663512497935,33.38937803422506,113.1716452252807,53.33769395911426
2005-01-10 10:13:13.505535310,1055.8288015722555,210.89337495078894,31.934017949358125,109.64581463787505,62.40678753097424
2005-01-10 10:24:16.000596880,1078.4654968717603,207.52258337867195,32.3587610563369,114.36190193552993,59.751083857567956
2005-01-10 10:33:07.925105968,1015.0379747291163,239.42032321209552,32.9859071649581,104.53149794418472,60.70546985211269
2005-01-10 10:42:01.372620043,1029.9251317558312,230.14839087989543,30.51060801057693,103.60858143907278,58.93757932055908
2005-01-10 10:52:47.779203961,979.7719619461601,219.72962441096672,32.18056622118121,108.18980102970198,52.517042508240394
2005-01-10 11:03:40.040658684,1089.4758811284041,229.93935675037818,28.59049398726914,104.85847656071115,50.4992753973184
2005-01-10 11:12:24.601376612,1018.6873852770428,222.84398811011778,32.544898689802785,114.2981804838071,54.457182027708775
2005-01-10 11:23:29.426744763,1100.2237949642677,240.22598026254298,33.00261499308188,121.80053605223033,59.86712386859933
2005-01-10 11:32:08.877404857,1117.288504760676,217.63325566161808,33.39631153985444,115.5892058322434,59.40948861897933
2005-01-10 11:43:37.823533223,997.0739215098126,225.22104060618034,32.97942945244516,110.86429733299255,63.06426733620398
2005-01-10 11:53:12.392986115,1027.1645119336779,222.56711526645867,32.90324315903831,117.04188394497714,61.55610941609244
2005-01-10 12:02:04.023101271,948.1220912530285,237.45394364287455,32.351100153690396,114.25707251631036,61.21378800134362
2005-01-10 12:12:49.592735025,1022.6632200449978,211.16510190680123,32.181818409842876,110.12139136772477,68.37843952771827
2005-01-10 12:21:59.323423010,989.3405535026906,218.9904875145612,32.60983762453939,109.10805942539035,58.54996292046718
2005-01-10 12:31:23.098868822,1115.051853603342,235.18914459567628,31.341273536194958,114.60764422811872,67.46626799210264
2005-01-10 12:43:07.242054140,1164.309950674759,210.63095326120262,32.0401963627804,112.12356040680729,60.75179060135312
2005-01-10 12:53:05.090959073,1036.8727286699295,225.862078225003,33.268209516358716,112.60094540125603,73.14484425496397
2005-01-10 13:03:15.281173047,982.5192774511643,227.86567826638242,31.673168266166563,112.8869386612739,65.83593616818064
2005-01-10 13:12:15.174272279,-1.2541224682743086e+21,-32.140722114736946,0.16175329056452725,-2.5340375025451123,-0.9474463978005472
2005-01-10 13:24:06.103160383,1052.3584356241863,238.78499442724143,33.20338030675658,108.80412665673066,66.67745540232842
2005-01-10 13:33:49.567158031,975.7480031558433,217.30265648867515,32.804643202138266,118.25316828325431,67.37492175826047
2005-01-10 13:42:27.023973360,1070.2502172476256,229.03767881226847,32.41567531088815,123.82267605942828,68.48398619828374
2005-01-10 13:53:23.176622178,1038.6208696246024,232.01357418382284,34.29359315257385,110.16812025861441,61.36350640919983
2005-01-10 14:02:26.311418835,1012.2326161592508,229.58202616141455,31.403012430831254,122.2912409152577,72.23176915795936
2005-01-10 14:13:06.400728253,9.248671213173687e+25,-1.023604024579607e+21,450540225.4705394,-1.5173484563304968e+16,15.639011767338708
2005-01-10 14:22:38.953207475,1171.549199667259,232.21054683545972,33.69806695951958,116.52704303650829,66.44659413319027
2005-01-10 14:33:09.597256153,1078.900609506178,221.13852031366392,33.02110501446129,113.93366240135447,68.0097445126936
2005-01-10 14:42:18.701259934,1020.2460810581942,237.92587239420715,31.65538780796263,110.24018013374462,59.43630444789892
2005-01-10 14:52:53.551106126,1005.5016040684185,226.70973386726922,34.196646787266694,117.46357916087746,59.48229912335301
2005-01-10 15:04:21.587578113,1068.442701116262,241.51049662235053,33.23831029875547,120.21449614205525,64.86108199673704
2005-01-10 15:12:16.821772691,986.2925847346107,235.56878178121096,32.3924673600769,124.39202582155939,65.62417020242845
2005-01-10 15:21:52.385327831,1026.4082700327522,233.45482758203374,32.48487767877804,119.1883397503792,56.49117589903475
2005-01-10 15:33:17.947572617,1078.7899217930371,243.58094639811787,32.870126098286356,127.27693506397854,76.12060932629025
2005-01-10 15:43:00.786147567,1147.4915104961858,251.52893567073056,30.651394497601757,116.31368762474226,75.84942355056269
2005-01-10 15:53:24.817202468,1088.1713032759287,224.89238341918926,31.401606189812032,124.4924495135082,68.02243077403917
2005-01-10 16:03:39.900598807,1064.9303994708698,227.88102609628356,32.421266220684906,126.27139640041437,72.38944529530443
2005-01-10 16:13:29.445410092,1081.458721861025,218.58951205531451,32.735408990368576,119.92674148578297,63.930465606730166
2005-01-10 16:22:31.453589788,1035.2663242442216,252.50716712808094,32.500704762170564,124.42504159465429,69.69828003226574
2005-01-10 16:32:53.287311638,1013.1077386542162,214.82418032992504,33.231871904638766,122.63038865461247,65.38654782070559
2005-01-10 16:41:06.497430736,1110.6870423623666,239.19282863065504,32.88629992272902,125.83204584475108,59.279998050467654
2005-01-10 16:53:27.332385151,1063.3128953131647,228.6922478307613,32.022542438427564,123.36468325999911,67.86680953335129
2005-01-10 17:03:04.339478184,1083.0719863855097,235.5897616045794,32.33965066342787,118.25934949566866,66.50635270792534
2005-01-10 17:12:12.004413668,1091.0922361568566,249.26595770312835,34.700791381305905,117.16981103481395,67.60743060611922
2005-01-10 17:21:49.881491806,1074.265560269919,239.8726499957083,32.890581655350886,127.45492588865731,71.68551196376018
2005-01-10 17:32:51.289076057,1062.8633504994552,237.4058177771143,32.92867994576823,124.56382496852474,76.45492151033967
2005-01-10 17:45:58.773715228,1072.2763437613678,239.20393983523462,31.65695021425862,126.77161418043309,71.27415034752038
2005-01-10 17:54:03.025280469,1047.8244987014805,239.41864358177773,32.849380041470226,129.5977528748889,74.91686107393951
2005-01-10 18:02:23.191331338,1052.825458802977,230.16066606333666,33.49157522002001,117.09051259130015,68.47670634457172
2005-01-10 18:13:54.897506872,1024.9279600025493,250.0413901446165,32.52133671277523,122.17802152982374,70.60240205120382
2005-01-10 18:22:31.978257910,1090.8256291757846,224.21275934889582,32.66519690562523,124.8378961455228,69.31485587374253
2005-01-10 18:31:47.723182706,1056.6228379918634,234.88830970567417,32.3261481638793,130.9975887830132,66.64402177572993
2005-01-10 18:42:48.964458459,1037.3080519756536,248.15724335095848,32.40487523117838,126.09370178411442,65.10123889279404
2005-01-10 18:53:31.261930635,1039.0312637090542,226.7048205765899,32.41664284447301,128.07662260105545,74.8556334050979
2005-01-10 19:03:52.223424330,1082.1065342512052,222.30284365168484,30.829842819272983,118.57384579600749,72.39862123168861
2005-01-10 19:13:08.317226198,1008.2788059948696,237.84091658900306,32.45767201146636,124.52492388275999,74.80426018838037
2005-01-10 19:23:04.497259000,1060.8573180900091,230.95844103068083,32.33448549589896,124.83350347196865,72.08569975448151
2005-01-10 19:31:30.516681092,1049.4719984211968,234.72838204791375,31.592100236555197,134.60415894029182,69.81321885343836
2005-01-10 19:43:28.839258566,212825.65006433186,4713010833039506.0,-0.017591791960531688,5.152068520752901e+31,-9.23352602168937e+19
2005-01-10 19:53:46.463139189,1083.7925231540773,235.07118746998842,31.01330363011365,124.43556140347391,71.32644839278468
2005-01-10 20:03:47.148802929,1043.9104950479652,228.17780910924674,31.60889439788853,114.7647260065781,62.369786633482825
2005-01-10 20:12:57.235431755,1081.6661522370612,236.6827499777389,32.61251595208454,124.87935315262098,72.41453290574533
2005-01-10 20:22:19.515840051,1046.246914650982,215.52038098318258,31.34368501573317,128.00399592311632,64.8854949094181
2005-01-10 20:33:03.513805945,1001.3668856859765,230.6565892714436,32.8063044552127,124.9045221147683,66.22485433297214
2005-01-10 20:42:50.670173806,1027.282057474375,228.79458314800192,32.11079506999197,118.74894509667567,73.8796815919934
2005-01-10 20:51:06.933729307,1111.3484847389248,235.23405403593432,33.18299409427455,127.54545951858223,81.28803034914367
2005-01-10 21:03:02.931845014,1019.1001218065729,223.91068502122116,30.790251948703403,122.5364515184875,71.99592970661217
2005-01-10 21:13:44.990190400,1087.595823191184,244.3513722496955,31.284028567599712,115.00965103028574,72.29383588936649
2005-01-10 21:22:38.359503445,1047.4301549551217,236.65941232782728,32.636203484388936,129.05793558336515,74.56358109039482
2005-01-10 21:31:46.885034451,1005.9402954228831,227.40820914783282,30.149530620470262,129.00107377074758,74.70289971205933
2005-01-10 21:42:46.365581676,1085.2732987588881,225.35078690339628,33.3329849225265,116.84574522838584,76.57739817581776
2005-01-10 21:52:48.080068835,986.8382969408257,232.85770933293102,32.75252858122266,117.73406957949388,69.13449543310368
2005-01-10 22:03:24.359415011,1017.4108581128914,246.11118272503683,32.13958964198384,119.03524677935668,78.81966671877485
2005-01-10 22:15:35.701721278,1047.3148341382912,242.29734350642644,32.1580463921428,126.97859882469193,75.4099090977133
2005-01-10 22:22:29.122364230,1075.330971867389,233.71437150747485,30.71737924256645,117.06904981942637,70.23958343997859
2005-01-10 22:31:30.518619089,1017.0596005524087,221.48502037461378,31.35718488219812,122.23969845929709,77.33831883927753
2005-01-10 22:44:35.064911950,1110.0391473643679,232.35747338310108,33.18755891662895,120.93852879076282,67.88051647721826
2005-01-10 22:53:34.328817236,1089.7973118374691,225.76473830597246,30.651881460452767,117.95675266708999,71.51876362223604
2005-01-10 23:02:35.702760557,1020.6092806364162,222.6606150319212,33.15493412074718,118.53181825614679,69.79099951725544
2005-01-10 23:13:41.215368696,1085.7350146992014,240.6023612282675,33.640209112374315,112.10142705221642,74.09802987122184
2005-01-10 23:23:25.366214838,1035.989991540386,235.04730639388944,33.76709731886868,114.51518493237403,66.06040544396711
2005-01-10 23:33:25.190539308,1093.608737394374,245.3544950519792,31.34047410093406,118.13629257330314,61.81367400052232
2005-01-10 23:41:18.875781005,1018.6493249230772,234.38608530070312,33.00017987844105,104.50635484009034,66.64869131339162
2005-01-10 23:52:31.973509937,1113.8532420414795,219.1384267448383,31.131345918059598,117.36670846802552,70.9575949356388
2005-01-11 00:01:55.908219322,1132.2613410234346,233.12301086956418,33.394140801808774,120.14944872438646,71.45015625149894
2005-01-11 00:13:12.286317535,1075.7196171204398,229.12706217668733,32.22836836490038,114.0173136956126,67.79599126792067
2005-01-11 00:22:03.635454155,1054.3447057960345,211.24100363848208,31.983735584462522,129.53380855053948,70.51112536226391
2005-01-11 00:32:11.654477086,1035.1048052431822,225.47632097746686,33.114011465597436,114.31061263577877,62.48019640704558
2005-01-11 00:43:12.111733557,1076.0175691468717,243.6416429324834,32.63484741947635,126.81217559176991,66.69710250745779
2005-01-11 00:53:15.535053140,1004.9178154980513,216.17440634520258,30.406647199309646,121.84906602559236,72.00529456872336
2005-01-11 01:02:17.715701087,1055.9223204901184,228.43521977012773,31.823085136940538,111.75091875643115,60.8732248708881
2005-01-11 01:11:51.534977756,990.5462972151902,237.76655991120114,32.187321208851216,117.60826435420778,72.91800024023017
2005-01-11 01:24:10.539212335,1038.6594777409646,223.2230987508578,32.157750401776305,120.09606855486858,65.3332572363967
2005-01-11 01:33:15.270225921,969.1270156344735,251.87216190012236,32.586369444671675,113.72279487744993,65.02972079224975
2005-01-11 01:41:58.070953358,1049.5698607389402,236.88415234161425,32.80743317020733,120.02195027430976,63.217941567065076
2005-01-11 01:52:48.797360853,1095.4844576376213,225.89901486674154,32.628030605008775,120.03860556962105,68.29874291969823
2005-01-11 02:01:50.850271315,986.1022527636042,209.35235091823583,33.24597123241997,113.33051477077153,59.72365969131413
2005-01-11 02:13:45.051905618,1130.1833082445507,235.08597573236324,32.226456891782334,111.91771424623171,53.428517577987535
2005-01-11 02:23:23.109919106,1011.8284425973479,217.30976842606142,30.087412338793268,119.68292969103061,51.45693882912843
2005-01-11 02:33:04.775836633,1082.1254590518265,234.42667541650667,30.66226650658197,113.92185290635362,66.55956796675291
2005-01-11 02:43:40.506236617,1006.0892647290754,228.09121339994263,33.550039618158394,116.18519175612671,57.66334863058974
2005-01-11 02:50:34.493244156,1044.3284001611562,219.2879457961411,30.684986528389082,108.4808465782641,64.18725463139026
2005-01-11 03:00:49.418794891,1050.7560891317205,226.3220632245709,32.49128018200168,107.00575378770348,58.414730676357095
2005-01-11 03:14:41.038099343,1030.2467032438606,243.90528835061994,32.0670172313278,110.50705414597708,61.47041989406499
2005-01-11 03:24:10.548275972,1036.535136133128,226.15208003874156,31.013429766139755,114.6867583491287,55.1147335099363
2005-01-11 03:34:07.838555783,1017.1065639455496,219.4147072564403,32.36705167875542,112.80607554699075,55.37315734538772
2005-01-11 03:42:08.165397109,1079.2535424775594,231.70577365520478,32.73074112973773,114.65590803251314,64.96439434504266
2005-01-11 03:51:37.749979491,1039.5320619601603,226.0024548486496,31.309284178350296,114.3796749435982,63.88662966280514
2005-01-11 04:03:29.473018194,1009.8563697499567,228.36654460526276,29.89912308783363,103.77060597289476,62.4171755434939
2005-01-11 04:12:21.788500663,1075.9252526234266,215.15657677260148,32.30095116927093,109.66074125585651,67.55545946505066
2005-01-11 04:22:31.004439295,1091.7839011158637,242.3292258254043,31.257428486515874,106.6476783059818,51.681320323443536
2005-01-11 04:33:48.213606133,1113.6423863807502,227.52436208187237,32.093830528901236,113.92708816036074,58.78049906933724
2005-01-11 04:44:10.852803888,1097.396193004556,235.18574184752654,32.673258948400175,109.24323813928044,53.94518493916397
2005-01-11 04:53:09.910038285,1055.234784280292,224.82398690295528,32.861872303394016,103.7613624654238,55.22901342923457
2005-01-11 05:04:23.983250069,1088.5766387508168,246.80031573615696,30.988299306764883,109.25180510377578,60.27333922256683
2005-01-11 05:12:08.773846921,958.3891756211016,229.01989773521834,31.480325188781812,112.9715109056852,58.29108811715382
2005-01-11 05:23:27.736398085,1089.3089627670986,224.97152419285484,31.580879758811225,115.4767516090325,52.79127773820768
2005-01-11 05:32:00.334930932,1070.1502707245934,231.25885480623816,31.833746826415364,118.92182211317454,61.17067121222696
2005-01-11 05:43:44.603898791,1052.2725663627125,232.14201630152115,32.23433540699589,104.73273578100955,55.644331222965825
2005-01-11 05:52:09.777498438,1167.9150068839363,209.97985366015988,31.629069478597557,115.41681944586202,59.578935410515626
2005-01-11 06:03:12.158662442,1061.919660069777,222.7584862133778,31.64202962950466,110.96930182042142,62.24343427165373
2005-01-11 06:13:00.603945538,1089.720672246557,243.6401426611238,32.38331658139586,104.26700695417438,59.14214615351213
2005-01-11 06:22:15.480418554,1013.112903046865,224.48370972459233,30.476634643447888,109.8262986195029,63.46860399014472
2005-01-11 06:32:33.298119470,956.8724729862626,226.5344465477281,29.710830641679355,112.60061268308883,62.52369815226878
2005-01-11 06:42:43.659085111,1076.9880165787763,218.42866288040113,31.357766416017856,112.14952126303808,63.21110559075852
2005-01-11 06:52:06.973721824,1093.705442080032,251.06138710604515,30.14234262853392,100.67121645257376,57.57317067346901
2005-01-11 07:03:15.067563243,1117.4179508117693,238.988034251118,32.71824112130276,111.30044461407255,59.8258060785111
2005-01-11 07:11:45.338319083,961.8225903236615,228.1941684087502,32.402910674591666,121.85876107101743,60.90920186776174
2005-01-11 07:23:34.132017776,1084.6479639226473,222.19318903895447,32.46313436184809,103.13286259762828,62.71008131177987
2005-01-11 07:33:06.475363477,1116.2282822834998,251.8594853494199,33.128739700131675,114.1852623857559,59.673413855728064
2005-01-11 07:42:56.543062165,1146.8724818543467,243.81215553549697,32.28329387449369,116.9208114014301,59.340945952648994
2005-01-11 07:52:07.050168766,973.2077475129851,237.21289875410645,30.694075647819822,102.81391453439883,58.392800876622694
2005-01-11 08:03:58.979360619,1020.6166057175249,228.4501816681686,31.308415355548817,116.66221913192469,60.154508791146284
2005-01-11 08:12:59.228697579,999.3599902995766,222.23347326554912,31.654797794700013,112.42417753445287,61.122464157613884
2005-01-11 08:22:57.209343800,1017.1634674407919,220.38628164522154,30.222410179977665,107.10584681334026,48.41259375484913
2005-01-11 08:33:53.495952367,1035.207667279084,222.1333590390038,32.75461136611498,113.18656609680451,59.03205870722539
2005-01-11 08:43:02.220431136,1010.6312834215739,236.08576218227523,32.598618789353736,110.26728210066427,59.44076145188717
2005-01-11 08:53:00.474337669,1086.4299372907253,244.72406414377136,32.175941432315994,111.0241046135071,68.63692549093783
2005-01-11 09:01:00.661280458,963.8434685619559,240.6929010067441,31.221940558445457,110.79963889420921,67.80993704495532
2005-01-11 09:13:28.968066147,3.2747037556375793e+22,-0.6621350548698155,1746386.1479988168,42948232963.66123,1361405205.5426486
2005-01-11 09:23:34.018010071,1054.6354479222643,205.05935759069226,32.475793466800106,113.13402473665045,60.72294275553613
2005-01-11 09:33:50.986062477,1088.356230844554,223.46944495546796,32.376878515035536,113.40123101760359,64.12227925055183
2005-01-11 09:43:16.072369210,1083.4790476781889,229.0915412871672,31.811095703174374,121.79127653543237,61.38313473383646
2005-01-11 09:51:46.654747226,1050.8610514566146,227.84601127978763,32.73042208918272,108.97538848111918,62.088569090032316
2005-01-11 10:02:47.619691545,961.1173666217665,219.88598947379802,31.98509351535302,114.91164171718614,61.354315973762084
2005-01-11 10:13:32.006766771,1144.8492506501063,245.89204909934188,32.024882678730265,112.38993312156944,63.05587823989585
2005-01-11 10:23:13.176526482,1084.1161289080574,234.30356910585553,32.3719634263968,120.61247011458387,60.023407109900006
2005-01-11 10:33:38.635491323,1012.4706547303937,199.1662083249897,31.9807158846303,112.65324425217398,62.250340159185335
2005-01-11 10:44:07.190994037,1042.9283192916168,231.4872980897216,31.3968206469316,110.23292001904956,52.07916273764281
2005-01-11 10:53:50.908545035,1152.156437968671,233.94456964238685,31.244104365707127,108.16286743795067,68.5496383101153
2005-01-11 11:03:36.266496419,932.9785792461639,226.37196956974782,32.41561287982631,110.53643608352108,69.16822849353265
2005-01-11 11:12:17.504292304,1045.9458887839805,236.98254464670643,31.93553434116883,104.78700053381209,59.266078710124155
2005-01-11 11:23:19.950721420,1170.9971409193613,240.55865892991605,32.36798242633091,110.49578292894816,53.15379491799938
2005-01-11 11:33:07.926409372,1107.6317471687573,245.56270679411568,32.18916310445444,110.85162153480393,72.18789147178589
2005-01-11 11:42:18.687044672,1145.481457855341,243.71146257540914,32.59101643108444,122.11209944037014,56.623831310559204
2005-01-11 11:51:48.664256318,1002.8514873092149,243.25020649790932,32.65618207775985,114.12950180279164,64.2486788339758
2005-01-11 12:02:53.978347932,967.1644621203357,216.9003014110177,34.423867083731466,109.70631795086675,68.45428705319578
2005-01-11 12:13:24.875226123,1072.7863850842582,227.09929806946786,30.858284151273562,120.32815070167875,72.13426203170776
2005-01-11 12:22:20.253626451,1036.3754221784268,224.83219870282335,31.94330043077316,111.93034358383245,66.13016299349732
2005-01-11 12:32:13.655115383,952.5575683693397,231.3128736988726,33.41829025141447,119.63015068377508,58.30638900287285
2005-01-11 12:41:46.569064691,1036.289743483062,226.35938165145885,32.52305492796735,106.545140431679,67.51558674542248
2005-01-11 12:51:46.530059200,1033.5490474670844,233.95569037957642,32.974910775072274,112.72319006373854,67.11521956959116
2005-01-11 13:02:44.208578536,1074.3304555056486,235.66794102372424,32.80482044195507,114.71742151233968,62.23108339565249
2005-01-11 13:13:42.885198790,989.534104518468,220.984083026486,31.718902093179018,112.04723473275085,65.74256323659704
2005-01-11 13:23:28.817848601,1046.3936458846551,214.85180360504688,32.2372544717067,119.85259199594886,61.61162878316551
2005-01-11 13:33:37.046302559,1080.5943091040174,219.25217902167878,29.67661442823893,118.79506709670144,71.5576945974647
2005-01-11 13:41:23.029969568,1136.649907072679,233.3263307622704,33.77580375705342,115.98194099828503,60.767966858374116
2005-01-11 13:51:23.005535037,1012.9223510099666,234.9273758215739,33.783257382978846,113.65537465610406,65.76818521161282
2005-01-11 14:01:55.202351909,962.1837410396382,211.29923558786533,32.18865515542824,112.74488202715757,59.90609233965182
2005-01-11 14:13:06.845156401,1079.0483019411395,238.32552854525684,31.314692143485118,115.89216058844005,68.68882678413456
2005-01-11 14:23:00.531657469,1013.6472257286872,244.58559541058153,33.72149080900618,114.15964598447724,63.78296113809331
2005-01-11 14:33:10.512202831,1095.59939449917,240.92442688073987,33.02649947646972,113.46574337719011,63.71672967027796
2005-01-11 14:41:09.152213658,1000.3444948002212,232.83481949858754,32.07766716840215,117.49099205594544,45.3319443750144
2005-01-11 14:52:09.957396450,1119.8117450983805,234.8125060319027,31.43302338373424,116.00110728502436,64.37170193849443
2005-01-11 15:05:09.119640328,1029.8367367952928,232.7791640063031,34.585974858149584,123.1720957586622,64.001559259804
2005-01-11 15:13:05.099819462,1036.9371207405802,240.80565769840115,31.413735251931122,126.94389100081969,65.34949613480032
2005-01-11 15:21:24.838380883,1106.785866961453,248.5184951856297,32.23905427519455,123.44197390739112,70.27617780703062
2005-01-11 15:32:12.479725978,1074.5846778757953,236.63934919471183,31.015793760980998,114.68820451969239,71.41488603891945
2005-01-11 15:43:53.399248081,979.1787210808017,231.18624052435402,31.214612009802334,115.21230277689983,72.57627032452255
2005-01-11 15:51:37.712957540,1117.2346100892412,225.17550925541687,31.573950174675442,112.07601574063821,70.89198182211825
2005-01-11 16:02:37.788560412,1061.659185190301,231.1000621457189,32.12361101990947,122.45333936442974,63.292775690529574
2005-01-11 16:12:29.720531209,1068.8702583969493,227.8709152362596,33.364425940654016,122.40197007573781,70.69732431037191
2005-01-11 16:23:24.148663243,1116.4903611084787,247.81122973614075,33.476392725028965,118.01574264315154,73.80783462944996
2005-01-11 16:33:18.541215121,1109.5740674261572,239.94056666674547,31.030563483164315,121.64839241082106,74.32610471417985
2005-01-11 16:42:41.049936392,1055.5791561268056,239.66895918638386,33.85556411708695,126.35330070567694,61.51691757105352
2005-01-11 16:52:39.615077074,1026.7616418699847,236.95307735809388,32.854912965879784,118.30447590300915,66.93731020042796
2005-01-11 17:02:16.961238447,993.1376409635892,227.3328603315492,33.42001238467325,119.99131238304842,62.66402612745247
2005-01-11 17:12:19.179073269,1151.9950102452829,235.70539806545068,31.607016522662533,121.79973828510029,68.52120871446697
2005-01-11 17:24:35.581171837,1041.2192970572958,231.66813289595814,31.217975163072378,125.79721312602305,68.23944081424374
2005-01-11 17:33:19.172303998,1073.5488077219302,239.08221042188885,32.00811651438522,122.07728517375155,73.29384572711919
2005-01-11 17:42:27.827785199,1079.1707016501878,250.41652727447604,31.083295467467533,120.57564487387491,69.3449311801966
2005-01-11 17:54:05.072032452,1113.6510520983063,211.76438739781804,34.6175214732564,117.01085250397713,54.888228944266785
2005-01-11 18:03:03.758846953,996.4751902931878,233.6591818627909,33.02600170521967,128.05743093108126,72.05041514689151
2005-01-11 18:13:19.421255298,1056.082926724712,241.7905958755549,32.20006534798386,116.03881769689181,71.47188553280854
2005-01-11 18:22:55.670310897,1026.8974210628837,232.5200530538675,31.54684453500969,118.12158884673617,70.73535618212775
2005-01-11 18:30:47.193624956,1057.46732590296,232.8066861373676,31.50045256114852,118.7025947867723,68.93507696140364
2005-01-11 18:42:34.361780802,1067.0583370047123,223.35491860532937,31.862264100749876,119.05696592772404,55.97424924539969
2005-01-11 18:54:31.655684275,1043.6117609912112,232.31831292939924,33.910148707572276,125.01412942822186,67.28588765285217
2005-01-11 19:04:16.617519889,1096.3276642223975,245.352745023848,31.56534411165948,124.98477257787582,73.83814144358149
2005-01-11 19:11:44.147167439,1107.9694937310098,246.4589415396583,31.766073861443534,127.40082852299044,67.72434192657666
2005-01-11 19:22:57.891293285,950.2504566169575,240.695083141726,31.95690421568878,123.72311913921261,64.73874250937881
2005-01-11 19:34:05.232371289,1118.55847036868,240.36044382295646,32.21269554393958,114.61391034268475,73.1802365678923
2005-01-11 19:42:14.486521442,975.347871160005,249.60185236084115,31.137546864860862,130.13708070866872,68.94012828861463
2005-01-11 19:51:09.120340271,1028.2823903604417,234.0560993048761,32.542725081631275,118.80064172143011,66.04566710474538
2005-01-11 20:03:31.247563365,1031.7576047705506,217.39737381929854,31.67858646760748,119.596948503104,65.98151753873223
2005-01-11 20:13:37.007211924,1082.774572325657,233.39363404466053,31.67256731536045,118.09224069560524,72.72685882455811
2005-01-11 20:22:28.548297387,1038.1296940846398,234.39593675783155,31.746409752589738,123.26254257017203,75.06394361813695
2005-01-11 20:32:42.672038562,1049.9820087614726,234.64784143216147,31.88814620566386,117.7550672320506,67.77687899411737
2005-01-11 20:42:01.403492745,1090.523474809077,230.21049291197383,32.17148259761152,122.35459020730774,71.49757147546136
2005-01-11 20:53:18.302129167,1068.207573627701,236.3364970424814,33.23332217637512,113.00792793614026,74.13041880456396
2005-01-11 21:02:31.034442469,1057.0321045179999,235.56175313760363,31.059823903999987,115.13923012934073,58.67575858999328
2005-01-11 21:13:16.722753670,1042.7653960994662,234.5152210265383,30.398697855232637,115.02191848285224,63.73258538741962
2005-01-11 21:24:28.456274359,1015.050237754574,230.72648869748187,30.886072758563287,118.88218041069001,73.14114636106164
2005-01-11 21:32:29.879242587,1046.9294620516869,223.53740083893086,33.72525277342607,120.62261946352524,69.649133609079
2005-01-11 21:43:33.865676903,1096.992527401611,230.64258997378442,32.24204050743405,124.67808391367502,59.04842180297541
2005-01-11 21:54:40.614582254,1037.3165791721735,212.43360674632964,30.904667750882883,128.04681959421916,65.85947674238565
2005-01-11 22:03:35.953854916,1056.0113886693189,236.4052037863859,32.78116702041296,124.59517201828129,68.16516100583708
2005-01-11 22:13:01.876364926,1033.7737049099098,215.05522482925346,31.753757032662264,129.54574714211043,80.86702163962696
2005-01-11 22:23:10.939130265,1017.9303355945781,222.50064427202537,32.781013985660344,132.62027893216663,57.44552802578008
2005-01-11 22:33:53.144822777,1050.325661146301,233.95740054192405,32.365310944399916,122.55621486890453,69.02288734952505
2005-01-11 22:42:16.295350562,967.0434483836318,217.07192232747326,31.19696327731431,118.47330810968087,76.67277400172375
2005-01-11 22:51:11.228926437,996.1105365059842,243.27692855456675,33.06228355867591,114.56662719166285,62.245292328120385
2005-01-11 23:02:31.043662492,998.2926485353912,235.2866726227439,33.91096750588546,123.11602973269268,61.714042520687435
2005-01-11 23:15:34.496742161,1039.7236096883466,222.22941059132074,33.02504257600935,114.18471353571842,68.8024652248252
2005-01-11 23:22:52.610732106,1097.1590801314137,221.02529473544828,31.48472511830162,115.97418719728977,58.43067953130275
2005-01-11 23:34:26.194107166,1101.1348657988049,227.29704264730375,33.800629527197295,116.25766955114474,64.76677791105807
2005-01-11 23:44:16.988642955,1068.9702740028529,220.60646880488062,31.451707802313518,120.97217475910332,62.20971514330289
2005-01-11 23:51:50.613266156,1147.0522172846765,245.12922560470204,30.76206321045493,108.59193421545395,65.49779670521512
2005-01-12 00:01:25.494119158,-209502.07678422992,-1.9704076606788778,-1649.8768308836193,380.03113619975926,4.601181212406949
2005-01-12 00:12:48.463326291,1035.5383695027492,226.35249913612748,32.28093611330079,122.16259085220806,57.34865239566944
2005-01-12 00:24:22.406525215,1082.9058491799535,234.9264910409817,32.034511523937724,115.33330497945686,61.90743105875946
2005-01-12 00:31:16.414668919,1198.902313948566,217.76527438368413,32.25760768001218,113.55661834874365,57.08680513018017
2005-01-12 00:41:55.208169079,1039.1338697394401,218.34374451743736,31.288897000602994,106.0894303948248,62.19759751741392
2005-01-12 00:52:22.423792130,1098.6358913540084,226.41116809784697,31.272014495395993,124.66801926971267,66.86711007247801
2005-01-12 01:02:25.596067142,1040.0756629207774,224.59924990664038,33.171965122099024,115.47983523074782,69.79296337884283
2005-01-12 01:11:05.961010764,1056.2223571456561,233.18415026478456,30.99787740209236,120.76102994564002,68.72148561537898
2005-01-12 01:23:45.137091642,1107.8431726671138,240.65245651831023,32.59358426189288,109.08076813461281,56.3474107321496
2005-01-12 01:34:12.139009823,1079.1075068323794,224.3975749118151,30.358146045787596,116.38710369062666,60.37850666689622
2005-01-12 01:42:43.776328526,1063.352660694294,246.39474628565475,33.28946883642454,116.51933246620467,63.677668373446785
2005-01-12 01:53:37.983368628,1120.6105399011014,240.70366049052637,33.38900415201031,120.18891790081639,65.53137467123891
2005-01-12 02:02:41.009564286,1015.0106294849087,215.4399140431717,31.521450221036694,121.00495273157873,61.24346463617385
2005-01-12 02:11:20.998573066,1054.055755621074,223.44107839713115,32.039643225689055,118.89200752869982,61.1116974791535
2005-01-12 02:21:42.258155566,1131.7670493541573,235.9563252120456,30.4787141232085,116.07967574725866,56.92324364808707
2005-01-12 02:32:41.667289427,1104.511445351256,220.94317048909915,30.664118547088762,121.37768914345894,55.98091373987671
2005-01-12 02:42:45.003471431,1051.6829709385731,229.00347865545518,32.459692274982444,111.34884462223694,60.85580464320329
2005-01-12 02:53:47.069618592,1198.905316431337,245.0124840926888,30.498263419109517,115.25755529232177,64.39945483550957
2005-01-12 03:01:54.291269219,1053.4564745322446,230.74149701762502,30.664605091096107,119.07412305799758,64.35901572247603
2005-01-12 03:13:06.970432909,1045.3846282109328,216.861388878223,32.988207246165146,111.12074107805802,58.30389388506556
2005-01-12 03:22:50.886014833,913.8202969952017,223.40002627837572,33.386317673963994,112.89437124942283,64.92104368071115
2005-01-12 03:31:39.692790817,1091.9220502802705,217.149850304268,30.6160676742793,108.78846825187846,48.912152461743304
2005-01-12 03:43:19.466747952,1129.8735911590315,232.00242977143225,31.032812196329917,108.60293823026855,69.78313233884323
2005-01-12 03:52:07.594689464,1047.086015039915,224.25857722458193,31.08169792598991,110.73285029839039,53.3191295240316
2005-01-12 04:03:42.736225657,1070.9770880314352,232.61197010654982,32.188357745973576,106.35688308552974,55.32708785198397
2005-01-12 04:13:08.140261870,1010.7780570756639,236.42654595548026,32.75222971393045,118.8292017885596,64.4699307812257
2005-01-12 04:24:25.331331559,988.1477340979827,229.1869940601084,30.932117845719485,109.51050615246012,62.048099278814675
2005-01-12 04:35:41.482290342,959.6788129771223,208.71082971128243,30.35125003169209,111.95055557119063,56.93617217646093
2005-01-12 04:43:28.321472780,1075.439555227434,241.11827323467574,31.964082414101053,106.59233726931252,58.28499899175289
2005-01-12 04:53:15.212782188,1113.3891418018866,228.059626407859,31.63941081154168,117.01126052939657,59.94447643319303
2005-01-12 05:02:16.663226738,1036.6149876554707,214.49569195264158,31.382559055797365,109.06466356222977,65.95677733378577
2005-01-12 05:13:39.023201793,1091.621212651835,217.25823363868238,31.94026593217697,107.27447735023067,54.111008205340575
2005-01-12 05:22:06.769519415,1000.5946490593161,230.51902200894818,32.10350410972755,106.43711739777449,50.17117511344898
2005-01-12 05:34:18.583391601,1051.4677780947725,234.13213577749664,32.29850395268665,113.60440396957776,61.59623723852548
2005-01-12 05:43:20.292616973,1090.08615091151,228.15917302705438,32.02684267418225,100.35168776663899,63.41935699472651
2005-01-12 05:52:49.413095465,1154.3947718586005,232.80444592897783,28.845102837340516,109.21839223760948,55.37188844955683
2005-01-12 06:03:51.521572754,1029.9816878963557,233.37189884887934,31.850769444926552,109.24982238813648,64.17651205643841
2005-01-12 06:13:54.534561279,1120.8105095122376,233.7679075041795,32.95584456964329,111.33477367231454,49.79990062569715
2005-01-12 06:23:15.263620246,1012.6547288840254,231.77173877644648,30.55727225104513,114.31557294180399,55.773066119335
2005-01-12 06:34:08.205037152,1034.7117333774238,218.1054562876789,30.402647276424553,116.32845340355085,62.0214207175585
2005-01-12 06:41:10.227566841,965.849785614954,223.47547559831455,29.999791708474852,111.6590572363853,55.513914219788475
2005-01-12 06:53:15.851102194,1058.5484397280784,236.4701914025663,29.883849183360372,101.8243669246858,59.1723150729643
2005-01-12 07:05:20.995197463,1099.6469043972202,236.18086155049937,30.040857268690022,109.90908492772316,56.44347522056197
2005-01-12 07:13:11.893754118,1169.4948635576152,223.72162900486765,31.188329075374103,108.51048945318622,58.76079943647547
2005-01-12 07:24:18.374450052,1030.6169476141558,226.52036532623632,31.29989109838611,108.26482662441369,52.126251036196095
2005-01-12 07:33:16.877124577,989.2842840613316,216.39839834994055,29.703569309739766,108.47608144942923,65.95969225840408
2005-01-12 07:45:11.049529645,1166.2186936271994,246.2424433326029,31.34120048587421,118.7549725100862,68.70346469336815
2005-01-12 07:51:29.467459301,982.7548495549629,237.97361237325902,31.364717965098514,114.06865177674366,68.94962672429466
2005-01-12 08:01:34.985562456,1114.4186461064712,261.2086209041524,32.78357759842871,108.65664774612779,56.40121114606145
2005-01-12 08:12:09.680721475,1092.29157654712,201.674921846655,31.458605029604378,106.27822223094265,51.05420439871948
2005-01-12 08:22:07.488988988,1045.7784592210883,231.18923912137313,30.35557530060656,116.60974529340294,63.06380947902021
2005-01-12 08:34:19.342793327,1078.510317667821,237.42698351590337,29.61677769533097,110.96779985474318,60.86182975823549
2005-01-12 08:41:51.411786855,1107.8247013682533,239.8407414069299,32.79591152179028,101.65161023772029,56.43143760603046
2005-01-12 08:53:42.058113425,1037.3481054493877,239.96330052124497,31.485605190477862,113.48339891907766,59.10378052624701
2005-01-12 09:02:55.032839692,957.2914555153897,235.35476375389587,34.23242083533188,114.96202925243364,60.28975536602707
2005-01-12 09:11:46.626576112,1070.9948696040285,220.08036268231209,32.69188154488603,109.94052094705589,60.1139115343429
2005-01-12 09:22:50.754077712,1095.1665544520604,226.47301280228618,31.610857858088426,103.6049110343311,54.541770884863034
2005-01-12 09:32:34.648827872,1039.8270278476446,226.34451778308764,30.281679236967275,113.8354798867091,50.38877356256114
2005-01-12 09:42:23.577267693,46.57658620422937,-47295.500535365296,50648.2475583841,57916407.54029526,446457.88766266126
2005-01-12 09:53:29.232908391,1127.4152681860648,224.50919058030075,32.29610293825232,114.56810137838612,56.13848765883303
2005-01-12 10:03:15.141165387,1135.1654814373762,233.01996822686013,31.970915954440844,106.69122808959037,56.833213982964814
2005-01-12 10:12:20.817791018,1082.9297863922748,232.3328247874204,30.921829438427245,112.3047820280648,57.035355684128426
2005-01-12 10:24:30.438642054,976.1283850428538,226.7062671178813,31.366651771778177,112.23963397319619,64.1766952897957
2005-01-12 10:33:54.863733905,1082.4559891748158,237.43449165092676,31.22592814924523,112.37301471020825,61.66886379744027
2005-01-12 10:44:12.131654211,1084.8502547390813,231.01876410866657,31.63541263760287,115.33533622499252,55.49256310351766
2005-01-12 10:53:12.836685356,1042.949297947243,227.81508390576028,31.878879489046188,107.53354459858303,70.3993095924919
2005-01-12 11:04:35.072562525,1119.068922114844,237.2311156834323,31.768012376353486,105.53867556424231,63.5246522418579
2005-01-12 11:12:31.426217672,1152.8243097348623,226.27356963496788,31.82707923250051,117.06504930416814,66.03416408768103
2005-01-12 11:23:36.349445828,998.1789303302048,222.46904412735242,31.962514527124263,115.51144508089001,58.43904278694679
2005-01-12 11:32:21.956366589,1076.6082106042857,235.0708330404323,31.603673522557084,106.48400237000142,58.52542950520237
2005-01-12 11:41:22.061594989,1100.410266987228,228.54340929413982,32.04964490944846,116.37871544624842,66.99804433221617
2005-01-12 11:53:59.292919654,1011.9431550693731,237.44215075085395,30.955797179854493,104.59386045376631,52.35500680011707
2005-01-12 12:01:36.882144548,1138.8024092429996,227.39976699966877,32.13696988656006,112.45544244265277,61.16090503426374
2005-01-12 12:12:23.005698828,1113.4171900517572,229.63957596477852,33.24023489834949,115.43097540203765,64.7822079802703
2005-01-12 12:22:09.801213611,1024.6609579741964,224.0285316703532,31.041932029459083,115.55780710264347,69.16541197626805
2005-01-12 12:32:15.114877902,984.6111682191282,231.4977964971063,31.708093139973364,117.82825362008123,66.51360984268315
2005-01-12 12:41:46.437733292,1107.7044984160489,233.7274410037537,32.26253111252482,111.8221487081032,63.013908799698044
2005-01-12 12:54:39.925473477,1049.6562156072475,229.8877330256295,33.36002451742082,118.11023707984526,70.87067701623883
2005-01-12 13:02:31.759682014,1042.3904029077046,222.45779902558283,32.87963567659239,122.57849913551505,67.86992104800296
2005-01-12 13:12:48.111977068,1111.0144377722604,229.15442282227892,31.52937669786558,116.67218273534522,66.2170691536943
2005-01-12 13:22:51.444573650,1070.7455110331787,222.24375833123622,30.963043877114902,117.90401300186585,75.47681753430392
2005-01-12 13:33:14.343599022,970.7464668111384,233.94097353254543,31.680718191461352,115.40410793068975,61.26357823602819
2005-01-12 13:43:51.959192695,1164.1364213034424,236.74465160024076,33.53011318230988,112.87460510996692,77.75031860727002
2005-01-12 13:52:56.804648031,1048.2098240316368,216.55138498308827,31.609651182800864,115.35158635063183,70.11856715775814
2005-01-12 14:03:34.396625633,1088.1681681584919,226.056636663752,31.855511779673122,125.72318761707292,68.46768682368548
2005-01-12 14:12:26.459282857,1037.2725298299904,226.92459809752415,31.339359084167654,118.49213932080023,65.05931178209438
2005-01-12 14:21:23.133939613,1137.737733805495,254.70515108144795,31.698802959331744,121.87091454649918,62.169392682821076
2005-01-12 14:33:14.354262590,1149.305435735669,238.99403825212755,33.016263879786564,109.99468109339074,66.87697143662076
2005-01-12 14:41:54.062790259,1034.1079347932023,230.96132111730225,32.01519500029051,110.88739442642397,63.93425354158306
2005-01-12 14:52:45.210243146,1035.0207887631425,246.89921873339387,33.0139738459092,116.03130355712412,65.01273395588517
2005-01-12 15:02:31.904135399,1039.3519556640913,231.0319365281302,32.36483379610858,119.48877334840581,65.95513622548393
2005-01-12 15:10:52.999373422,1013.93441518814,232.61909495644,30.867600444321607,113.6455322608651,65.4386385324263
2005-01-12 15:22:33.449050169,989.6892351526542,239.44611192109915,32.74190703264783,114.62609775495068,59.89322048841567
2005-01-12 15:33:14.430440368,1013.644402967068,220.6732650297203,32.3006592716563,113.43187849613133,64.9793246167191
2005-01-12 15:41:42.295027247,1024.5577445098127,228.96329416763336,32.04290174146173,116.79806466592461,67.91545028499678
2005-01-12 15:54:03.920932153,1079.3216013437177,234.93070079342652,30.638624168933774,119.18105434857509,76.61863169925098
2005-01-12 16:01:54.097337605,1025.5047098901664,218.22835231144296,32.532138300942954,123.60526623828666,71.65669191556998
2005-01-12 16:12:31.102579080,1065.967411225418,215.40705623067905,31.96855869927087,118.11015020619837,64.5150380951235
2005-01-12 16:22:34.915834619,1012.7346755497674,211.19538441065708,31.973825710553317,120.71626506644644,67.84550485953079
2005-01-12 16:30:57.634566313,1047.0395598138457,239.62066917597662,32.10715244280348,107.98444044948147,56.97929551632922
2005-01-12 16:43:52.925979320,1109.5892175911442,237.8546053745787,32.92599498559358,119.36076774834389,62.70326930436284
2005-01-12 16:52:39.081057968,963.4822585283091,254.26311593545196,34.47360163738799,113.25060293528568,67.13754230880856
2005-01-12 17:02:46.107639927,1058.8980953469725,231.95017996565497,32.974456701304604,119.96187379388675,71.05682464193609
2005-01-12 17:12:44.868831621,1041.2964594053856,219.67010170993885,34.13097596569218,118.64303868760945,75.7973296022975
2005-01-12 17:20:14.427862407,1079.0030795904618,229.99501987332948,31.224951843520515,118.42041474992968,62.77786147152974
2005-01-12 17:32:55.865855787,1122.1234001201199,230.50657401761165,31.850042422250873,112.05177775539461,64.80108885375166
2005-01-12 17:44:17.422528689,942.9473092991287,227.6347757460669,33.177268715616215,115.19688409936526,60.50875823952793
2005-01-12 17:52:51.147271095,1036.576152095544,218.60281503906057,31.57555967858247,119.18789110670185,66.1016989781106
2005-01-12 18:01:42.651156250,1076.644684029357,221.70544152590435,30.891592364833627,115.16635126380112,70.95944655901363
2005-01-12 18:11:50.897678897,3.215311947136375e+40,140598784244.4066,1.782660194900736e+32,-7475.7909679969625,-25857791.09192865
2005-01-12 18:22:43.584393493,1029.2089963299793,222.7329965253955,33.04436941835748,126.58216950751121,78.72013964935721
2005-01-12 18:32:03.956821982,984.5979331993176,251.12699701876252,31.493783726378307,123.1739676724228,62.7298840431948
2005-01-12 18:43:20.665158547,1020.2088450985214,230.08751193640336,31.177877941594975,127.7260737069461,68.56167700953269
2005-01-12 18:53:02.729282331,1086.4748290112145,220.85834153490663,32.73207743450037,123.9063282334464,67.04036220949637
2005-01-12 19:03:07.407044055,1054.2699865702216,227.01783521199522,29.66391521295157,114.32532477221312,70.65957308513356
2005-01-12 19:11:39.727257281,1082.3389707668177,203.93901458675685,31.775127763790493,124.97964600106582,70.24807141138069
2005-01-12 19:22:55.598592299,1088.444461065269,230.43299388928403,31.938969854320742,129.37907865585981,73.76070958070858
2005-01-12 19:31:51.841180559,1064.441960964364,230.90134510501267,32.31609342235017,118.09066280716455,68.10769121107606
2005-01-12 19:43:02.110798002,1117.1110557490397,246.41142996005618,32.485097160166376,121.61303057437321,68.45395598683687
2005-01-12 19:52:46.901206918,1082.620103903066,223.3516701230756,31.42695178486265,116.14477691397343,63.26151418063509
2005-01-12 20:03:04.487674632,1097.7054970005497,237.02373639467677,32.086589584527516,125.01164620143552,67.82592735158032
2005-01-12 20:12:48.137053624,1159.3354696505469,216.9947059870064,31.341742973937887,126.19211610130502,65.66589751476899
2005-01-12 20:22:44.702746291,1039.4838435912268,230.35201261262537,32.067709891374435,117.72071085156355,66.80210109306266
2005-01-12 20:33:20.926416278,1042.8356582409401,231.2883925655244,30.253716709536377,119.16844829477023,76.30193353484653
2005-01-12 20:41:06.873094834,1033.2073460896283,238.98559032479193,32.351511727569125,129.2183893228657,72.70598181227018
2005-01-12 20:50:15.931553306,1078.122486262295,234.2632473698726,30.84196094723836,119.38877280872445,68.41719856784191
2005-01-12 21:03:46.520497958,1075.62508469659,216.8565827175601,31.859273422510444,115.19714868787017,65.84074772315074
2005-01-12 21:12:34.595834097,1041.0542029484693,210.36538896159112,31.645318287640578,122.9895541317943,61.57121100677871
2005-01-12 21:24:32.384599596,1014.1563533287381,223.53683023390948,31.303914672678776,122.3563494526951,65.31916724036265
2005-01-12 21:33:20.659078402,1033.5757442124466,233.1767428389081,30.14690910550751,121.62665938448801,72.8631544403882
2005-01-12 21:41:36.598977323,1069.3120656212932,238.05657768323934,32.65504068266867,109.88678340127666,59.40568403972239
2005-01-12 21:52:29.062135175,1037.0432198776034,236.70640519902352,32.11645208529632,122.05952284362435,65.09335412284828
2005-01-12 22:02:44.222549778,940.1684909746026,211.99001571679725,32.528876035415486,121.51410345538818,64.23484451073439
2005-01-12 22:11:53.981929951,1050.1979988218332,227.23664698256698,33.349889583360664,119.48246049658223,66.06695712295071
2005-01-12 22:22:57.040779124,967.9031445201413,222.0595376019142,31.301267376680645,119.64504345758314,72.00703330817197
2005-01-12 22:31:36.569187907,1006.8084321762663,233.4264464769917,31.68692051189756,114.58578561830747,69.46926913341329
2005-01-12 22:42:32.245336160,978.4678370451277,241.46697449670197,32.43547083270256,116.47259255618499,66.90961520787593
2005-01-12 22:52:23.483567264,1011.0553135514718,216.299175959469,32.08759096504926,124.49032924184883,67.3865862486557
2005-01-12 23:03:30.845608691,1106.599808524152,235.72072234269504,32.62881932277612,117.33359534722673,60.162205455566635
2005-01-12 23:12:56.442938843,1080.1104233439742,224.04863204490994,30.513416161602574,106.00327167681631,64.04987856314261
2005-01-12 23:23:49.196545125,1027.342366124458,242.831634063971,29.4578562073984,133.93374686880685,54.560919878967916
2005-01-12 23:34:08.684405985,1085.7209636672858,229.6551012236195,31.20073012519312,124.47609177986752,58.909527008853175
2005-01-12 23:40:08.961530468,1045.5964923618096,225.15089832071064,32.371278964297225,117.01957649207031,56.53493798397217
2005-01-12 23:52:13.398829033,1006.4417750415253,247.7057613717454,32.319890261500746,110.7100231574608,61.8726914420835
2005-01-13 00:02:15.353318655,1095.4889901872373,223.3808683025597,30.89926421209601,114.61965927514974,73.7783840743405
2005-01-13 00:14:46.775307259,1012.7509015993584,218.39962574840484,31.01932688966484,112.90822897490203,70.25994087071368
2005-01-13 00:22:17.057604223,1049.9957889600264,225.80315564909628,31.500074416868397,118.20617944505545,71.70138814319755
2005-01-13 00:33:51.475859274,1068.881451265105,187.04618852288584,32.13509290315778,118.97787734818488,69.73822053770385
2005-01-13 00:41:52.492234827,1004.6409307680443,228.55789470139055,31.571798471785765,110.7403191182379,63.087465528813844
2005-01-13 00:52:44.497215436,1107.3134624656025,226.59665352668694,31.992014059990137,110.10603684199194,62.52970490931169
2005-01-13 01:03:48.602428537,1041.0840591217438,221.86662141497857,31.639922919398376,118.8590444182892,58.52171295749547
2005-01-13 01:13:43.620197421,1117.636663846819,228.72694325626912,31.31488535715392,101.41037518729772,62.064693998066744
2005-01-13 01:24:16.715862650,1110.1568967244748,223.121829068893,31.437880549672766,115.77348968315958,66.87776263818719
2005-01-13 01:30:45.630686262,1034.7705451189136,242.27704052986132,32.69559405931874,108.28278739243869,57.422362796667116
2005-01-13 01:41:51.750687389,984.3363291884056,222.72560509347284,32.876730465784036,111.17742660345507,66.2710371710843
2005-01-13 01:51:58.518476935,1067.1555733296507,232.09150775344796,31.531217730078005,109.5063337648102,53.189892682047336
2005-01-13 02:01:24.352745266,1007.3261601333701,239.88214524711904,30.692774646518064,117.59193464551052,75.73535785537857
2005-01-13 02:12:38.040279077,1064.6809425145252,231.07577584594617,31.991606239864783,119.79594420205426,72.28496203058732
2005-01-13 02:22:38.866006204,1052.7114711454512,234.0070941699184,31.316717140861904,115.2199459258282,56.74565740935302
2005-01-13 02:31:49.548512109,976.6483342343255,228.93310115366506,30.97764872609136,105.40239414847308,58.82573158335712
2005-01-13 02:42:26.776766323,1061.7303375624842,233.0449867935622,30.74806581887322,112.24921695966908,62.15144647458006
2005-01-13 02:53:01.908699436,1021.7690900403662,231.67989915441996,32.382140608121794,108.75753838154391,54.85303462154202
2005-01-13 03:04:09.838534825,1070.6464632464722,234.28971814199926,32.39386310501176,112.01849314144775,67.0597420897738
2005-01-13 03:13:14.574187741,1118.0806232295147,232.88838735375273,31.94383073454641,121.09423710091642,67.1047416437706
2005-01-13 03:22:07.581110469,1101.0124902919265,223.62936809228736,32.530710493112736,113.60885245131385,61.3251416564181
2005-01-13 03:33:27.137911884,1068.0941270294418,224.0441470991299,32.059366163339014,114.79131426356936,57.58201397024868
2005-01-13 03:40:04.254985038,1081.4509246937525,222.6325516865196,31.98331036214334,120.23506495215817,63.47659838678037
2005-01-13 03:52:59.835862583,1101.210213641842,222.38284380751392,31.197490795415412,114.26856531102914,68.64118343078985
2005-01-13 04:02:51.321155471,945.0934088795905,230.0180146311864,29.877702576326385,109.41156626790627,57.070533180535506
2005-01-13 04:11:43.662136070,1079.6109314159328,225.10453718944896,31.55075811075274,114.02770216746964,65.17628130811313
2005-01-13 04:20:59.949764373,-7217.189661044996,-313.1859727309558,26793342.19340779,-2.1758860015083243,30.581683597919614
2005-01-13 04:32:24.144805965,1010.697854925244,229.32692055784815,31.78213233002108,117.91082056618245,59.82886822999734
2005-01-13 04:43:47.718077056,1060.7433795161373,235.02956898514626,32.10405954775284,113.92177972299864,58.896066817117266
2005-01-13 04:53:42.549013246,1045.2617935407543,218.2656832290223,30.77451049121958,103.66363760171159,57.36218707052762
2005-01-13 05:02:04.639606362,1001.2061903784413,216.09016299829503,31.43229015566734,119.83828777715976,56.76199547633932
2005-01-13 05:13:31.299217853,1168.1424863804502,229.32477366553172,30.405595617263913,109.57951536706459,57.29021437419703
2005-01-13 05:23:41.200264565,1058.4032596599438,225.36980748902417,31.74855714550311,104.14548479783303,52.16010364045691
2005-01-13 05:31:09.316737189,1063.4545123315202,238.88532506942678,31.265100952589638,102.16108209744677,58.003708948290225
2005-01-13 05:43:01.569809046,1093.909704147947,231.26179249170497,31.471412971084188,98.09373687637486,47.01979967251546
2005-01-13 05:53:56.824845505,961.9335252930408,231.94959585372376,31.191884359217322,112.68385966106135,65.90449396906152
2005-01-13 06:02:53.518858170,1040.8714736675377,240.4260049576316,30.295342783860544,111.0780356759116,59.51728512164048
2005-01-13 06:12:41.395213882,1018.7542918586703,235.0034825738357,31.479376016012647,112.43762286421273,55.17518670745918
2005-01-13 06:22:56.039510083,1173.3420031102034,222.068794196396,29.094804913568616,112.16440267441928,49.71441769424889
2005-01-13 06:32:42.785871240,-143845.9689143367,-0.8827988649251587,23400.1857140079,86681402.03624599,6916.709822848897
2005-01-13 06:42:15.794914624,1056.7703317694582,227.62589085964754,30.978310591767244,101.24929801950806,62.06008366181195
2005-01-13 06:51:27.639383929,1043.0649302801041,241.27893561621485,31.255279497952763,108.74526056649844,58.29712654782667
2005-01-13 07:03:04.357473298,1044.657989660919,219.62300659788485,32.70406529079402,112.4654287020347,51.14021778407016
2005-01-13 07:11:07.461291067,1020.0847801644669,229.36208382199712,31.365485277300387,104.97357340554757,54.9985450776664
2005-01-13 07:22:53.873353603,997.4406952745402,215.72586780710103,32.309873567433925,102.85615532702778,62.92817277463035
2005-01-13 07:33:11.614124224,1073.6082832577426,229.75655109079383,32.23690481400676,110.97484109674254,51.74371185370357
2005-01-13 07:43:37.297508926,1127.8299817393345,230.1487514974963,32.84086400142987,106.9977148589803,60.8728540636134
2005-01-13 07:53:12.079330859,1084.2192764165839,248.61986633963087,32.21520203347976,112.94121256395852,57.9084203329781
2005-01-13 08:02:53.672643721,1066.5772682846439,236.11056729441052,31.296340012152086,109.95647640238849,51.306420029503755
2005-01-13 08:12:39.143647138,1066.8641243948766,223.0319524873332,31.05157249984692,105.46051674987196,52.90708239991143
2005-01-13 08:24:04.265589833,1059.0186217437517,231.184598253773,32.88268472149427,107.56854756098849,53.64198518803033
2005-01-13 08:32:46.613027195,1038.4840495654892,238.9467564801504,29.09682284235336,112.24534460331667,53.244261151586514
2005-01-13 08:42:24.184848466,1148.6011038753145,209.77137312485868,31.26387443697444,105.48124274674107,60.03684244905943
2005-01-13 08:52:27.865257146,1039.9033815255016,228.53177158794486,31.770393088286603,102.55301981481063,65.5617767892177
2005-01-13 09:02:16.552131927,1022.9524697642295,239.0730907065512,31.697738961698835,104.30548760931433,54.795171508007776
2005-01-13 09:11:38.823562345,978.9454795024285,227.91400382159304,28.949594784937137,105.95071767134839,57.38683791219072
2005-01-13 09:24:47.786653082,970.523547484323,234.78957636948664,31.848187467646426,110.56787506569476,67.52302034767118
2005-01-13 09:32:45.688149925,1103.4256534066644,219.77487872240556,31.975339533029164,109.361104851923,54.94527815802763
2005-01-13 09:42:31.729883994,1068.1330337775657,228.81551365356972,31.77419342655841,114.71152585598963,63.68631674556933
2005-01-13 09:51:37.962191700,1066.5470361140717,237.01708134072686,32.265905098427254,106.14050456064795,58.36603670727671
2005-01-13 10:02:36.600652140,1044.2831255171686,229.58182493927427,32.17136889646487,107.97409897989569,53.92805062180996
2005-01-13 10:12:31.331157922,997.0518300177104,211.14197925396178,31.258863884677787,114.51104822549114,61.31223397257962
2005-01-13 10:23:18.752990259,1104.251510897524,229.5743649415066,32.18202159306986,104.68389961083383,60.75146190974306
2005-01-13 10:32:51.283216412,1030.0445066943182,228.50522127021742,31.98067171350165,114.58563352985679,64.39478088038356
2005-01-13 10:43:06.247056820,1013.930598446746,221.2011214712662,32.75183590217676,119.53379146183902,68.46762587044955
2005-01-13 10:52:15.663206212,1141.2760992795397,226.5212948785695,30.700590903966077,108.74108164298795,61.03295696547372
2005-01-13 11:04:53.388019908,1086.368881294966,232.4489587157839,32.38398181622462,110.16514619826825,62.340507567013304
2005-01-13 11:12:36.398436748,1119.1838727161462,232.6753761528204,31.333294083323445,114.2654983786385,67.75149607453206
2005-01-13 11:23:04.453926388,982.1052603939513,233.46116804138435,31.315231336629854,112.27091602461978,53.349143650857954
2005-01-13 11:32:47.067095780,1054.9891537379704,245.5403863272834,32.46228636133986,116.2319196377423,73.65051701071765
2005-01-13 11:44:08.807992542,1036.5384982678609,217.28745742755623,31.777422802859757,109.7415369238841,59.40485209118202
2005-01-13 11:52:08.696030646,997.4190617562965,227.21236902021113,30.381550689362026,113.81373528077764,43.67211690460444
2005-01-13 12:01:29.379889921,1002.958667933568,236.7567511251639,30.905973136845837,108.5319884674306,60.213924425060334
2005-01-13 12:12:30.443055332,939.3412685554513,214.91511983626276,31.141746242840977,118.03860299131051,58.570952862834375
2005-01-13 12:22:10.866118147,1012.2792207137633,226.57225151076747,32.53721496743017,104.03757602380333,59.16714351342195
2005-01-13 12:33:34.495233780,1034.797169589141,242.6778327799112,32.35684365353663,110.12797147349931,69.27059428727821
2005-01-13 12:42:10.422596227,1060.4965060515312,214.00378025744868,31.39322591558442,112.97673122709449,61.86310178289592
2005-01-13 12:51:36.206659495,1141.1580565049862,222.91408906615868,31.895329652540358,109.35194441738926,70.09379293624664
2005-01-13 13:04:58.042418137,1014.3934915145043,237.63134700861858,31.903898583583704,112.09654501471417,67.38740303152358
2005-01-13 13:11:14.520934598,996.936502173535,227.70657492498347,31.22245757309631,107.2218521079989,56.80314599469012
2005-01-13 13:21:52.832937452,992.4417093900844,225.2018895437646,33.96847884385761,105.38573037520526,63.37581220148206
2005-01-13 13:34:20.381167391,1037.4170440569833,234.64862552194867,33.97995742034654,108.19549989550843,70.36360247913784
2005-01-13 13:43:01.149744603,1068.0437314995245,248.71104773997723,30.956332455659567,120.0896834735566,73.72390463128093
2005-01-13 13:53:46.489962270,1035.131728377316,239.2610207188487,29.11190233996903,112.82822750521763,61.69344666622719
2005-01-13 14:02:42.998328705,1062.9868038174025,228.61051092197943,31.833447572576148,120.0819105162431,74.67756252206019
2005-01-13 14:12:57.684143560,1021.2302548408627,217.86701007756952,32.54063221464913,110.92575815143526,62.642275788410345
2005-01-13 14:23:04.423733269,1030.7931606107152,234.71170043321052,32.526816307392444,123.05058967773721,68.56987178840112
2005-01-13 14:34:36.472393149,1022.607837556385,225.4732144136251,32.51695801696781,120.10673000494275,58.89857943919549
2005-01-13 14:43:11.360217848,1105.475894389746,244.4062860072359,32.46956665008895,121.06970693383236,63.24335254954714
2005-01-13 14:52:31.756956888,1016.7578149601895,231.68344808959094,30.90848661745283,118.02538586312852,59.767245147369096
2005-01-13 15:04:10.747360571,1042.067009959732,215.5519910185212,30.748610623540415,114.59580837489538,67.97529604400086
2005-01-13 15:10:44.684722010,1044.2583111756808,245.84809443188666,33.048583735786785,118.77144984039289,76.07080436223794
2005-01-13 15:20:46.838698986,1079.7114669092937,202.30158335816446,33.51431148221468,112.58129825051313,70.8915227694767
2005-01-13 15:31:17.287000418,3.714261797231477,-56.6123307876094,4.277799582516829e+25,-138.12155095555661,-1.4950890833440034
2005-01-13 15:43:53.611223551,1034.5369236728748,239.58135810511868,31.904204085527887,121.33743641875843,64.09519980744048
2005-01-13 15:53:19.186128641,1038.0063432839156,243.29623458492273,31.95461685889415,118.79848268335881,61.83456170747009
2005-01-13 16:02:07.121213609,1085.6945909328094,231.11570013477623,31.69333216751642,117.91011352724489,65.22489208075822
2005-01-13 16:14:00.266825471,1047.0773361519439,236.52316564455066,31.32023482191123,116.98408351217469,55.669003267639155
2005-01-13 16:22:58.876334975,968.4701267078324,225.58590100000347,31.687915345455863,116.94858328171468,66.63956011227718
2005-01-13 16:32:14.107758758,1096.7560002354148,204.00809205018308,30.42833036240788,119.08889401785518,72.71965473505489
2005-01-13 16:42:25.737346431,1025.2910780613424,227.75540335842766,31.315834109258322,128.6873427623399,71.03075735199177
2005-01-13 16:54:23.878269980,1131.5174454208604,242.16739803232994,31.050622350534162,116.31331055728077,68.83049739881953
2005-01-13 17:02:32.162509053,1047.8424439522303,200.56078613418487,31.689388599910135,103.50732620017662,72.77625023302166
2005-01-13 17:12:09.584010356,1076.0024095674523,226.49933199871623,31.442237716557994,115.3837662582532,66.61587858385538
2005-01-13 17:23:00.267221490,1039.7479279003182,232.0616701571513,33.53948691437259,119.05571001521804,65.99265779173822
2005-01-13 17:33:25.673299805,1109.72874979075,227.40839250082973,32.900923272010125,121.52222201225356,74.71026512742361
2005-01-13 17:41:59.325138429,1042.575683377089,230.4440611641601,34.62636550170177,126.9713258981724,69.68818270417255
2005-01-13 17:53:22.343004814,1150.235410873279,243.2481122083936,31.64949173792436,122.5581055926202,70.95091008365516
2005-01-13 18:01:56.864399657,50.303096303513506,100.50197334843496,20.220080055053025,112.99641947648749,67.78775620427037
2005-01-13 18:12:40.186505603,38.217171023834666,76.21711412492525,15.211976448230777,97.07482806842427,65.35579878306974
2005-01-13 18:22:34.325991338,27.72611585184457,55.79389457872534,11.149629622828733,85.42449896589766,62.95696797039981
2005-01-13 18:33:11.000160458,19.830636472079412,39.69256373819784,8.071563205460947,76.35126424627904,60.32155581845464
2005-01-13 18:42:42.498295795,14.720787458298943,29.576602787379723,5.760392731138291,70.74887890921138,58.02935132532061
2005-01-13 18:54:14.233635456,11.097323384519381,21.944419851875278,4.4582166351885295,65.93417419756722,55.43567965606003
2005-01-13 19:03:36.240701352,8.998603423206486,17.65536391551002,3.837892864133983,62.8234178907472,53.320336540740385
2005-01-13 19:11:58.946007282,7.891949250786798,15.569695082534563,3.0778361824965352,60.35764281311861,51.91818407452978
2005-01-13 19:22:56.904542430,6.729901044133067,13.343332081709494,2.6747910294913817,57.75872624882442,49.72035289491234
2005-01-13 19:33:43.701891648,6.175914432318173,12.257543505776301,2.3933382019898604,56.050000838663394,48.031813283133715
2005-01-13 19:41:37.196374358,5.7912158255155965,12.014218548609758,2.3924639291834575,54.378225309743854,46.81797529874759
2005-01-13 19:52:22.934521643,5.749253120930565,11.4734596705871,2.212677202748233,52.753731243697366,45.323476316556565
2005-01-13 20:02:22.474974506,1052.3870577661812,154.0305627267181,15.717910248697594,50.203730885905735,39.97275834614137
2005-01-13 20:12:16.852403327,915.3342467160766,176.61888361053704,18.291811509174472,65.30622054400833,48.49969221296192
2005-01-13 20:22:17.240078198,1060.6172334172536,184.23850105718577,23.846307927277735,72.05843640286376,49.89030725702396
2005-01-13 20:33:31.495098957,1043.1787596815723,209.78601936061744,28.157169987631704,90.54700788114647,49.315691708903444
2005-01-13 20:41:37.940401191,1050.6520905023847,215.1925446776508,27.25983922448164,88.21563807881955,43.63316053192649
2005-01-13 20:54:25.863524901,1058.0075151761482,227.4755974492514,29.85775667067573,98.04489572997566,47.11995439564098
2005-01-13 21:02:28.869798998,952.0834442942379,236.23922596779101,32.12801443530757,96.4426130350671,51.82136495817365
2005-01-13 21:12:45.787449626,1045.3021151664082,228.74044377904528,31.587250338856155,99.34508868282393,48.731798082338265
2005-01-13 21:23:04.049944229,1021.8745645201584,213.76822160549574,30.152956380042347,116.9584095180668,54.68399339805516
2005-01-13 21:32:57.009438576,1135.1910256911808,234.2016450972688,30.80864558778827,104.92357301236937,61.9099733629048
2005-01-13 21:42:50.513382628,977.7903882766791,216.28344858797462,30.57150789286241,103.20836803487204,57.06068945682323
2005-01-13 21:52:25.386916857,1079.4666407993302,229.78455766378465,31.8328951361682,115.6125945812658,50.9693562140237
2005-01-13 22:01:58.548461932,1105.1011421129951,240.07843049769204,30.506139164704713,117.97597715046444,59.37757134515113
2005-01-13 22:13:20.643999092,995.016066449212,242.0236955477473,34.580947538938254,104.64457095580819,46.774708562024
2005-01-13 22:21:46.220884366,1003.2767001487741,222.16579475684043,31.377605926107595,116.7905450330286,63.54359584545005
2005-01-13 22:32:18.552374133,1048.6239745841049,229.20105808710684,31.194160240625603,118.78432974740487,61.74507418297988
2005-01-13 22:42:01.268945735,1039.2288734015417,233.9969956401154,32.07759592733185,105.35236006487098,54.92039267971437
2005-01-13 22:53:10.741411548,1068.79842916518,240.84557710159083,32.88439306381715,101.37244317104376,57.56602918807479
2005-01-13 23:02:03.522823082,1123.9203268327913,241.67942159948277,32.710697940090206,105.10880439372619,59.05151530537241
2005-01-13 23:11:32.551370782,1013.4856060872102,229.56723697028335,31.996325182542062,114.21295408284149,59.364708235066296
2005-01-13 23:24:46.306294570,1079.6791118217036,225.9580275454588,32.634949445620016,115.1202183389451,69.40650238700424
2005-01-13 23:29:33.130870837,1144.5644711858515,224.19923261728542,31.671715106835027,105.4208024620515,58.7176507496299
2005-01-13 23:42:50.568100792,1137.7486090012596,237.25216988717324,30.748627708027314,108.33968990523469,69.4508572718622
2005-01-13 23:53:01.382982760,1081.807281544067,205.1086014033809,30.811336250389044,114.01650545405586,63.97451694647292
2005-01-14 00:02:42.147793814,1055.4782537694962,215.52638953243144,32.17839380752822,115.9686645824636,66.410006600653
2005-01-14 00:11:43.948194326,1126.7809169161499,235.41293200543504,30.781350615675315,104.13771020131284,57.094066673939835
2005-01-14 00:23:10.713265776,1073.7309802844004,222.62457119296866,31.67478014915184,111.05223510552277,63.08513709506022
2005-01-14 00:33:49.377611985,1057.2217343920215,247.32367310293643,32.26623605320474,111.07037593961817,64.06315601904465
2005-01-14 00:41:46.673642876,1044.0203903856564,233.3912839851845,29.93799939020219,112.72057470032632,62.68936236275526
2005-01-14 00:53:10.073975984,1044.6546348990423,220.24723195479194,30.7704617319341,112.92343783081657,58.73052528461516
2005-01-14 01:01:01.862917042,966.8915114644979,227.7805606976458,30.97138150808719,112.92224905952688,71.4706894597552
2005-01-14 01:11:53.102945086,1054.5837249109902,233.24400444580982,32.5583704360367,119.25941419277575,46.904879531490835
2005-01-14 01:23:01.396080405,1083.334630706122,238.5523185061453,30.59105150897442,112.87759224650506,71.67782249060747
2005-01-14 01:33:47.552058386,1144.998225699283,228.61359471633264,31.724601743055707,106.74186072517125,57.19694743755019
2005-01-14 01:42:42.628809447,982.7918486118389,227.99584180215382,31.116270226714068,99.17769559600727,60.24018690118446
2005-01-14 01:52:35.971569953,1088.5635511077332,210.88487309078553,30.959164084194093,110.855898605864,56.43602267587059
2005-01-14 02:04:39.322784271,1123.3684979753693,247.02393340944027,31.54645189025254,114.57386146951868,70.79117109061217
2005-01-14 02:13:05.080624368,1101.5456119227526,227.39462354797956,31.10864308866172,105.54671614315251,64.72652693785204
2005-01-14 02:23:47.369942449,1076.0922613585733,231.766322671002,31.562524493076747,105.32160500887741,63.26605144287489
2005-01-14 02:34:58.425599933,1085.227623278607,223.34957525676964,33.39296872348511,115.87738250205001,66.63074615769625
2005-01-14 02:41:47.707456550,968.6881841895613,235.27219698456955,30.059557822551483,117.15675640903231,58.104369152937856
2005-01-14 02:52:29.669444417,1166.7662905927532,214.98241866501365,30.56848213075944,110.64932059679744,58.488632776614615
2005-01-14 03:01:13.737470728,1030.2593529983071,223.69779815530026,32.558493835428,106.93721704681602,57.4916083731884
2005-01-14 03:12:58.739917239,1025.8719674649526,233.3259107515628,30.963441305947565,109.60272792117124,55.42741543034812
2005-01-14 03:24:19.646640222,992.2993319604376,219.7784401828872,32.15233972992614,108.4225152703823,56.06795004773178
2005-01-14 03:33:34.973081698,969.8197106955126,230.09736097961837,31.34507653539605,104.32528617591358,58.83846683686411
2005-01-14 03:44:30.118699843,1037.2860981879667,238.47078724494227,32.82425668712867,106.104693138842,52.928884411079174
2005-01-14 03:51:07.803295332,1004.6829932824321,240.6721296524389,31.44117263794433,107.42677836441409,58.36312296849023
2005-01-14 04:04:51.352231738,1051.233815598661,210.74691020064728,32.39857724003094,111.61458640836182,59.52452393454914
2005-01-14 04:13:18.638241791,1030.2430134504411,217.12180906188863,32.13543736073656,117.41177826541588,55.50880453623942
2005-01-14 04:23:37.252791111,1142.050473423161,216.7016040579329,33.17325678750788,102.76537023157763,59.068130003339995
2005-01-14 04:32:08.418941262,1027.9900762064242,235.08239904430562,31.12011166029513,100.86303802903583,51.71179477774619
2005-01-14 04:42:50.497857511,1160.022130345193,240.76674866595613,31.236645901840248,110.93688268921495,55.69226365329641
2005-01-14 04:54:29.852634950,1079.753879661584,233.85615028559897,31.654525969782174,112.34736643322627,53.63192959912644
2005-01-14 05:02:30.246291038,994.2827377506438,218.48843453599613,31.968944670963864,110.65452523802286,58.35048056401759
2005-01-14 05:15:01.695168887,1094.574196714291,227.97213458518488,32.45861496583294,110.09503127067268,69.61654437324789
2005-01-14 05:22:29.600882842,1049.1478566692547,220.25031467889235,30.029985440509925,108.17155039165495,62.2898923094315
2005-01-14 05:34:01.073844474,1073.8549462437195,254.78253261086522,31.335526272242337,110.32625411189895,52.60659213808169
2005-01-14 05:43:30.030444474,1047.6119692426714,215.2949672452412,32.72702303954078,99.75613219892742,52.23393093599571
2005-01-14 05:52:07.108344440,1045.7326634808576,215.35806042727356,33.562982292673006,114.958366205701,58.31445184329716
2005-01-14 06:03:01.271837523,1045.9517828192872,227.52120660198906,33.22707793120661,104.78247218092841,66.64587461001608
2005-01-14 06:13:50.822888806,1028.912613046387,236.75008110913197,31.110018170475765,107.76182078497942,67.3768980038105
2005-01-14 06:22:33.251840721,1027.8153158734494,222.42650536709877,32.13603710324735,102.26976443037398,55.9520276490342
2005-01-14 06:32:35.022885112,1177.2812095449776,223.2284783460886,30.479468356567928,107.11642857664931,61.337766722402044
2005-01-14 06:41:51.581952102,1110.4419614554686,237.0846779264637,30.55459085087439,114.33284778312722,66.37675493805654
2005-01-14 06:53:15.144846639,1034.24838799909,214.64338842047871,31.330006817961568,116.83277922301266,58.936212751093535
2005-01-14 07:03:12.668797859,1036.379460126153,228.9007640986347,30.640527324710334,101.20797626204127,60.00443730591105
2005-01-14 07:13:17.995678163,1097.1773283961527,198.98493892486783,31.850492155652933,111.19223286050254,53.753978671664264
2005-01-14 07:22:57.026050765,1010.30535494597,213.90942680425945,31.48321285536074,102.2337667893282,52.06521785880011
2005-01-14 07:34:25.988156605,1077.7979886263693,235.92687095815188,31.786854410965862,107.4777251435758,50.97656594785103
2005-01-14 07:43:09.902856907,1105.2418405827145,218.26718682343167,32.59036355937086,111.47954876463388,64.01768819749752
2005-01-14 07:52:30.961348762,1044.4261769403383,228.30827396808684,33.55208741907473,111.51739591700293,57.43472045105568
2005-01-14 08:04:14.488138478,1058.2935025049462,206.05865722220966,31.93082560649346,107.57157798788722,62.41384064026299
2005-01-14 08:13:54.241091274,996.5735619408283,228.513126981739,29.848689466016936,107.85434444955638,62.085625167963904
2005-01-14 08:21:00.256603673,1065.9684233786852,229.05367690890938,32.461901558776844,103.12360709941956,61.453156666177875
2005-01-14 08:33:26.548204627,1044.8265371899306,219.90255614715997,31.163745058591793,105.28744283326323,61.34535725106583
2005-01-14 08:44:06.306508460,1100.0711830486152,221.89127917459456,29.067604905142694,110.0529214449483,68.25901312775426
2005-01-14 08:50:45.383576959,1095.6795441872123,217.54581560892578,30.216033535920438,116.08600520583312,55.760795891186454
2005-01-14 09:02:20.616816300,1071.8764762539888,216.5607364322962,31.20147844393614,110.9843426590294,53.36067327389557
2005-01-14 09:12:50.934419752,1002.0930610358552,230.93297686643007,32.35445397354506,115.67041219532572,62.15848488394392
2005-01-14 09:22:59.939405153,1091.1571871939896,226.07254765598353,31.661932561686694,106.33952140869185,57.81848424860088
2005-01-14 09:33:25.024473844,1114.2305949400468,224.77734834737697,30.706123381770695,111.9002657535293,62.8662588335818
2005-01-14 09:43:38.296046378,1072.5908035243838,218.6146315601985,34.071625648377214,111.21435705271796,62.03532982524308
2005-01-14 09:53:16.443670306,1026.2580892834824,240.46661854913083,29.869742238131487,110.66324644971516,63.910096710002854
2005-01-14 10:02:49.724144673,1098.9799933373467,234.36805732305635,30.39663436183788,106.75212136719895,52.85211984375439
2005-01-14 10:14:12.363891800,1044.686814502565,234.04865447376187,31.23699191466834,112.10220555194587,61.00691201078672
2005-01-14 10:24:26.215092852,1052.380543311562,226.69211393941302,31.676257939416,107.84169136986017,55.22410238353037
2005-01-14 10:32:56.226193833,1096.6436814813035,229.7202571447248,32.485833877539235,105.26475305638962,62.69617074903481
2005-01-14 10:44:20.887426618,1084.7896852721274,231.05393238115278,32.47758849556847,100.64149622486356,57.06327001836753
2005-01-14 10:52:34.518810441,990.1089244590523,234.18627101363174,32.105901309896595,106.61255372123271,61.636979812987775
2005-01-14 11:02:01.454830961,975.3524024394474,226.61903235619957,32.92501636702154,125.30504999252751,66.79693648064386
2005-01-14 11:12:47.981583215,1091.6641264808757,224.70931830161885,31.87656008230379,106.69710463391748,57.39547856958671
2005-01-14 11:23:07.164256629,1049.5060288795808,217.7993430319712,32.05920207134417,107.7292083963216,66.10782713499857
2005-01-14 11:31:46.580726130,1083.7748441456151,222.7451062077355,30.621385272424778,114.43997525315157,61.03241647876254
2005-01-14 11:42:33.078789862,1065.2533988692292,225.30279777490847,32.66024780968065,110.639107842165,60.62293079837944
2005-01-14 11:54:31.055743730,980.4157461809941,223.17475048575932,31.318069859738372,113.26018344263474,62.51240431674369
2005-01-14 12:01:53.048462260,998.0153326558681,216.333849396751,31.800649352493338,111.67916316856069,61.46664234779088
2005-01-14 12:08:58.722960091,1048.8600461558822,224.53938578468816,30.65358106440183,106.57536751176337,55.747032179258994
2005-01-14 12:24:15.903837491,998.4672038524327,237.98699259101122,30.52435120334168,112.23135465280636,69.92346660714254
2005-01-14 12:31:04.359237628,1060.8779546756118,241.91673724325983,31.942068384342118,104.46644795780254,60.286625858304646
2005-01-14 12:43:27.714073365,1068.5127738267615,217.35640397346947,33.48350630738756,120.31924405528311,54.51022371061779
2005-01-14 12:53:27.458973574,1002.6739797066663,223.01633193550717,31.680306668625793,108.17626300478922,63.59685084187474
2005-01-14 13:01:46.791595152,1029.3289908127124,215.69269650081898,32.03284244401459,113.50428818977973,67.94898206606571
2005-01-14 13:12:42.661619251,1027.3653449089245,244.77748574093718,32.10745160656765,113.47107045166459,65.95541589325477
2005-01-14 13:22:34.552064980,1103.2707467436971,244.6988774052859,30.529434460892766,118.48276995575698,67.80738833587138
2005-01-14 13:32:54.110708106,1024.812449439818,238.2109988378308,33.31796761682103,121.73516456212333,59.16194138687805
2005-01-14 13:43:44.986288009,1098.4674689653375,235.37448364964274,30.4509588911832,121.87841260461214,62.374334503636774
2005-01-14 13:52:28.856151890,1070.9621476034874,234.51293502328065,32.251521449725125,110.22706516286692,64.04848271538077
2005-01-14 14:01:34.564609935,1029.214762486369,215.3265997626889,33.69243660940328,121.88454211518362,62.09486620458
2005-01-14 14:12:50.459838470,1098.6677808202182,231.6482490113952,32.0611161138305,115.93326451528097,62.06883405134531
2005-01-14 14:23:31.910103175,1088.5921253573395,225.49268714003676,31.18475026944282,114.57319761188893,61.07257408182968
2005-01-14 14:32:21.595217401,1038.2996874855558,234.00976478201784,33.5670381616589,110.75254174640956,67.25256301605395
2005-01-14 14:43:52.632969799,1135.2421286460742,235.38752321524646,32.341750000065126,118.08342660088698,64.81208098634286
2005-01-14 14:52:18.919201699,1077.895965564566,221.4801511417782,32.46112555524099,119.02773281674972,69.22386141047384
2005-01-14 15:00:57.722654148,1108.650448148524,230.68876635531268,32.20123709525576,121.47917134428621,71.52841015951539
2005-01-14 15:12:50.182262590,1144.2930736451847,228.57517832782625,31.852251413223488,127.4053636073791,63.55689497373188
2005-01-14 15:21:21.911719910,1027.0826496730253,226.19912659070366,32.46462117802545,116.78532183147026,71.8470281665789
2005-01-14 15:32:55.858162832,1036.1485031689115,228.83971061468094,31.402258764508858,117.75174756503661,70.55133515083412
2005-01-14 15:42:36.908986593,1050.991226427572,232.961293279463,30.17330850079206,123.49305956841135,64.85721641583804
2005-01-14 15:52:28.732064988,1043.9569445799298,232.09913146293223,33.53554788851443,116.38203971853417,70.02848591116035
2005-01-14 16:02:20.608788418,1107.604562655389,231.50631903613223,32.9098739265316,120.74101651289989,69.65003686825028
2005-01-14 16:10:53.178998773,1071.9980984259762,226.7959498057827,31.40622499653327,114.94165835050809,61.21634779481322
2005-01-14 16:23:15.419104007,1008.4043492062771,233.46452047813398,33.36767889408715,120.43172632640216,69.03690574398432
2005-01-14 16:33:08.064666692,995.0657252962401,237.86105886496836,32.24857883236864,121.6350870192941,76.83170788673573
2005-01-14 16:44:58.610437936,1046.242668263697,236.29742993611325,33.560413771508635,109.78393165763022,71.9527051276679
2005-01-14 16:52:45.000828177,1083.342829518315,244.53886451137458,33.091296074609325,116.80808321131238,68.03392376164732
2005-01-14 17:03:53.390557865,1045.5104629784873,234.27275233043744,32.017949804016226,118.169982578949,69.07404454282586
2005-01-14 17:13:03.252823025,1039.5614967389754,206.60545862866786,31.67753163407157,121.70231382370797,66.25052590745894
2005-01-14 17:21:25.166384817,1069.971972307022,228.19280581634445,32.39552546456464,132.86422976234672,68.47118232897657
2005-01-14 17:33:58.211631136,1023.7616572842436,231.46948460792254,33.025486674939664,121.88812497074419,67.03274711840733
2005-01-14 17:44:15.828851169,1014.0233283613743,222.32680538970146,32.7695946921946,123.31150997815612,52.20424854441946
2005-01-14 17:52:38.329111068,1033.3739552437246,231.53595357037344,33.55783287406353,115.33652310055457,66.45716733203132
2005-01-14 18:03:00.881846608,1062.3980447102458,228.8970739100893,31.70330737888499,121.78314681414554,75.65557390142499
2005-01-14 18:13:20.854478521,1134.958608722096,221.85209397400476,31.958715817136753,118.27771247713201,67.27396483260503
2005-01-14 18:21:52.582808382,1089.856354589595,233.26833637203242,33.37688738377611,114.49761134210306,63.97330903333715
2005-01-14 18:31:48.708394821,1035.9481378770226,224.30525401952562,32.453378299262,126.38824831519749,67.6639714343593
2005-01-14 18:42:13.593104764,1076.0999321127745,221.96785061219845,32.91949035200015,112.29652277123915,64.40099116195925
2005-01-14 18:52:24.658243013,1036.832123674775,234.7207700562264,32.48647434233602,116.54117028051299,69.46592341618839
2005-01-14 19:03:23.561929829,1066.0964940735905,237.5400849184601,32.02556838550124,124.73696203391891,71.26969339842857
2005-01-14 19:13:00.613277282,1047.629322100352,226.16627536437258,33.00849133625767,114.72297850819608,72.16381717184466
2005-01-14 19:22:11.475492497,1089.6858478943057,228.89110227630007,33.82959357245843,124.89346181795725,71.55456946281359
2005-01-14 19:34:00.459996170,1060.2015417200068,223.535001751236,31.237006222326013,119.72833847999999,67.35340456370554
2005-01-14 19:42:53.344833782,1076.601628427845,219.70139895435904,32.62053362810381,119.18996278166912,70.15896327886402
2005-01-14 19:53:20.824797014,968.1154964553958,224.741580251908,31.802940859148254,127.08147294145154,57.00000912078538
2005-01-14 20:03:14.099051055,948.1462460812828,244.71520971319688,33.033964489569435,122.10484856104127,68.00286554036704
2005-01-14 20:12:43.098058399,1069.728005880372,226.94732826715506,31.43054995899238,118.42708172523258,66.15480909142899
2005-01-14 20:21:41.019305919,1031.55592020747,235.84372749741462,32.19009998467846,125.20305886552794,66.22897938704706
2005-01-14 20:32:08.670166076,1048.314570824562,222.9456453271913,32.51202712484498,117.33138048504279,68.62520437344098
2005-01-14 20:43:44.654842198,1059.5590552077444,238.78435714715056,32.01736590059273,121.79710161604905,65.6695058527905
2005-01-14 20:53:08.637375879,1043.1325430244626,211.10628650747248,31.811300186892854,125.8101703447135,70.41202157929419
2005-01-14 21:02:40.764562151,1128.1882456537683,257.7832155839791,31.86336850155768,121.85990491623701,72.68147031017524
2005-01-14 21:13:43.517034445,1015.8679085832302,243.5090121644731,30.71258292498176,124.95205615790869,73.00624335915364
2005-01-14 21:23:23.073115553,1070.0679704516358,210.25403391102412,31.218737226992637,120.69244153041603,69.56642557094958
2005-01-14 21:32:04.227412025,1033.5058830390954,233.87667377523556,30.007218979344067,111.18033845227983,61.681913226770426
2005-01-14 21:44:48.055413575,1139.1991600263482,233.38897619210726,34.04910416903998,119.34944367791468,69.92202459616132
2005-01-14 21:52:53.417577560,1032.6276922354127,232.0310290506138,32.94662990356551,123.35924643722907,67.52049413351315
2005-01-14 22:01:54.522733431,1027.970318610638,237.0459417064551,30.142210262711124,126.63457558968923,66.5368885687627
2005-01-14 22:13:29.339302041,1079.1763920290562,245.0461781319239,31.413809388989602,115.9109393806031,61.24026391302946
2005-01-14 22:21:34.047351345,968.1265655782956,234.93533164209146,32.56042076323848,120.91129554407136,69.84872097352479
2005-01-14 22:33:03.101590090,973.3326122358341,248.86578991500107,32.490957716410676,117.54873158516567,61.51734880676686
2005-01-14 22:43:42.410020880,1104.971814218331,246.88684837910642,29.675718526055366,118.83937681876274,68.66855532657928
2005-01-14 22:53:54.542326553,1092.1093966411997,229.12800585897142,32.108565210150005,120.84458499224502,62.946872911678945
2005-01-14 23:02:50.786997146,1027.6455469725904,237.326024814156,32.18708897983337,119.82974471907937,65.04353015406905
2005-01-14 23:11:47.296469581,1034.2630347231684,234.0356695514182,33.172318955566695,114.16361945422283,58.82537914845831
2005-01-14 23:22:23.240353023,1048.3129171030125,236.61619411358433,30.947235133799413,114.10152275261842,64.4748434115777
2005-01-14 23:32:35.967767591,1090.7822124159966,239.90449633457712,30.271867709609197,116.89086232388013,57.428280425854425
2005-01-14 23:43:34.344692552,1072.7494152232057,223.06243778146816,31.92346582650953,121.11190261805305,67.2868614207707
2005-01-14 23:52:20.100394766,1132.4376750698882,229.60760216828766,33.481637526437076,117.71115333500535,69.83745056632323
2005-01-15 00:03:01.311129670,1070.9931611496631,225.90564835923112,31.71517201214374,111.73526946112071,66.77065989717052
2005-01-15 00:12:41.165487266,975.764531585037,235.78535989755986,30.99697003943996,106.8961532781416,64.74120109668488
2005-01-15 00:21:24.217318022,1129.758744410244,231.2452981483111,31.463201822902242,105.57092052054446,68.0977094262202
2005-01-15 00:32:40.667676858,1077.9288000017457,224.3661614703128,31.167955538620298,111.34238380672451,67.11163649033827
2005-01-15 00:42:14.546750754,1076.4133425985247,238.1383524912689,32.97464510906884,119.78072753814732,68.92335529751675
2005-01-15 00:52:55.348794337,999.5953656460505,232.71454038203396,31.642676267806817,111.3179268406702,69.88651888753607
2005-01-15 01:03:01.688391946,1021.7500097089121,215.6865809523096,31.39024346744929,115.87342300064886,56.60615813257718
2005-01-15 01:13:25.524705956,1012.8500187880047,226.45231596617586,30.262822013854578,109.346952129466,63.788799044240164
2005-01-15 01:20:40.432176728,1126.1170453445864,221.55215997354995,30.754830317338456,110.9493411153956,62.78769896022157
2005-01-15 01:31:47.176598434,993.7768631747016,231.07314657413707,29.061584064853747,113.70354230216924,65.17556120946163
2005-01-15 01:43:44.198089320,976.4999714703472,251.20430667280402,32.47478854136486,119.67178046629297,62.65251573558607
2005-01-15 01:52:01.307792547,1057.8300029351326,223.61067692405337,31.89193139776807,107.05685716612847,60.012172069760624
2005-01-15 02:04:42.597459223,1075.444029810272,222.3715238811285,30.351204216332352,119.28889007597796,61.28929118806761
2005-01-15 02:11:40.749931009,1078.5208047264427,218.17896715844523,31.95429938129737,111.6531116319936,66.95252597332598
2005-01-15 02:22:28.744081505,1063.7609341709826,238.49718753107595,31.613228603529365,113.87433320601411,53.92224044735397
2005-01-15 02:32:46.199982083,1061.0892311043283,237.81558722086046,31.61747861599839,116.78284257603563,67.76159276215147
2005-01-15 02:42:30.423571167,1143.6999138103442,224.92864926520818,31.246606799121185,101.68478735281091,55.00218001853886
2005-01-15 02:51:57.746886509,1032.1641657446767,225.1873122731132,33.029419208570125,109.50058964621145,60.42114539642645
2005-01-15 03:03:04.073246283,1091.5724078442367,232.65218618575125,30.560998988952157,120.12450435282464,54.60983830094698
2005-01-15 03:12:58.003304126,1019.7016918694396,210.28794299736452,31.30540575214335,116.97408166060875,63.259038967447395
2005-01-15 03:20:41.439450966,886367837.8136954,-5.8306197258373416e+32,-497.4531808645199,5.429602432921461e+29,455226834490.97675
2005-01-15 03:32:18.031452885,1021.4404456901534,242.53408767417721,30.927915304455073,108.39419288670187,59.32458272410418
2005-01-15 03:42:56.175782749,967.1833775584043,225.33993602119665,29.982943189975433,118.34962508973096,54.6263118261861
2005-01-15 03:53:35.989341130,1025.9614083983836,212.24585212798235,30.921616528500746,112.36948489819133,63.77947747840337
2005-01-15 04:01:33.762382593,996.0663913430909,234.60205182745457,31.62727332489073,110.17572582923727,64.29085913907028
2005-01-15 04:12:31.767230336,1126.0137102848887,230.46561185857385,31.613780134598077,107.64219581445725,67.06039560615407
2005-01-15 04:22:54.877111432,966.1960594394099,230.4895590293547,29.517219002767256,108.2636087014917,59.81324757476167
2005-01-15 04:34:29.369458317,1182.872566551448,240.82541281120385,31.41261001426615,110.37351760808403,68.02137647652403
2005-01-15 04:43:55.047497544,1061.275156725782,233.765143468028,31.373329701662435,107.38543677529134,53.10919667528919
2005-01-15 04:54:19.152224830,1032.0310144937105,217.64929324678198,29.96194524617277,113.79305007619871,62.94355958374154
2005-01-15 05:00:39.583115766,1125.1708358263027,223.72502361461412,31.17566313113706,118.37353589432811,58.498352371505675
2005-01-15 05:11:15.607636730,1019.8529547630966,223.389275193865,30.453357328430858,116.74989785793784,59.83251734324739
2005-01-15 05:21:39.984385039,1073.1562014433778,226.85251044231813,33.06280310043368,101.24676082416028,46.15651782092616
2005-01-15 05:33:48.879156651,1149.778934398305,245.1162465511784,31.382930387949745,103.61795873208624,64.28239346977928
2005-01-15 05:43:27.714600638,1104.1196202226365,236.29639405556537,30.97985660138651,102.9372240835031,64.21461413342084
2005-01-15 05:51:50.628513603,990.0323520108037,230.76365548853602,31.968186372896913,116.16922837716665,49.31390694867811
2005-01-15 06:04:17.248366905,1094.7379769842146,210.35517496608853,31.779057356008792,110.69378073139657,58.76890444716758
2005-01-15 06:11:10.502979830,985.8416242232776,226.35922664019438,31.45126548973411,102.57965115552685,51.945108091531075
2005-01-15 06:23:44.272971017,1095.3290717904504,215.74664746599862,31.1944752749335,111.07995398539349,59.75395354703303
2005-01-15 06:32:11.514359869,1017.9935713716551,220.70402182700423,31.323667028353217,98.4195296865905,59.59545075765038
2005-01-15 06:44:42.582533145,1063.9796724670202,214.36079885238863,30.368193416106408,112.1595985751734,57.961514678636256
2005-01-15 06:50:17.763432053,1089.6042424182142,236.22309733929205,32.43295332714446,94.25330675497554,63.756651760452286
2005-01-15 07:03:18.014340060,981.5358165301907,235.92949171717,30.590823838232932,110.4041659310249,66.10062557424146
2005-01-15 07:13:08.193251315,1053.5235784335684,218.71645744379302,32.045017544829214,108.88248953937693,63.38321169083201
2005-01-15 07:21:30.041643151,1100.335640564473,240.5207666012537,31.354140437335147,102.950264278193,56.27498413319968
2005-01-15 07:33:09.758956888,1121.4465578597867,233.39665560893667,30.058583919441933,113.6300478246597,66.75615718618535
2005-01-15 07:40:36.414761135,995.8192152710201,233.32861124444045,30.65328359736552,106.9758515297624,58.241342668382494
2005-01-15 07:52:24.833737136,1112.953531132227,221.7076051359612,30.40306532700988,111.67200178689566,61.49727489255976
2005-01-15 08:03:02.755847122,1029.9635157845994,235.33949926365906,29.852568299587272,106.18315993839632,62.70790375940227
2005-01-15 08:13:28.238151406,1080.4617854895614,237.1307164111851,31.835542395130737,107.03706285033454,65.66353979166617
2005-01-15 08:22:20.732167392,1065.758915306913,230.98202849101793,28.98712181344858,109.52815250390178,62.342904361608234
2005-01-15 08:32:46.349552386,951.4090401821607,233.28057132739272,31.64583611600751,113.66396885169442,49.12959388760796
2005-01-15 08:43:06.759818221,1033.2697764699833,211.59346251487003,31.500380997179654,98.33611541717904,50.44672147848091
2005-01-15 08:52:25.464317909,982.2471788866084,237.41303815853723,31.7514385856997,107.18405029354753,53.94874097976943
2005-01-15 09:01:25.455880550,1000.4921970240833,227.82927955324968,31.02814045081117,106.4462307953713,58.15852257838514
2005-01-15 09:13:05.220666729,1022.1733234362765,223.5786536759462,33.091267006853286,115.09966907070128,64.87747408107417
2005-01-15 09:23:44.881994275,958.4784692039377,206.41232699109207,31.73608387446859,113.81755197993743,58.649075882534376
2005-01-15 09:32:57.391257864,1070.2444865980594,232.86933839321833,31.14000685859273,113.42808167768801,59.93048022516237
2005-01-15 09:42:06.907466915,1064.7305401153983,242.1057789095851,30.45308615758743,110.70258110527085,56.934335185834854
2005-01-15 09:54:39.803257049,1065.3350272994535,230.64873408120357,32.12978462263782,100.9941697525549,59.30013969959313
2005-01-15 10:03:17.537984535,1079.3427409299936,218.71316714711458,31.357857081092526,98.38064895725776,59.64777504638841
2005-01-15 10:11:55.403834081,1051.6764635133807,235.23388230122677,33.9849438284047,111.73758376412682,57.04937596949049
2005-01-15 10:22:25.330623091,1142.9150714328593,213.30646188370963,30.97002740918728,108.04607396516634,62.90337594573181
2005-01-15 10:35:13.445846490,1011.3782334551449,244.90165048433562,31.731339741233164,109.73396766549466,65.3578534052781
2005-01-15 10:43:33.009685264,1095.1428052371493,241.08868590431834,32.589221772504956,108.51556675487745,62.45661483590721
2005-01-15 10:51:43.188453388,1113.2206904148263,234.9958840285726,31.60883938674083,115.8788878128275,60.05592315612948
2005-01-15 11:03:16.095009123,1091.9184617003252,234.73753662072036,30.81425839315538,103.73543100121645,56.650747954248864
2005-01-15 11:13:29.989422368,936.7642252357275,234.48668249496768,32.4757634986767,103.27649401835752,53.33939014287139
2005-01-15 11:21:41.555024498,1102.4549092428101,243.15833343614543,31.216292092118653,111.57025402416201,58.35470810920851
2005-01-15 11:32:10.218442989,1164.0760142965341,220.95402495129318,33.10246238572129,114.83294215772543,53.888670384758896
2005-01-15 11:43:56.910433092,1022.8207321674024,220.81546441845254,33.0107817084598,117.22918295965596,53.56570092058326
2005-01-15 11:52:00.637347400,1116.2895433626597,231.3959459680894,31.414504313920357,113.4701091130824,63.6094284206889
2005-01-15 12:05:20.967500482,1009.9361983965708,233.98664028040596,31.477882939001656,113.684799854915,66.25063432297377
2005-01-15 12:11:21.346628215,1024.7492193737194,221.7995120617366,30.213185794886268,109.30869685005521,65.02067122355182
2005-01-15 12:21:44.308212169,1049.0964913748712,237.8229607377397,30.921462642778323,121.17517975390301,69.94659693593354
2005-01-15 12:32:34.212445786,1020.5057410438905,217.26655612071966,32.622796867267944,104.3388852442253,72.94006280018192
2005-01-15 12:42:20.098724618,1056.6312506113097,224.90340376474492,33.54494658058433,107.57189114038263,67.40548157577228
2005-01-15 12:53:39.139612029,1093.9171019516696,254.30282460783903,30.171872116341426,120.59549715135589,70.7433166885132
2005-01-15 13:02:58.981929863,991.9421628517074,221.32452657205064,30.00742651427897,106.11153917279061,56.742738105508494
2005-01-15 13:11:38.558749829,1018.9160231206075,225.54441842954827,31.375499253384838,111.10499890998352,65.49010032280877
2005-01-15 13:23:24.457510322,1060.5374159678202,221.19045861880983,33.2292403084624,123.01386674787749,57.57765909281958
2005-01-15 13:34:49.537835669,1075.198457957902,234.82304826170693,32.88935412263495,114.02100399422646,66.9808546635954
2005-01-15 13:42:57.526592686,1151.8145410830225,245.58996204675898,33.030460899506565,126.29552907241266,58.41548836010492
2005-01-15 13:53:24.022380019,1091.5433013407733,245.87162733868328,31.956873798939935,124.35555598258763,67.75859435811098
2005-01-15 14:02:46.632247434,1084.243267954913,216.96303077457273,32.011125802871206,112.97888901545362,69.28508759669066
2005-01-15 14:12:09.606332243,1032.9477533160302,213.63767891146057,30.32435886435798,119.40822720478013,66.60673929744571
2005-01-15 14:24:00.424990634,1036.966756231486,218.31609181486945,32.852938202246264,116.24261128555293,64.09652606582901
2005-01-15 14:32:23.738353043,1065.4712134292433,232.98438782702985,29.50916091407713,112.45881945252681,62.859936676771824
2005-01-15 14:44:46.364595551,1060.8034976731822,240.79075478337785,32.625603551464515,118.51402923996858,69.57787390393855
2005-01-15 14:52:09.103471030,1063.323079647847,234.79329760790054,32.40667065145398,120.67767347042286,72.39863479176789
2005-01-15 15:04:06.153540640,1079.1387957675233,222.96312928835704,29.795136497289132,116.47878594804905,61.8516985434401
2005-01-15 15:14:48.764591241,1078.9355270649694,231.0441383357384,31.745316608337635,120.38088050655199,63.28028173249026
2005-01-15 15:22:26.222848135,1131.0044346882416,239.9521662719651,32.57925697671098,113.95171503868595,65.96034853798953
2005-01-15 15:35:38.664766650,1072.7090702376406,233.2608619164069,31.311563635862207,115.20564350615022,73.73686485566937
2005-01-15 15:41:26.693875707,1086.1804153062424,229.82661053128317,31.371267481933696,124.93301303565202,70.50911549326648
2005-01-15 15:52:29.060838609,-13864916.11436954,-40962.56077428589,687.4833467021941,14.570826136318534,6317.192605320557
2005-01-15 16:01:49.360048268,1060.4725047186237,230.70757814897718,31.919924253085497,108.75107756918277,59.06788615529558
2005-01-15 16:13:35.343170189,1063.6667922818226,216.0121687276347,33.393500798522965,118.93512406912089,76.94737949886247
2005-01-15 16:22:15.185720557,1039.135928558462,242.78720981934055,32.38293511828257,116.22741439552463,68.75807800846424
2005-01-15 16:32:39.282203702,1023.8583497973868,230.83847792768412,33.189574099104284,114.45202026073,70.91283768003981
2005-01-15 16:41:34.743186868,1067.5736631660268,243.3924566760097,33.14373845845395,125.55804919209278,60.774148397574216
2005-01-15 16:53:17.663677851,1004.2057074303295,243.9614311634304,31.30238424695941,127.52812104105978,73.21866210989589
2005-01-15 17:03:11.858509635,1010.4855974850705,239.05382191854352,32.001216637168156,113.35839007367701,58.382864085075504
2005-01-15 17:11:46.872302488,1052.885280840031,222.0749498156959,31.876506604618715,118.33058368758391,55.23331914102222
2005-01-15 17:23:03.503478922,964.270748725625,241.06053442720557,34.48308738210101,124.7377102175669,79.3117066928396
2005-01-15 17:33:50.838008679,1032.0756816775038,237.32184164709466,31.37224475223453,117.41652851538753,77.38140173895337
2005-01-15 17:42:46.286293017,1036.9839435013462,226.40351617722513,30.859889611724387,120.72506145056335,70.49022995918365
2005-01-15 17:52:33.227127291,1039.834638193431,250.18790326581717,32.447239327302064,115.03658275129177,63.23785577818032
2005-01-15 18:03:24.273480674,1069.4559067421253,229.78220201044988,30.94317174423247,126.48428966674582,58.98270775129854
2005-01-15 18:12:09.846833145,1144.4749545662746,215.4584908536909,32.039481619409784,126.93505983060449,71.67232386878653
2005-01-15 18:22:52.757082533,1138.3073300420733,231.13858181252755,32.84192871291596,113.80666705505122,73.8451927034235
2005-01-15 18:32:48.727324352,875.4876741682598,225.97676954230133,32.201696132683615,118.95195100421181,68.20862623437412
2005-01-15 18:43:17.324906387,1106.9833922241437,244.12664625164751,32.91139226751758,109.95468440194371,62.505647682087535
2005-01-15 18:51:33.473990242,1070.6599809276724,234.39713689311344,31.745804036836823,121.12795956747587,57.06387489523433
2005-01-15 19:00:20.464411442,1081.0591809803625,234.43838461653573,32.33659045273398,118.41743006047095,63.20098361706921
2005-01-15 19:13:15.999529757,1038.704508843711,231.32924871084143,32.83390209280953,122.5571901609495,61.237058711218445
2005-01-15 19:21:43.905462718,1108.1195199230642,222.83334144307122,30.759954624697198,115.47541209248384,71.48172746943774
2005-01-15 19:33:28.435602192,970.2727732820928,225.78480413886106,33.29243746637456,124.60623460310339,73.11533054263798
2005-01-15 19:45:31.960655661,1036.8553183839772,236.55128584340468,33.25829271474522,119.57605735527385,69.26152974777695
2005-01-15 19:51:13.935490099,979.2363457417653,242.18688498807148,32.282175162116914,124.04643495477734,71.11842373698603
2005-01-15 20:03:41.075318264,1100.6977717206805,214.86486985654162,30.628259029507607,121.55607071183638,75.88404163703925
2005-01-15 20:13:04.797116175,1109.4387458733406,233.35672387895096,31.258757575192206,123.07509771918546,72.25626372469928
2005-01-15 20:22:46.680140743,1086.9682227538428,228.13165261737782,32.832274118400235,128.32350600469854,71.96768633660318
2005-01-15 20:31:33.531924184,967.5023994437445,231.05741671486754,31.613765140388605,118.53936861988498,75.64017196425924
2005-01-15 20:44:38.207955006,1067.2532104986647,219.45899930324043,33.44399457862882,120.23617625922869,67.63682224214077
2005-01-15 20:53:42.430521728,1035.456946219706,213.37146131076153,32.403723747007,118.99368001466978,72.42155223486613
2005-01-15 21:02:36.313501983,1011.817412697554,228.16101810014322,30.855197525536532,117.52434545932209,71.4268300416332
2005-01-15 21:11:30.225030116,1053.7396862226492,233.89046699476933,30.00941379410717,111.5665066427295,60.85395692567819
2005-01-15 21:22:44.166932309,1060.6979700848274,207.31388409857132,31.159549978523017,118.11548574440947,68.0536528451163
2005-01-15 21:34:17.453702460,1042.7857296276804,229.84105374769194,31.932490825617734,119.2348172536711,76.74209692435886
2005-01-15 21:43:05.222311940,1037.4564767214401,232.51420810498743,31.314716712809595,128.56132742624516,71.38284473995323
2005-01-15 21:52:10.282952349,1120.4616118371537,231.78837725549056,31.79195036066023,121.19084045820519,61.24511019115376
2005-01-15 22:03:06.353044033,1159.5994530934715,226.87535043044076,33.326405382472984,116.59044523079943,73.428935669581
2005-01-15 22:11:00.857905014,1098.6116033288981,215.2948444921109,31.25841884544675,121.3772311344025,65.46027748255538
2005-01-15 22:22:18.264205990,1075.4792625881516,240.34565403102522,33.56356138234869,116.49904605277459,65.9176238446579
2005-01-15 22:31:29.338124419,1077.8062473213172,229.66317660826167,33.70139118256958,115.65768892926633,61.483036672054155
2005-01-15 22:43:39.017023606,219.74088713902674,-4594429.371831694,0.34580155427697556,243.17060940919163,-3757.846551202699
2005-01-15 22:54:00.307618913,1057.364147001002,241.4629038229713,30.743981094146257,115.93048496885017,71.4699737241288
2005-01-15 23:01:32.344851398,981.7564704988545,243.12233148231343,30.62608810401304,126.55382928705353,70.28340853906437
2005-01-15 23:13:26.673936455,964.5995185985065,235.85079047990442,32.63567258186498,118.59915876399226,64.84976127809678
2005-01-15 23:22:24.029517889,1076.5947669407738,222.81273263774858,32.469664276504666,116.30483119835338,70.55565581196707
2005-01-15 23:34:01.002528667,1111.113419369951,221.9504453342035,31.93301150354582,111.57063123167629,62.50855557425915
2005-01-15 23:41:38.682928811,1035.9397003167273,236.13249886883347,33.88696527761861,107.73123362926064,65.45215017611615
2005-01-15 23:52:20.894204008,1135.658538782194,233.77574608465503,31.440064404015974,119.25374219013874,73.18616780033666
2005-01-16 00:03:03.560420622,993.2516621953971,243.73761537283153,32.88441177871186,109.9037247089472,58.17157738488138
2005-01-16 00:13:07.881244064,1081.875216388268,238.60851738373594,30.34347122517599,126.97833105487753,59.30511170286105
2005-01-16 00:23:29.995358952,985.3068080912282,233.75563028043527,30.84531004153457,124.72872196723469,67.33814650502315
2005-01-16 00:32:15.166244663,1067.2590764175952,222.76563260739636,33.26656035384775,118.25740716572942,56.1515272141076
2005-01-16 00:43:45.658997167,1112.9319537893848,230.36294163046318,32.40424546056796,108.56465874900456,67.25290924765592
2005-01-16 00:54:19.644147368,1082.763205474137,229.2476492564401,31.061613148707288,113.0435455241649,63.05471221407259
2005-01-16 01:02:19.730842589,1034.5402815107338,213.75663166753597,30.802352652840543,104.90696578260815,60.59292519353676
2005-01-16 01:13:14.369175852,990.4207391981201,240.4999172237172,30.646028864031766,117.7730545423445,72.639693879192
2005-01-16 01:21:24.189511919,1097.2020429912698,238.8347839808372,34.60972418076219,112.20971943872674,77.96754267213181
2005-01-16 01:32:30.906589838,1087.715352198995,222.01063903982356,32.206559337653,111.72028328362941,57.532298557438864
2005-01-16 01:41:43.150593610,1008.3387798303556,248.1177478377279,31.2547385883143,119.87948080278223,70.05552901149233
2005-01-16 01:51:43.355029025,1090.1491504279995,220.06875752363032,32.53201481959385,108.24596470880334,63.747590936215815
2005-01-16 02:01:23.096359649,1016.1140392591918,222.0859120043397,31.296204422198514,117.35979569248812,64.09278342659788
2005-01-16 02:11:23.242604360,1096.0196355250423,234.91496916457191,32.723167314483575,117.55189541646216,67.54748770230509
2005-01-16 02:22:42.064771723,1037.630463209506,214.49783463235775,31.696697180428373,110.86034847239685,55.54352186323061
2005-01-16 02:32:04.557142395,980.9555651742651,215.41147227735243,30.16028337025595,110.05130764309038,68.98405057774501
2005-01-16 02:42:13.027511038,1112.0531569397112,216.48161908189968,31.1177137262769,113.79807436467858,60.764623624922095
2005-01-16 02:52:44.328217873,1053.502289153695,232.49818602251534,32.64930385571722,113.60773567534596,64.70027005494386
2005-01-16 03:03:16.612188378,1039.9473057846053,237.55308578833203,31.597011705675776,110.44354936865065,58.75247096438388
2005-01-16 03:13:06.374965661,1051.7629177410022,220.5176306540088,32.413839263662325,116.3511862218311,70.91269188100787
2005-01-16 03:23:21.466272311,996.7897751413616,213.83908537045528,30.156783641765802,109.3556472230474,62.65081392264516
2005-01-16 03:33:45.198600652,1009.7462322416059,242.02640704723333,31.684905629752013,109.57915409451019,63.31237999193898
2005-01-16 03:42:28.151904140,990.2266234861158,222.38938419281757,31.977606011986143,117.9978218611236,68.6388378432513
2005-01-16 03:53:47.017897561,1001.8121063353778,229.4940198245573,31.222068553824283,111.04501297166318,61.713681587912156
2005-01-16 04:03:01.008387488,1054.4564916801894,228.67082075111387,32.919680056499914,106.29943233769,53.868894550254716
2005-01-16 04:13:22.759785128,1052.5343511944668,227.6093071241324,30.23046828002234,114.69390408815609,58.023958073906485
2005-01-16 04:22:56.405802083,1021.6266744055483,231.0191153083748,33.56538842415644,106.75237610422293,65.97039530528586
2005-01-16 04:33:32.182366868,1050.8760621926053,213.45391711801722,32.775420722313164,103.3758311099403,56.733481569302754
2005-01-16 04:42:21.515638263,1025.507688281967,238.43277114218307,30.977533835690103,104.4875985214367,64.73911664174399
2005-01-16 04:53:11.632570220,997.1423610442531,220.08561718781755,31.5907278961471,112.4526632947913,60.113819203753174
2005-01-16 05:03:34.587322962,1037.3191760413706,233.92745018061711,30.452100759233883,114.59970857228774,52.3331222297162
2005-01-16 05:12:31.539318151,1073.2808738834683,214.2430867515678,32.04538536000582,112.79105154813024,57.95834803228478
2005-01-16 05:23:14.733188611,1004.5588459869333,240.9093132439797,32.027331560178105,110.06810644429335,69.02705645608546
2005-01-16 05:33:34.510382594,1052.5098318954515,227.9927170443031,31.464516692456503,112.21599753723025,67.6997952989688
2005-01-16 05:43:29.344906850,1110.0225910054162,231.45146040326614,30.22733708332182,109.36058856403928,64.15419645812005
2005-01-16 05:53:04.036070476,1023.1917791507026,229.21877492149144,31.868921093053228,102.37784523022606,60.78287806485855
2005-01-16 06:02:01.458364591,1161.954498526855,215.88851841410488,31.539558838367768,105.18251896671043,52.681105872257454
2005-01-16 06:13:16.522277735,1070.841944758289,240.85739630272585,31.41345241285552,111.5209612523215,56.30217691088739
2005-01-16 06:23:20.758739123,1114.7655798151973,224.7099374670068,30.068282025206983,109.10740352046697,56.754776039734736
2005-01-16 06:33:35.662903714,1014.342457083685,212.8475592391605,29.73993488358743,109.95092310580866,52.999152395792166
2005-01-16 06:41:51.616364958,936.6734401230451,232.56971967458534,31.502999828376222,110.12073041621318,56.861805222232604
2005-01-16 06:55:39.801569424,1037.1021425001222,225.05687221800443,29.874722632671613,104.56978727668974,55.677130189901774
2005-01-16 07:03:18.464417776,1060.5365415183232,234.72953781533295,31.79735998482849,105.93363528234794,52.78700543148468
2005-01-16 07:11:18.527684685,1010.209530167385,242.1033458996132,32.40669376087183,104.01764368916966,59.24589234770303
2005-01-16 07:24:44.758295977,1017.0545217509685,219.20266470739512,32.53155527946687,105.65589108076274,61.98386092708056
2005-01-16 07:32:26.061300729,1089.7700172110838,241.107462831329,33.29673252395278,108.7446963550291,61.05600672130029
2005-01-16 07:44:11.769229444,1009.1470074067354,237.2362923661314,32.050636966188094,116.63233290862911,56.80385231810596
2005-01-16 07:52:26.744315785,1002.0701986512399,235.25546490831937,32.93600750794293,110.69345454553384,54.42566444035108
2005-01-16 08:02:33.577003790,1146.8436524692852,241.19700701650936,30.069980999035113,106.67391713147794,65.2201629552862
2005-01-16 08:13:42.715708801,1040.0418292275206,241.8127820905541,30.266412282080626,117.52952110528425,61.28921693822889
2005-01-16 08:23:48.752685356,1053.0944630895385,229.80916608961994,32.23000274858459,116.20961430042763,64.37233476149572
2005-01-16 08:32:20.946483658,1073.8887950563167,209.78804848333266,32.28754887742074,114.99657928456642,68.83503192476515
2005-01-16 08:42:35.535155497,1033.5162762104983,239.9078322524534,31.15088433704644,118.10203837487522,57.13116927444125
2005-01-16 08:51:20.629052920,1089.7640493622662,227.48879131914254,31.504625120308564,99.3572574598523,52.43956165267344
2005-01-16 09:03:39.686452115,1079.8288398011819,231.04749912256608,31.811808306968132,109.05865919925253,58.672219676450325
2005-01-16 09:11:40.027650032,1062.5905370433752,222.4019500617764,30.619729376409957,112.91111537916721,56.80226799263183
2005-01-16 09:22:50.986717616,1122.6364483020654,230.682193683143,31.992877034305415,114.43905960608663,66.85523334877078
2005-01-16 09:34:25.682704783,1121.850145359406,215.276302908471,31.37847175953311,101.96437064179875,68.46804072782948
2005-01-16 09:43:01.819526473,1092.0676908961764,240.17767711893592,30.324298916068464,104.04196429031444,57.27158900165719
2005-01-16 09:53:07.091968587,1067.0350109697454,215.87797658249372,32.12913208078155,101.79534350744655,60.882777695585844
2005-01-16 10:04:08.464304391,1103.7696584540931,222.78685748153296,29.438356728834165,112.89595426960804,68.47975637162641
2005-01-16 10:11:53.454993416,1065.2578161824106,217.6291733173995,30.738152438278597,110.0610465112677,61.07909385148106
2005-01-16 10:21:32.098415674,988.6495734418222,237.70813047000377,31.809624348603183,110.02847492861929,57.26365205270805
2005-01-16 10:34:54.496803293,1017.8363446052834,218.39651073438623,31.612969466219702,102.06458557627624,61.909300976846446
2005-01-16 10:43:00.727804406,1122.4853342023787,232.08075430420462,31.789216437318494,110.19277295825995,55.645567787064955
2005-01-16 10:54:12.570394863,1060.3038946782724,224.62817162817387,31.852106342368874,108.02222444125933,50.22785031448768
2005-01-16 11:02:56.998132606,950.5599682004769,230.81599893000921,32.38953253163951,112.75908166697444,55.383788086858765
2005-01-16 11:12:25.903080227,1031.4907739568553,227.42339236789846,32.711033158001285,106.92098176980241,55.732792126242245
2005-01-16 11:21:22.174949833,1039.2974169227996,219.24993893161454,31.053026342912478,112.34539000525174,67.26767649478822
2005-01-16 11:33:18.417921952,1077.116189024561,234.06786261813247,31.43588822718856,104.94381883248239,63.20297794504951
2005-01-16 11:42:48.523642315,1019.8762780236132,245.40179597550886,31.936500157524808,114.62343859860178,61.672861009288624
2005-01-16 11:53:03.681639713,1058.6503900401524,231.71916186266472,33.60670168686019,113.45298497060254,58.15145005057426
2005-01-16 12:03:21.951574397,1032.0959921582091,211.09403581624522,31.09128559666513,108.23762526999566,59.87040407286142
2005-01-16 12:13:37.749798624,1116.9417914442142,239.33603381862676,31.671232211121872,107.44936401276097,54.89645397494881
2005-01-16 12:23:28.667923503,1127.15328335418,228.3840870652956,32.34242507381257,107.73313939269624,58.73796074665586
2005-01-16 12:32:34.958155762,1128.5625013349506,230.9549614378159,30.626497152252487,117.78690436765578,67.63130947896443
2005-01-16 12:41:57.970158285,1032.2789664043164,222.72157837343525,32.071085482215494,119.95439385412413,59.70580929197128
2005-01-16 12:52:35.151351177,1137.7495946886127,238.07940422120103,34.03075466746022,118.15763548018013,61.37300771922535
2005-01-16 13:04:10.116501238,1144.4343581352018,236.34758181918485,32.54597478566823,118.3034709290032,59.27129338303306
2005-01-16 13:12:37.598981726,979.6598536310346,230.219627454282,31.73155732954209,114.13993901781248,59.88856346200026
2005-01-16 13:23:14.346458613,1053.0565979713149,233.48773743607515,29.063337982404448,113.11523704524417,62.52078698519934
2005-01-16 13:32:57.779060133,1059.8522736245097,230.3679152329053,32.62898138570307,107.30933970581039,63.20950677960602
2005-01-16 13:42:41.246569555,1126.2358776708993,235.68031098337386,33.84448011351647,123.9083630119682,68.61907845276583
2005-01-16 13:52:29.475183929,1068.5175947502137,227.87116568799658,32.25503673329684,111.67518707127101,62.00350463045207
2005-01-16 14:01:06.157336478,998.2507093642519,233.68932522467327,31.743196219877717,120.0960846052663,65.04583161775048
2005-01-16 14:12:08.492879857,1017.267167150374,227.5043607001083,33.286943355571864,123.51303998443105,54.49081253734746
2005-01-16 14:23:36.964185048,1013.384977773065,240.70421399709377,33.72222130639446,107.21123371066452,71.0818575639519
2005-01-16 14:31:49.497871717,1089.110880187653,215.574687348692,31.49886152963216,122.33602929855735,67.27650755722169
2005-01-16 14:43:14.853091169,1110.4899427322193,210.27204557750457,32.07211704797105,113.69355470951297,73.97889445237358
2005-01-16 14:53:22.718075621,1037.129040487603,239.47074672310424,32.443371703299334,120.41415629783442,58.52283812330896
2005-01-16 15:02:30.305747140,1057.3138034901192,211.21362405539554,31.763834031058543,110.6329738805074,73.26349600783543
2005-01-16 15:12:26.304633576,1067.1955017587406,237.1263710134281,31.08399076420885,120.65481829817962,60.811682791458004
2005-01-16 15:22:50.746431231,1025.5264170980754,227.4953857948165,34.453198827392434,116.74975747385915,59.589141883839
2005-01-16 15:32:21.755763287,1108.02276940745,234.04100156496455,31.77024431779956,115.33481172916365,66.0857971960873
2005-01-16 15:42:30.039641929,1076.6432892486307,225.7032212146306,31.156326857061078,112.4946461432524,65.93721088116341
2005-01-16 15:54:59.200600039,1023.8849030797321,253.15480884950549,33.182526492546714,120.48386580682495,69.24146692557169
2005-01-16 16:03:45.797760976,1044.814786582111,218.82184526113218,32.851730869276935,122.77190029016319,65.11666383308182
2005-01-16 16:12:42.469454298,1014.731669230506,220.62636069050973,31.67050064421613,110.6129856995161,68.44432391904209
2005-01-16 16:21:42.371329865,971.8311777153915,240.70679829085557,31.85009363154226,118.73714500541608,68.84351201829985
2005-01-16 16:31:10.033757818,1071.8883678500392,256.74858392891525,33.51484233646174,120.08083433023153,69.36326148102332
2005-01-16 16:41:44.016536454,968.9112639445992,230.6599931276838,31.402361732647705,123.26262270656186,69.22656700820323
2005-01-16 16:51:58.377112785,1181.7507967281153,242.7721007062115,31.81213353064668,117.47296112781771,75.4293251695473
2005-01-16 17:04:07.339493305,1070.1433585506943,232.98057838727098,32.788690202276925,118.56705045248718,66.39645669997749
2005-01-16 17:11:45.253357550,1032.6638511295373,239.38124196096203,31.169301003533953,123.84007304301656,64.2979421431943
2005-01-16 17:23:31.876153137,971.5824570299415,229.3707523470135,31.42449467793181,117.67530051940986,65.44704394346118
2005-01-16 17:32:38.636089719,1012.6813254528209,220.90739298325806,31.316738334288637,118.66676466649672,70.679472106636
2005-01-16 17:43:00.772318260,1031.7540785632086,242.05237040825162,30.313011415992094,122.93960662206116,69.99115203327531
2005-01-16 17:53:33.305157316,978.4156161244857,234.2591568586753,30.659422449565817,124.38941537372061,75.19825201238795
2005-01-16 18:03:53.573289843,965.7373373973672,251.176707815126,31.24341727680801,118.2297729066937,70.42424424703937
2005-01-16 18:13:32.991873747,1057.6641771727336,239.26189545266047,34.07950525050019,125.9011409350223,65.44999322385601
2005-01-16 18:22:37.398831347,950.6695574338979,234.31623938210012,32.148788989187274,117.20176536134966,71.0220102666314
2005-01-16 18:31:51.747218143,49.99746933302764,99.83329204901199,20.0612460926523,112.96643872481039,68.12326495172728
2005-01-16 18:43:08.967940214,37.126915358895744,74.38810808633403,14.845058322007473,96.50647575639087,65.63364256971371
2005-01-16 18:52:53.851870059,27.348397453890538,54.72097640527659,10.958560190341428,85.16714498132005,63.36814955599586
2005-01-16 19:04:19.275481956,19.04446668329916,38.035639074947404,7.609727894830633,75.69595604745953,60.316410590461935
2005-01-16 19:13:48.542555398,14.41653170813542,28.93042960176198,5.932771142014795,70.47589467773582,58.00891112186812
2005-01-16 19:23:06.617635296,11.277126477574775,22.9710039997273,4.737860132296646,66.5147739134419,55.71444092539176
2005-01-16 19:33:25.204168391,9.235083408034637,18.559757241416616,3.582456773124263,62.94441870132182,53.54645112992377
2005-01-16 19:40:49.066187700,8.216968712224803,16.60602796018814,3.3443514721700507,60.883637121913445,52.09550814108409
2005-01-16 19:51:36.460247470,7.267528232561825,14.174770218079608,2.8235603947324597,58.593649437807464,50.25189532932981
2005-01-16 20:03:51.432823171,6.611419738144772,12.999588673551234,2.6481987774588385,55.98419391298732,48.12339096727808
2005-01-16 20:11:47.853819020,6.201848450515871,12.616316471218214,2.5781054409494684,54.61707844261896,46.798145783217656
2005-01-16 20:23:08.937882077,6.143526505842277,12.000352377139064,2.505482169958668,52.839739604946075,45.07495831103029
2005-01-16 20:33:12.461344868,5.763439468217514,11.850607228737289,2.33402207180293,51.423267781647134,43.61430834878886
2005-01-16 20:43:57.659619348,5.927966788661985,11.556628794192687,2.3693910965600136,50.01902756476744,42.53694884374598
2005-01-16 20:54:50.963204374,5.6697296518152385,11.45269756702432,2.222330696673412,48.61812868780293,40.945690007511764
2005-01-16 21:04:29.786489705,5.688559286597547,11.165544172455292,2.3261312961328517,47.50914754845629,40.04535947578466
2005-01-16 21:12:02.805241146,5.515386105420216,11.256916548873315,2.1832425064880283,46.56218474058053,39.03283649866403
2005-01-16 21:23:26.861075718,5.487752301618619,11.193059887390481,2.2028879916762065,45.49964290401111,38.170206506137724
2005-01-16 21:34:54.529298055,5.6913609162234104,11.09884417217565,2.2569654191491324,44.584499702543646,37.23818420312159
2005-01-16 21:43:48.424518697,5.421019232419573,10.855916915089477,2.134789369920863,43.79959924976943,36.14475469055007
2005-01-16 21:52:21.545037237,5.500484413912193,10.836467154164843,2.0790879070551496,43.120630040751045,35.6361895876064
2005-01-16 22:02:02.568541747,5.426844686899235,10.852806575161358,2.0986674088561355,42.259819808959186,34.97698453664348
2005-01-16 22:13:03.379806608,5.368192655526671,10.723712107315961,2.2956530615317394,41.484845136497576,34.21026288761654
2005-01-16 22:23:42.625609438,5.478784417246201,10.669806269928916,2.155061594005036,40.8165128894315,33.43370495510618
2005-01-16 22:32:02.841918412,5.296996572407309,10.610225029978807,2.2470647682674443,40.295138817405984,32.791564156793505
2005-01-16 22:43:09.984940191,5.284282136514009,10.477456825436867,2.1345934290379738,39.497557819240406,32.08552788194231
2005-01-16 22:53:32.718834774,5.411216010172959,10.525220003247982,2.235521885199366,38.929837521090306,31.645012580691407
2005-01-16 23:03:49.611287637,4.979233970836924,10.20904418234156,2.0294656219416973,38.3652621274886,31.22334312809033
2005-01-16 23:12:55.686466898,5.169637054244326,10.342443533221463,2.000528272933873,37.80115153438941,30.470765935601307
2005-01-16 23:24:36.346849447,5.144414033389407,10.106723312397616,2.04444761955209,37.32534107258725,29.90791602891419
2005-01-16 23:33:27.290377612,4.902808702838223,10.196196925189275,1.8859263783282851,36.74266018238438,29.328783981903072
2005-01-16 23:42:50.887293527,5.115711616875509,10.211278300886027,2.137315716864072,36.217119944295156,29.14657368183565
2005-01-16 23:52:21.646813757,5.024701860854185,9.77885974660843,1.952384239781778,36.17698982246987,28.65600554744005
2005-01-17 00:01:45.068239313,1019.7989822670648,142.61303096075318,14.738065437396653,42.597473526222764,34.90989376880069
2005-01-17 00:12:24.469572548,1083.8418049373481,179.45586318652457,20.20935293440285,46.66264568956165,32.90218043335487
2005-01-17 00:21:06.734081369,1088.7639365197836,193.60352365440062,22.158536967390376,56.09003611746667,24.692333466296294
2005-01-17 00:33:13.256777113,1033.4885246491315,190.56058882826088,25.821551683680568,67.48761357102485,31.10774273604229
2005-01-17 00:41:40.523237668,1094.6448308904548,203.75637566590134,27.54887628771562,77.40813131504666,42.94558366752474
2005-01-17 00:53:27.582701174,1040.512918056777,223.34873549909702,29.876858951124383,81.13208342054152,37.51497987355719
2005-01-17 01:01:51.600192677,1020.3847758328557,215.38290755330192,31.189266046367507,87.90091043825511,46.01131098060199
2005-01-17 01:13:50.960672131,1088.444575710795,221.79335255140236,30.897416361858575,91.79556136806156,42.54096284093671
2005-01-17 01:21:58.982212231,1039.2943462898388,240.2220471564698,31.228719441475455,106.32844829903917,47.875198570453236
2005-01-17 01:33:46.805467706,1011.2361924313091,225.89541342487192,32.86016674909025,92.30665744546417,46.707495314444415
2005-01-17 01:42:27.788955052,1080.421788450586,242.32649847203967,31.637553823027858,103.87388085278279,55.89532449813649
2005-01-17 01:53:38.688873858,1095.2546233474357,233.06457999796285,33.123913853365366,99.12592397544036,51.52895128719821
2005-01-17 02:02:31.477102991,1104.0162900889566,232.40830318668324,32.193470997911014,94.98631858492739,40.971965282689595
2005-01-17 02:12:29.401025598,1055.5735965004546,228.75170469147668,32.54256475988275,103.40580047757423,47.57550518961603
2005-01-17 02:22:12.604435633,1066.8827409506723,232.9376697648091,32.42100724156323,100.89569258070263,56.64308725554771
2005-01-17 02:31:26.960956275,1093.1789183340716,210.65135954239415,32.13681918503248,104.3586951609096,46.63310881131222
2005-01-17 02:42:31.515049832,1063.9800484321715,224.0560562488355,31.545387391254526,100.69403261525983,44.84366222126656
2005-01-17 02:53:11.116542460,1084.0517671294367,234.9141278475407,30.158579959230014,110.54238927126545,56.20552918195065
2005-01-17 03:04:05.661769614,1115.2342830318955,241.7188678528921,32.344166899034775,108.50228757001001,54.92185681468475
2005-01-17 03:11:43.108893738,1019.9323627456433,233.3340604845463,30.670916189364753,100.54460217371528,60.455878990123416
2005-01-17 03:24:07.065518308,1120.4906241919628,223.1895513518139,30.214906104724644,106.11778537943385,52.232629848804635
2005-01-17 03:32:37.284684257,1037.5410725907493,229.50605190178757,31.77923606709128,103.73218270632947,43.5118581400221
2005-01-17 03:42:41.030507211,1015.2731313284406,252.22929284114804,31.109885311060424,104.59962319631333,62.06179354428627
2005-01-17 03:52:00.923375289,1066.3335691390282,221.9940830596795,31.525694498178826,99.69555898154366,52.18099543187281
2005-01-17 04:01:29.888761294,1016.7392068196833,214.61916047836726,31.83802464342473,106.58184808782813,54.25158676414056
2005-01-17 04:12:46.542184547,1089.401697699316,207.82748654434695,30.199326274200676,99.98159987125459,64.44630672480788
2005-01-17 04:23:39.696855803,1045.5833470164223,205.28828300313108,31.943789105838036,112.49109693391493,66.4928488754835
2005-01-17 04:33:04.498848693,1063.0167571465129,215.66341576948477,31.316885825402114,97.88664846358584,46.90087407377997
2005-01-17 04:43:22.535434300,1020.0018277929889,240.6045762526681,31.00134262331959,108.11996592110148,57.593049664212444
2005-01-17 04:52:34.468544759,1010.5131343906655,234.47412102099292,30.40704665701003,112.45569303248399,62.35204077585259
2005-01-17 05:03:10.693985823,1068.738183954812,229.77841091019613,30.989043781478646,98.92936344813455,55.1333159768254
2005-01-17 05:13:19.172947325,1095.246750300079,234.79819987559827,32.12050575172613,109.87428465761398,56.61581471829597
2005-01-17 05:23:05.476938018,1092.1781650932153,222.84845539015717,32.56499545114952,105.24657388990336,52.41141287938278
2005-01-17 05:33:15.758993002,1142.529192441237,233.36076973318697,32.57080470817655,109.08383940583185,55.00082085698309
2005-01-17 05:43:15.565822370,1013.8115690548324,230.07801097380093,29.875364606166187,101.38170429237428,57.63249768427798
2005-01-17 05:53:56.263109115,46.37303536602405,92.61983322298579,18.606375888916933,96.83674286526109,56.23760094436809
2005-01-17 06:01:51.209622987,37.18231339505192,74.44766883191126,14.995233755061252,85.51793822956708,54.57549736632947
2005-01-17 06:11:01.938836519,27.334613030663,54.994432608180276,10.901444531392016,74.36255628662157,52.183173352148174
2005-01-17 06:21:58.555288809,18.825305478612528,37.625226138426505,7.340543768869516,65.06754794170044,49.48104091244098
2005-01-17 06:34:19.931279417,12.375540576882635,25.026182062101046,4.994953553616801,57.978325199969845,46.58890099608454
2005-01-17 06:42:37.015309079,9.81087370431291,19.236418292936854,3.833795243874001,54.32106738587823,44.601781823765194
2005-01-17 06:51:14.898667725,7.683019470759882,15.44669642906914,3.1003173305766767,51.52455366115153,43.030177056568384
2005-01-17 07:04:24.289056335,5.784433354244989,11.860968761836546,2.2404681116484575,48.07463307165543,40.351118391096925
2005-01-17 07:12:23.718067984,5.334617354085512,10.593145674180942,2.1406287358463953,46.4639545428747,39.01588607377918
2005-01-17 07:22:07.317762091,5.119582377604814,9.577532363694472,1.9056627475680468,44.39606018186792,37.33535273554718
2005-01-17 07:34:05.116326016,4.553058533639453,8.81698766329904,1.7542846910183063,42.67821781625974,35.46004020025279
2005-01-17 07:43:34.404212109,4.314127446280667,8.596009265605842,1.833346552322492,41.03709859905922,34.2795843417562
2005-01-17 07:53:52.811130874,4.189970940923615,8.13129714471119,1.579345506179823,39.74899669470085,33.13964442810912
2005-01-17 08:03:53.853444654,4.162785947847952,8.29436441757196,1.6605517320209706,38.76295341192572,31.82484228551733
2005-01-17 08:11:15.189316406,4.103611401340764,8.202383485579125,1.731836215988794,37.690397431745964,30.943530761844922
2005-01-17 08:21:29.654567112,4.192202163632427,8.244770510871803,1.662099778233898,36.95370797090836,30.111784632830673
2005-01-17 08:30:57.505198018,4.196431376928049,8.203589975690642,1.571318001471846,36.16434854464204,29.185509615852013
2005-01-17 08:45:04.950416580,4.308678833609841,8.313593174986316,1.8350440309868328,35.121916506253015,28.06602437711168
2005-01-17 08:53:29.380665482,4.246716832438107,8.486221438247679,1.5479329478474448,34.53259013643229,27.76547288913062
2005-01-17 09:03:41.394654755,4.304270724745463,8.263725935384656,1.7212501161343123,33.719442297001336,27.00578208385025
2005-01-17 09:14:09.377431367,4.207621149141069,8.408907778962025,1.5404331080314198,33.133352083506516,26.385122351747626
2005-01-17 09:24:29.097416187,4.296991670684173,8.648907632535263,1.8459793363214025,32.847351886709745,25.730387658676882
2005-01-17 09:33:05.935106484,4.3393313345402165,8.844430513204111,1.8852748072635368,32.414521646463875,25.62425872298576
2005-01-17 09:42:51.928765257,4.344400439239898,8.82721016106115,1.826660494117658,31.896902299081766,25.077237649641
2005-01-17 09:52:22.144847619,4.431789586490743,8.87678223557928,1.810627544139822,31.721715764948403,24.870415471579
2005-01-17 10:02:54.201767516,4.298024809137115,8.812656051538866,1.8633694047178573,31.579994588954754,24.526802846311348
2005-01-17 10:12:27.394668256,4.476857692394712,8.891657422639208,1.809503461281624,30.959745905201547,24.245376713943354
2005-01-17 10:22:57.654540118,4.599645903356396,9.195324730357445,1.9249354897400075,31.183654861597333,24.13520116354689
2005-01-17 10:32:52.193576132,4.637760833499211,9.170334371948929,1.8524022008611656,30.922587106193667,23.82363948594124
2005-01-17 10:43:01.398383258,4.648576576177725,9.285896803027894,1.91138090184975,30.834026941875155,23.790884407013152
2005-01-17 10:53:42.003680627,4.578264931033759,9.519727989699534,1.9207232930292886,30.68023172525867,23.428075425264502
2005-01-17 11:03:40.340088227,4.784153104306347,9.460066350954547,1.9327954088195616,30.606783065655723,23.761295225390143
2005-01-17 11:11:16.722505783,4.904830177391876,9.612244237304118,1.9523154527729316,30.633388807696466,23.549376323807127
2005-01-17 11:21:01.518316922,4.7438810280841555,9.466077611874626,1.6934258329597707,30.710572586771534,23.189472209780117
2005-01-17 11:32:22.627155754,4.876851952075802,9.762950242329905,1.813774162768649,30.507597652269826,23.5383146922829
2005-01-17 11:43:26.173350818,4.939661798952572,9.849358245706929,1.9306990437131117,30.764489228504104,23.54768283632418
2005-01-17 11:52:36.915121364,4.987551539763634,9.93360663624585,2.200089901148472,30.480052219892215,23.4066329029656
2005-01-17 12:03:40.281875863,5.092567782595069,10.086074186150752,1.973058797191674,30.69425380979177,23.394642084150465
2005-01-17 12:12:18.730067026,5.11043974908995,10.0389956322235,2.040715869592702,31.153547386608,23.593445940285832
2005-01-17 12:22:49.376981395,5.094731599146716,10.232910320864383,2.122625285843941,30.891338681077823,23.83469070847843
2005-01-17 12:31:47.935188201,5.239119737116893,10.28848463399653,2.0475388910432075,31.032367424745406,23.70928869060367
2005-01-17 12:41:43.581857651,5.1521901729053345,10.567456983788205,2.084444615447158,31.10452475825031,23.708026116282223
2005-01-17 12:52:35.083648289,5.142534984330513,10.575072012855253,1.9999484473543783,31.20192819972115,23.989951624625114
2005-01-17 13:00:23.083036740,5.355504193983022,10.534585983217445,2.08653875323477,31.475344172705682,24.204216505054617
2005-01-17 13:12:44.885400654,5.410805142459704,10.717402896757454,2.1412199132843988,31.853334516553083,24.323161639479103
2005-01-17 13:21:50.305516749,5.542056693826963,10.86347457837224,2.1508818215549894,31.9281839350501,24.479744665136003
2005-01-17 13:32:17.177212580,5.422774190127041,11.021506865334402,2.2710661751509225,32.075247164056144,24.50182942716012
2005-01-17 13:44:03.789333227,5.5765191354836405,11.110543620714944,2.2996790890303203,32.337440504082885,24.734125018091625
2005-01-17 13:52:27.136872501,5.644526654622969,11.045162524715906,2.3327958197354963,32.54799154690158,25.037242889434474
2005-01-17 14:00:51.497958971,5.59817860695976,11.254747989635693,2.400953571862604,32.7056755109203,25.076207735202512
2005-01-17 14:13:26.168295825,5.626242401575405,11.085445487008567,2.1688337809300138,32.93447860544507,25.296430779722133
2005-01-17 14:22:47.680587267,5.89563457205257,11.678952921573678,2.276474603618528,32.88605418467334,25.510640684713742
2005-01-17 14:32:14.809918379,5.552124709356017,11.386020144542474,2.22735800238396,33.15593261939631,25.929056290467223
2005-01-17 14:43:35.648044912,5.798092038549708,11.535136981610323,2.2973867756903483,33.5536908699227,25.975170373387886
2005-01-17 14:53:05.155275095,5.666065574590108,11.617587946851058,2.2057975317180296,33.51954209944782,26.126136272371753
2005-01-17 15:02:37.574218808,5.859112069609429,11.690076776796726,2.338229976107248,33.887148515613724,26.30181239609203
2005-01-17 15:11:24.118961551,5.966801264645701,11.738497684096847,2.401727070796166,34.11612602058432,26.26927346390469
2005-01-17 15:23:12.366203481,5.934264314270684,11.819331544471185,2.3674727715283437,34.33242441827,26.561605295679218
2005-01-17 15:34:12.970420442,5.964712345859322,11.926596800189603,2.3854328565371503,34.64776874604643,26.806029657691756
2005-01-17 15:41:39.713534617,6.023540479770273,12.095486280849869,2.4689917541781456,34.555149015458895,26.839414988707208
2005-01-17 15:52:01.435865273,6.039495024184187,11.868555479482533,2.420815187692711,34.849848333294965,27.24398965236906
2005-01-17 16:03:55.537622624,5.984506972349452,12.107294626157518,2.482745288441027,35.1019472805468,27.482198776577267
2005-01-17 16:11:54.064592613,6.09358865834607,12.170046840225538,2.353975529245584,35.42443460302835,27.512762446134495
2005-01-17 16:22:13.793536569,5.9797121793343875,12.266030166833982,2.5255640091233365,35.49571202902129,27.710346281502652
2005-01-17 16:32:48.018935519,5.964259638815849,12.252586931327068,2.582894679718476,35.71522346003011,27.731452092404012
2005-01-17 16:41:13.851989684,6.07958822355976,12.233066464762082,2.4391630234534514,35.71891634429713,28.314712809554795
2005-01-17 16:53:57.270466668,6.272399548867788,12.267057519692612,2.465182395586612,35.97198809940568,28.357697831079335
2005-01-17 17:03:33.235009319,6.244147439822041,12.223953175595705,2.3284544771015256,36.217223733093284,28.48896011936623
2005-01-17 17:13:27.566574858,6.0754418506974055,12.390197309918088,2.522065753130706,36.36713180662081,28.577692706234295
2005-01-17 17:21:18.237914970,6.151819877638218,12.170871837988333,2.4203635447751104,36.31481176099403,28.430412302373487
2005-01-17 17:31:53.322484093,6.3109020197583,12.411236752986282,2.4627423069086594,36.571061386364356,28.823001806309193
2005-01-17 17:42:40.436363034,6.345390857265442,12.232538728309688,2.325871388247032,36.475686197023464,28.957278436376225
2005-01-17 17:53:51.064468614,6.226517113701278,12.535106947843637,2.604920890938353,36.65161032341252,28.94796984884285
2005-01-17 18:06:54.837881507,6.11939873597954,12.277899396417222,2.4021529917504414,36.90718225689078,28.924217552413136
2005-01-17 18:10:48.174471635,6.164010556472964,12.380076972342174,2.3718673581131244,36.917388679002535,29.115414512660536
2005-01-17 18:24:09.577316637,6.052562345139923,12.497997009379871,2.352240390681203,37.0158350643582,29.006140578116014
2005-01-17 18:33:43.252843745,6.201867344280218,12.3212253973827,2.409939406789,37.13356887695786,29.332464212268683
2005-01-17 18:42:06.934928188,6.323686212666425,12.357170002870403,2.435363662136881,37.16590137971874,29.24253086884299
2005-01-17 18:52:16.115899790,6.206860699351857,12.169633524903281,2.4339896299177637,36.99645703526946,29.36107194421014
2005-01-17 19:02:26.895800145,6.024390148093142,12.332026009108453,2.5383287113175097,37.13628381404363,29.35014532317096
2005-01-17 19:11:00.869838543,6.11286978323508,12.513457984003166,2.37211874790283,37.06238542494435,29.395906424059454
2005-01-17 19:22:12.048910282,6.1928489076871385,12.434571780693405,2.4986062011947663,37.181664627807734,29.554499506669046
2005-01-17 19:32:09.213035200,6.253061415200184,12.360974357160565,2.311995163314438,37.25758581324652,29.48134137829336
2005-01-17 19:42:44.479370813,6.1657357713545,12.29634589593239,2.532961079656854,37.10194549253543,29.383729711851522
2005-01-17 19:54:06.835495959,6.1667323948442405,12.212392440876801,2.550265356713595,37.15515367803093,29.361829926626044
2005-01-17 20:02:04.976074243,6.192299656261946,12.293863096312778,2.292992509622133,37.13786040253998,29.3015472558544
2005-01-17 20:13:03.519925170,6.089659071256381,12.197914593862034,2.4167211601533474,36.96390551976545,29.18298126255304
2005-01-17 20:21:35.503210902,5.81484876834012,11.968561963076654,2.537170068973983,37.23118776457934,29.343351322040657
2005-01-17 20:33:36.808968402,6.195984148743165,12.066624240152283,2.4121621147362635,36.800250800996054,29.048625474500245
2005-01-17 20:43:20.294178164,5.924063035887841,12.03413920391898,2.5525664537346255,36.79488133538352,29.25198271333808
2005-01-17 20:51:31.732544743,6.18470180271938,11.915226446667283,2.192528526487425,36.501858533327514,29.06150963408631
2005-01-17 21:02:22.353399815,5.808473862048877,12.006729932410455,2.329326008334433,36.5395097786544,28.80658714287897
2005-01-17 21:10:37.599624088,5.854276674399441,11.938071892417438,2.270789941340463,36.53760126372619,28.74779266060249
2005-01-17 21:23:50.591359341,5.928214301688437,11.63683763628408,2.3985065763678595,36.36682545604918,28.539487695258096
2005-01-17 21:32:11.483980027,6.10667082883671,11.724173386572394,2.3630636738380626,36.13648194183645,28.642080683737667
2005-01-17 21:42:38.276461536,5.987711077789324,11.597857887210605,2.3480228361568267,35.90916692255872,28.55303901291565
2005-01-17 21:51:44.609322277,5.712103300377911,11.709584924586022,2.300486188188806,35.88957593771131,28.27284962140209
2005-01-17 22:04:39.572295285,5.600263346221226,11.648432325730644,2.364820411691207,35.66034706641823,28.23997764339992
2005-01-17 22:13:32.977718430,5.724612401385506,11.460829463480035,2.4474534474211227,35.3736609455254,27.862328957371027
2005-01-17 22:23:32.452920419,5.651140154640435,11.475657565564179,2.3644320164653894,35.186373336530316,27.714628763982827
2005-01-17 22:35:07.864425976,5.696570932423441,11.312508110286018,2.092572348894464,35.08582426918613,27.729506470201358
2005-01-17 22:41:54.779144748,5.633250228032528,11.311737111525352,2.234591562543687,34.7925413921031,27.440202538935
2005-01-17 22:53:57.247362235,5.532940355988988,11.065342636022399,2.2586931607127916,34.74142277365832,27.092354131608932
2005-01-17 23:02:28.073888522,5.508933924253645,11.049466971382088,2.4889198698414776,34.62092266758633,27.01507357322871
2005-01-17 23:14:10.537405195,5.498511285482788,10.875027544999593,2.1736733361014866,34.28812703670764,27.076651365308425
2005-01-17 23:22:28.988525666,5.399261331875609,10.70931772943687,1.9355101819796523,34.25014021210006,26.634906108463273
2005-01-17 23:33:42.000301735,5.5314830327244175,10.78772877063594,2.1707819709321647,33.80572819771732,26.52900058774286
2005-01-17 23:43:12.611511451,5.382616331375008,10.717817042480021,2.1817677465961136,33.51576805951552,26.27236487258108
2005-01-17 23:52:31.762234756,5.388522883970685,10.606643515152633,2.0845897974365717,33.476294874450836,26.08482292067299
2005-01-18 00:03:32.898629430,5.3010927683188545,10.167598054370753,2.210430485650076,33.05609671840996,25.681787275212002
2005-01-18 00:13:31.050416968,5.273966150797062,10.278518815674312,2.0290994518287984,32.83272804212361,25.717325131046806
2005-01-18 00:22:39.488493777,5.062243374638751,10.439218793815733,2.2026814972941735,32.71435349180956,25.370602623081545
2005-01-18 00:33:00.891575633,5.141547120673903,10.22938430773606,2.133802365290369,32.37678618019024,25.208441897330697
2005-01-18 00:42:40.837133256,5.100283508278596,9.925954815423218,2.0023726677566325,32.20998504795087,24.96951585593141
2005-01-18 00:53:27.174646851,4.7177540268122184,9.904889737883696,2.179425697720508,31.923644430988933,24.850312680587255
2005-01-18 01:02:14.498765390,4.8292861112711964,10.095264701598097,2.04497147507656,31.74030761017564,24.531276035385375
2005-01-18 01:11:30.285067736,4.698725344251619,9.746722831405929,1.9334149244948697,31.27229151039821,24.25883848251405
2005-01-18 01:22:45.059706891,4.861988970540002,9.71412218996705,1.8969610954167553,31.090300765386893,24.15851447595108
2005-01-18 01:33:44.358987496,4.864983239671434,9.62554438639718,2.113221063101959,30.97871849382198,23.90312031411352
2005-01-18 01:44:03.225359885,4.824803990594547,9.41330355064783,2.04274612968606,30.525254555201233,23.495996370104788
2005-01-18 01:52:26.429928499,4.576389444801787,9.501061095904788,2.0258955154882696,30.516741139423416,23.504216623786007
2005-01-18 02:03:02.511232826,4.5954201002950485,9.408598732086503,1.742485554237119,30.286164888938195,23.23715558667377
2005-01-18 02:12:10.057233142,4.690938835007015,9.401017779583515,2.071211562647781,30.13769391714391,22.931655048896946
2005-01-18 02:22:49.759447302,4.67275506381139,9.170722462060573,1.836172059044367,29.91024161139621,22.774628016747197
2005-01-18 02:31:51.546834444,4.656144548336177,9.118549342922854,1.6621898704585476,29.498400957764854,22.457154699096808
2005-01-18 02:43:59.655408981,4.5917642384408195,8.983179547223772,1.8984249581475385,29.205284989481697,22.444713922422647
2005-01-18 02:53:05.051631022,4.462517197871901,9.094498185181086,1.9309576656718086,29.007205390576303,22.15652053648012
2005-01-18 03:02:29.991050127,4.424493437274151,8.980276414916677,1.5736231883588583,28.677829425463194,22.083171294096864
2005-01-18 03:13:45.676956074,4.494216098385111,8.934574430855033,1.6224977272113443,28.621081452871486,21.60039535523199
2005-01-18 03:23:16.830730118,4.547274179383124,8.981621619388388,1.7849093990514495,28.36773881417358,21.406295812904602
2005-01-18 03:33:08.555804618,4.375229674173163,8.768318758366334,1.65198482844676,28.127068473380216,21.42611031760679
2005-01-18 03:42:39.165057253,4.311479713902106,8.754065956480245,1.821349590145468,28.132052733119735,21.12822099686811
2005-01-18 03:52:31.689254072,4.338118706249527,8.733265641390657,1.7628663586408084,27.7431811959063,20.798695068145392
2005-01-18 04:03:40.111546469,4.283864235993615,8.586541052682348,1.723693869335396,27.457338150858025,20.899401155891518
2005-01-18 04:12:59.059885345,4.416334891114248,8.7362848098284,1.873450442851672,27.220314425204513,20.56226812399843
2005-01-18 04:22:16.411389975,4.311238765673215,8.711587269730591,1.682693213102145,27.22459245400006,20.382674655694366
2005-01-18 04:35:01.116355716,4.054367853393413,8.508905781635232,1.6119852010614941,27.063343602219767,20.34576084036374
2005-01-18 04:44:10.149769697,4.190485232167732,8.516090511490251,1.7464456180596202,26.930789770609177,20.203035928099368
2005-01-18 04:53:58.363048664,4.217125726952015,8.519548474405354,1.742861268458888,26.637426769129817,19.898961574703186
2005-01-18 05:01:55.923158449,4.0810039171617785,8.495770204029325,1.7806597878628578,26.862629589449277,19.9241190105249
2005-01-18 05:13:04.863833946,4.284695432661665,8.471831592556635,1.7040286351709564,26.575742058874035,19.669566783040228
2005-01-18 05:21:36.937118250,4.3422343261751815,8.443478851307317,1.6770240723121157,26.346459005598643,19.692064078904384
2005-01-18 05:31:35.479342424,4.2983474944213125,8.467003551333834,1.6402416371260915,26.3253759579622,19.451303138589594
2005-01-18 05:41:11.315563804,4.167096117546983,8.348424182462326,1.7061363508218645,26.40060991348273,19.63947038834604
2005-01-18 05:52:32.112136795,4.177836001672596,8.518255749938051,1.5665072698657907,26.12115389016057,19.443042727911482
2005-01-18 06:02:42.613353413,4.16168595455794,8.49647847393942,1.5527261552317517,26.036218333656585,19.439101828110825
2005-01-18 06:14:17.095732423,4.3333554214046055,8.27126930109344,1.6295591869044455,26.197693231855776,19.36414730017283
2005-01-18 06:23:34.925074794,4.159233715186728,8.480952696783765,1.7087864120575356,26.159500437498323,18.941868042559488
2005-01-18 06:31:40.476164437,4.316253576373318,8.651340477820542,1.8035767652242618,26.072176532165326,19.15796502374022
2005-01-18 06:43:42.386515152,4.209686860833815,8.360716174768214,1.6495052052225203,25.81224140296518,19.13965979368549
2005-01-18 06:49:09.715557983,4.352752468981391,8.47962504313794,1.5749766115635693,25.829395071186063,19.037830067831663
2005-01-18 07:04:08.611165243,4.166529518048069,8.684513298160814,1.6474109773089511,25.797014695886027,19.021793433973304
2005-01-18 07:12:44.854011700,4.130981469282318,8.504760902923525,1.6538515426148768,25.68897025332771,18.908111830908357
2005-01-18 07:23:02.453512440,4.371662511670109,8.559451160763665,1.6342611196076955,25.76613100013482,18.996334784481306
2005-01-18 07:32:41.996888072,4.353735817117489,8.707979609877423,1.6444389224526963,25.90714197023416,18.809393262007337
2005-01-18 07:43:19.764088222,4.505454199835881,8.795945102575178,1.7967561913498271,25.87157980524865,18.970648557628248
2005-01-18 07:53:11.932061759,4.284098207183942,8.678616647589532,1.6355152767632837,25.770868406900348,19.001777677066933
2005-01-18 08:04:07.843318600,4.2569608746293515,8.783081636588891,1.7480681851461943,26.02888212581265,19.103809068276167
2005-01-18 08:13:45.784970215,4.5991546694793595,8.625498587599562,1.9115245607650775,26.038435785866053,19.266129825805496
2005-01-18 08:23:11.991203385,4.345284095591376,8.802999461534196,1.9274498117683694,26.078571962445935,19.192594866113318
2005-01-18 08:32:05.117216185,988.3258035116804,134.03235655410415,13.496401496138148,20.419755434062587,17.940618536055954
2005-01-18 08:43:53.198765915,1011.0784774050836,151.4522687811047,19.257007860015456,42.341818905409475,22.78302974966521
2005-01-18 08:51:58.132973687,-5.183452141661209e+40,7.911881775771211e+16,-14791.502606323425,-1.2487761957858456e+25,3692008940480232.5
2005-01-18 09:00:36.080625078,1068.5436668214302,189.7550296093888,27.773568163842963,61.21738895088219,28.40647579723729
2005-01-18 09:12:56.094112424,1147.0616224464177,218.0437106109116,27.32708859140971,67.43265789008193,32.11101264378278
2005-01-18 09:22:02.462125192,1089.30953718137,215.365609356263,29.104311587604546,73.51542925966629,29.515015625972598
2005-01-18 09:31:43.650550198,1084.8621790388152,221.68168916622346,30.450158537581892,73.92900435931791,31.919046124880737
2005-01-18 09:42:57.076956457,1446.9501306322366,305.3327807801832,35.035209665858574,70.04320774404835,44.324345992829585
2005-01-18 09:54:37.873182185,1512.5414154447005,284.8048513947222,35.03789249863044,104.09180421764239,52.88050490761141
2005-01-18 10:03:50.119782322,1537.1914905533033,275.2383560817166,36.963635892374874,84.25567639374107,35.45205910988117
2005-01-18 10:11:58.658768021,1515.1243328140954,295.804791130608,36.23511669042206,102.51180589726204,39.495301232386026
2005-01-18 10:21:58.255482649,1597.2579121805184,280.28185855837023,36.68114451819607,87.85907431297085,49.419695174651515
2005-01-18 10:31:44.278880580,1636.7157656172046,269.6918953771708,37.626386422386325,87.88215661318306,56.591741964235176
2005-01-18 10:41:58.843025954,1655.3710402568668,286.1069868477046,38.76430391438039,104.67865304472042,32.646496874235446
2005-01-18 10:52:28.749065601,1478.471567176572,308.98358790134523,40.80389142375624,101.01640608526313,32.912916607284785
2005-01-18 11:03:11.557623840,1485.9349217287652,286.2594193363021,39.54311198800672,97.8161695990931,57.758751049023324
2005-01-18 11:12:21.401076268,1716.5105546711798,284.85635720079125,33.70850604206063,107.55479745951048,57.739128513354125
2005-01-18 11:22:43.728353700,48.06057450749367,95.97701988787054,19.318030607454695,93.06542719098076,50.315025626827186
2005-01-18 11:33:24.950339520,36.108520094014374,71.87311957239906,14.082077277580401,78.74871644094442,49.001599291580305
2005-01-18 11:42:15.402739974,27.237914075350343,54.27811798176086,10.794484822278825,69.43377285240516,47.62143280701963
2005-01-18 11:51:50.756194944,19.844043641210593,39.59151441555831,7.939856545384038,62.024672357026624,46.04051627825945
2005-01-18 12:04:14.953553527,13.656494549951026,27.42354326171909,5.599322619882256,56.147116040082786,44.190444215715544
2005-01-18 12:12:57.220399244,10.88028693287131,21.963008180732647,4.482844994199366,53.08499601972941,42.70228216611592
2005-01-18 12:22:09.462700246,8.800953966461574,17.993162067290253,3.682445116697368,50.684184122599845,41.58081972738599
2005-01-18 12:31:11.339769401,7.731453343654164,15.53188170227545,3.139639878975413,49.13733634379703,40.27146441637945
2005-01-18 12:43:21.475087730,6.948201660463084,13.76919735134155,2.8265192808345354,47.14519434862376,38.934599402363425
2005-01-18 12:51:25.685508280,6.61741457875265,13.009783944797654,2.7126150816667174,45.999309322221436,38.00690441170637
2005-01-18 13:02:42.371419062,6.171980945770149,12.464462218242431,2.3744125025599465,44.872355624145385,37.15925822849143
2005-01-18 13:11:08.046061981,6.206564250706244,12.223045331836564,2.398379303000806,44.223303803595336,36.410789912615606
2005-01-18 13:22:00.797217639,5.975138909824413,12.035203176757719,2.5355281030776484,43.33482784989752,35.51700487295611
2005-01-18 13:32:45.037383902,5.806975020284618,11.860312867256399,2.5063041129297576,42.461478649990916,34.91082976622606
2005-01-18 13:41:52.852508407,6.067412507137174,11.975042409742795,2.414920186209268,41.97193773326858,34.417965323098784
2005-01-18 13:52:40.545584059,5.952474821276794,12.001801277289452,2.369814412268235,41.553288582626315,33.74751797020531
2005-01-18 14:01:46.325443156,6.14282055951477,12.08762198571705,2.456103432511458,40.88739171071299,33.28068282334095
2005-01-18 14:12:23.322233681,6.22701780126598,12.0531596432515,2.421798570077922,40.40093623631463,32.71187845514082
2005-01-18 14:22:48.162097119,5.91821297196531,12.08482284377883,2.2374526463266005,40.29186135836892,32.52619270970306
2005-01-18 14:32:33.513058653,1017.7729588633166,131.64847042798354,15.740184990647336,38.84339740567489,27.62350557615124
2005-01-18 14:45:04.357587145,981.3291677555995,166.4072428312523,19.19626216780865,54.90211862614597,34.88902172834288
2005-01-18 14:51:45.608094864,1076.556891937466,192.9185964490922,24.090621381898583,64.77510669205382,37.632451047027764
2005-01-18 15:04:04.390096112,1074.481680622725,195.7175065203122,26.46034351673351,79.65344541311198,34.61175641194155
2005-01-18 15:11:52.491693358,1022.9476294676315,211.95797449291908,29.53305105525456,94.00231028165591,46.96535150241838
2005-01-18 15:21:43.331675836,1021.0015540182934,227.18886370101134,31.668139197650017,93.24100471649453,35.76422979033421
2005-01-18 15:32:02.884871848,1086.6781640657919,230.2186166226096,29.486413941855474,91.93285666567613,46.01663639267292
2005-01-18 15:44:41.159769042,1105.1468163272316,235.862871706863,29.473670855749486,103.86064357729424,47.98530102145611
2005-01-18 15:52:36.062634754,1047.2881124140067,239.57165430146475,31.14924754848376,100.80843604229752,45.265844966050516
2005-01-18 16:02:40.322236446,1066.8280620538483,220.3317177070292,31.322385265482843,100.81060928210584,46.986966395168686
2005-01-18 16:11:52.260800877,1028.3778346592596,241.18793412558034,31.35888401800097,105.5247645293843,52.925188035746984
2005-01-18 16:22:35.206209688,1154.8546287618724,253.84164134467375,32.35597987946307,105.93820346217812,63.31085692696506
2005-01-18 16:33:12.416716305,933.2233788554329,217.5723612189522,34.233554374219665,110.28509424899869,48.82894926917736
2005-01-18 16:43:07.018800431,1121.1776554756143,229.5774826027672,32.937396542384505,113.90870910247511,53.38719021372009
2005-01-18 16:52:06.089772862,977.3181124115525,235.59999478316428,31.71493570351044,105.24338196986774,50.47833173008303
2005-01-18 17:04:26.368935258,927.678097202149,238.27464679078983,32.64915456590694,115.01726242104326,59.057001943636436
2005-01-18 17:10:46.251320715,1024.1336188265095,219.34000538180695,32.52287001753374,109.805902787385,60.20144264564495
2005-01-18 17:22:21.777055672,1012.9118180546012,228.73980442195423,33.338232924124945,119.78512569341981,58.294332686451746
2005-01-18 17:32:38.615391505,1056.228545465686,240.22884386012063,32.242944289208125,105.85439654124502,59.671709124722256
2005-01-18 17:43:40.325108833,981.6768031576036,242.80088800589908,34.31707417058606,115.74234936916632,62.532816744926166
2005-01-18 17:51:41.412516333,1113.2609295425366,233.6896520633288,31.40769377132097,119.16378679995191,69.89023289088306
2005-01-18 18:03:37.396958426,1026.16506564222,232.5125079252462,33.29172191237134,132.19860054882358,54.71614019262975
2005-01-18 18:13:17.423090826,1027.4074283060143,215.1446424206328,31.94230431074737,121.42951978954927,60.87602548450096
2005-01-18 18:22:02.880726991,1122.7736273723194,243.16274858702968,31.66481251567429,124.65251249426309,74.82542307474458
2005-01-18 18:32:50.520980836,1103.127368760044,244.37597312085725,32.280809468619175,125.11836415336916,72.01086888195076
2005-01-18 18:44:12.435867290,1116.7627506524634,237.32497345332624,33.21862098174389,125.08744557220732,72.93200346188002
2005-01-18 18:54:34.072338329,1070.056969366621,237.42501287095388,34.19941997983906,117.58786494563968,63.224350473959944
2005-01-18 19:03:53.923669148,1074.633861999321,238.43485990351743,32.99492029070386,116.9264619278717,63.290541026380374
2005-01-18 19:12:36.932918195,959.413496860602,229.0125362608232,34.19718865875814,111.94298036100705,58.4960138961074
2005-01-18 19:23:03.746584456,1048.327745047436,233.90994935077026,31.680926604151878,119.29384018593422,58.479915613803506
2005-01-18 19:34:21.066866587,989.8339828233395,214.30858919681768,30.476133112900015,120.65915501278067,66.13613354317252
2005-01-18 19:42:30.581064680,1035.9530869308287,224.18458576512498,33.09006487823568,119.32080954588852,65.17411406824648
2005-01-18 19:53:49.834216130,941.6391418662428,221.04185005810245,34.79225484388272,120.85527766340307,68.36063532280986
2005-01-18 20:03:21.805711658,1092.9730145283017,236.6330083038362,32.77359179408781,111.02850404441051,69.36693405389666
2005-01-18 20:11:26.379336176,1084.8483246229264,236.11900556891464,32.47337335168508,122.3571512500209,64.21021552150528
2005-01-18 20:23:00.594918264,1010.5695965039007,240.6830557222663,34.17563343228334,111.98232643925773,64.21107446384903
2005-01-18 20:35:03.018827397,1027.986747918458,251.5515061282656,34.495716030644616,119.20620330139683,60.643838559176075
2005-01-18 20:42:36.214564563,953.119029992015,233.49860299124956,32.81004046893749,112.33226170300878,69.04745389711448
2005-01-18 20:53:12.202589854,1041.4009567042935,249.3147220369511,31.91628293160592,124.01893681514748,64.85562668075235
2005-01-18 21:02:38.778855418,1070.4036475788325,234.15806177815034,33.78726587601768,126.23220484079441,67.5589774758973
2005-01-18 21:12:57.720553924,1133.2825715112558,233.08089238928181,32.265571286801865,125.73823502814835,70.2957983077544
2005-01-18 21:23:30.711583448,1121.8558888120444,231.5392701841012,32.49907967439376,113.02968543337731,64.77749762732944
2005-01-18 21:30:46.755692682,1162.5758004907825,238.68396134203095,32.66801293794323,117.8244186193397,69.21907254885639
2005-01-18 21:42:37.285350501,1063.5675902051933,242.4549098106736,29.836844819468844,116.69496984010246,66.02480610827986
2005-01-18 21:50:01.091775228,1065.660158329305,204.05531228180365,32.74959636627913,119.98172361761841,62.79797654483293
2005-01-18 22:01:41.216128445,1132.1993023531902,242.927863064357,32.190776060239024,120.14000582347899,62.446173774046
2005-01-18 22:12:39.364807201,1093.6494073335518,228.8640786261561,33.391308191587015,123.13112024525118,65.53472721506127
2005-01-18 22:22:42.293765469,1067.8926061918692,221.42861208056541,32.76454606517935,123.66397368190762,69.13697554398696
2005-01-18 22:31:43.328785565,1007.5607611873489,237.30705673656857,31.910704417546107,115.68497842424341,67.08636838228868
2005-01-18 22:42:38.406752735,1034.9631429221495,251.21908565885042,31.969980458408823,123.59982236334751,68.56166897156747
2005-01-18 22:52:18.332110456,1007.3775028931723,220.605103102086,32.26516420180678,118.09066758207676,73.02607043957511
2005-01-18 23:02:01.758613187,1065.8444364376296,253.59473210886526,33.86391604828604,118.72222516857018,71.83023030762763
2005-01-18 23:11:27.811833064,1025.473619397482,244.58218603942302,30.584262080746132,119.68268662420736,66.99860799755469
2005-01-18 23:20:57.324396167,1031.987817161223,231.32655607674917,31.253641613457134,122.18382901266567,68.37784275113742
2005-01-18 23:31:27.281015747,1046.4143243405738,241.25870367666656,32.25659691566465,122.85291335605484,65.17232726941016
2005-01-18 23:42:29.541444957,1021.7747740223242,217.9625480184855,32.99056002568123,122.31520017783762,64.7632391939494
2005-01-18 23:51:53.540681190,527.2831951761419,-9226970581.121433,-151185.8258493326,2575976922758705.0,-422858.51565511303
2005-01-19 00:03:45.714319997,1110.382648046345,222.53645397094846,31.353118483646817,112.8658438012588,67.92090874974289
2005-01-19 00:12:20.878168287,1076.6136525325444,233.64255448966367,32.495903345747756,118.03541118484767,61.91018439821491
2005-01-19 00:23:05.986066756,1010.6604646921247,221.17460867290055,31.607759568557263,121.0093694511974,74.9498616741527
2005-01-19 00:34:16.382785354,1174.5588481788247,236.45459900106928,31.83885569847105,116.08480885775843,63.056156430882325
2005-01-19 00:43:06.931743871,989.7228606275626,222.44805896183152,30.78296164172786,114.4058260288941,64.47081500213946
2005-01-19 00:50:50.642889674,1052.285349400861,230.15904690479658,33.149339487405975,115.41825583883461,68.17585413843393
2005-01-19 01:03:33.492780942,1079.100412389484,222.67827399713684,33.30594296027881,115.37760952069961,64.4298074711939
2005-01-19 01:13:22.703996270,1040.8175988785435,215.23844004586198,31.60197285596118,106.88556545411122,66.41044659830384
2005-01-19 01:22:00.001019113,1058.3411351899128,241.04393704351432,32.980646902220656,122.44747192512887,69.61520716592523
2005-01-19 01:33:11.200533836,1049.2503806780305,220.56321346868535,32.07016056674118,114.69681994969191,56.636520764228884
2005-01-19 01:43:16.889628145,969.2643770317974,232.46319451672503,31.770826868353833,106.28971789174977,50.94328258037014
2005-01-19 01:55:16.464672499,1043.8422706420367,218.78260173414654,31.44117509307319,112.23427595439982,66.26640569949447
2005-01-19 02:01:43.855311881,1066.337651009628,233.6705051529524,31.903204373509897,119.96134614405467,64.51700085771142
2005-01-19 02:12:11.761024696,1069.193912722695,218.96833668287837,31.254391967918348,116.14655706342293,59.31966344825187
2005-01-19 02:22:12.073461570,1143.2783985402446,219.1979159477977,30.648495121562647,103.87750922933247,66.62942124287915
2005-01-19 02:31:33.220856853,1079.2452591597407,241.40156996048003,31.60094275682329,122.3464658306609,64.38199826200997
2005-01-19 02:42:46.064607662,1087.586629802242,250.8850017047712,31.440166287430277,121.9706411741342,63.25772613555597
2005-01-19 02:53:08.250707142,1082.2035117456637,231.49167792828794,31.52285292392132,111.9539072491128,59.661444825274245
2005-01-19 03:02:23.422993308,990.640689506886,223.7245374890026,32.23600773502937,113.53521097247014,61.41237321746399
2005-01-19 03:12:29.411380512,944.8907444083836,227.91381808193577,31.612634768241193,121.04215420305829,54.180712111218696
2005-01-19 03:23:16.279775218,1021.9771274552652,220.47690058446463,30.823667803896782,114.39160722576952,64.50547928204703
2005-01-19 03:32:16.683643254,1110.3478346496595,230.55379709950859,29.808294340405677,107.16172213546643,61.819146959326346
2005-01-19 03:43:09.926960494,943.5914048371407,231.26949926077367,30.457074276853692,109.35024365616815,55.00750612644783
2005-01-19 03:54:24.464936845,1092.6374678203597,237.4823909885294,31.85001929905942,117.02795012317638,58.916141758479945
2005-01-19 04:03:48.689081280,958.5289686989482,231.86276164906113,32.67189059095001,113.81550331778878,56.44727744787839
2005-01-19 04:12:55.394173567,979.5303481027458,231.21602041757797,30.76597471331135,112.82629578774086,74.20150793471335
2005-01-19 04:22:12.827875716,1129.2225975251592,231.0310213716697,33.407469839926435,112.10439379819667,65.4914536104746
2005-01-19 04:30:32.922284975,946.2498477255631,231.36318783926504,32.85319933403661,116.26787419200873,54.91347062708712
2005-01-19 04:41:48.880381608,1038.5900210480488,228.74656888137454,31.741607127975314,110.97496705063797,59.160999690682786
2005-01-19 04:52:14.589210854,1107.947204160575,231.14829825942462,30.505879060412465,100.91845670438838,62.854138142658265
2005-01-19 05:02:43.575631957,1041.9760849319562,227.74445155567372,30.61174153903385,106.69049199395434,56.3350079327048
2005-01-19 05:13:27.212203524,1111.1870278499573,248.43820353509338,33.53900386710495,115.20661611167726,63.79445024415558
2005-01-19 05:22:10.675002606,1087.2599482778319,230.64163593263777,30.465168918254523,115.48725629069784,58.53459651158195
2005-01-19 05:34:08.885602532,1092.8497810210129,236.1377324847778,30.71823038942483,106.62993422438014,59.882421141303176
2005-01-19 05:43:34.295562133,1135.0654902295187,217.82282085936487,31.473339254023266,114.3323248496845,54.39586718740314
2005-01-19 05:52:03.918452323,1078.5098447337773,246.00940018683679,32.15095809978363,109.60337876928526,66.86452282116733
2005-01-19 06:01:06.911453016,1053.144823040123,231.01659407600812,31.74686257442478,105.46187790049188,57.203679405361584
2005-01-19 06:12:48.598453006,985.700702270301,229.11730387819802,32.293108529465904,101.61952302861907,51.15418098698314
2005-01-19 06:23:47.619859275,970.3003091252165,244.28122917297475,31.810107126247157,110.59423380196738,61.64876593579652
2005-01-19 06:32:29.308767945,1019.2290801436532,232.58583665773907,32.57182671261058,107.59375760116727,56.9683308160915
2005-01-19 06:42:02.389048242,1040.4616885411633,220.40769875743214,30.317916479440335,109.40741563069648,61.963409211337854
2005-01-19 06:52:16.282321649,1065.801252868544,231.07785040985686,31.551557503299918,113.8847984136484,66.70448719168232
2005-01-19 07:01:19.297820284,1079.1302360347274,239.3880037536895,31.428629774725902,114.75534194091826,59.951016697411475
2005-01-19 07:12:33.949286809,997.2372876839432,214.17183893399147,31.049314010988894,114.93536612311497,58.50475256794062
2005-01-19 07:21:51.457487184,1010.2623914087001,223.14783056717624,32.339125527755364,115.46332639930043,63.09932671770535
2005-01-19 07:32:10.227327412,999.4148818614937,231.577665798275,32.92533565387009,104.49035951184398,55.06528302015576
2005-01-19 07:42:24.560939595,1076.332594980141,237.3033363860142,33.69843825222998,109.34092317215526,59.129980937799765
2005-01-19 07:53:30.210431867,1054.3394862256973,238.22823678971275,31.380133503513584,106.63016301015175,63.22341907010675
2005-01-19 08:02:48.306691643,48.885634718699386,97.37899946262414,19.48938015485132,102.32041176677224,58.60250822361015
2005-01-19 08:12:50.830682644,37.127619714237575,74.70245013770467,15.00436122173089,87.55190765392732,56.50264526490018
2005-01-19 08:22:37.788404737,0.8268802743900159,-69.11316502399367,-205.42025746248606,-1430112511158.8057,-0.003151345255529455
2005-01-19 08:33:31.558833486,19.041252222119954,38.164438150229984,7.742594386438365,66.88927771425777,51.26554483740257
2005-01-19 08:41:01.448043586,15.090312836331991,30.19039375944351,6.020790033291399,62.30620816108724,49.37381352782958
2005-01-19 08:52:44.483468331,10.497307945500085,21.626205478734043,4.2967613363209045,57.02070996205068,46.91821676284295
2005-01-19 09:01:21.661282681,8.880023932136675,17.809935664792953,3.6134929364583774,54.081571033589654,44.90389536549571
2005-01-19 09:14:41.934956473,6.897089281449355,13.977471124966295,2.749020504024049,50.742430881462035,42.60831861563029
2005-01-19 09:23:34.171846866,6.454099256145532,12.559817656356595,2.6352246228583716,48.7871702309274,41.2178003136785
2005-01-19 09:31:44.077353372,5.943945054737387,11.962051385711181,2.362326255610598,47.219610708861666,39.70236208394749
2005-01-19 09:43:13.734893194,5.442205573671753,11.263704280520033,2.140639141720756,45.3288568676691,38.132085907917485
2005-01-19 09:52:43.067567671,5.542717305138833,10.914985574206016,2.2264219393828415,44.23185562343703,36.83005315526838
2005-01-19 10:02:19.184188859,5.466058250254374,10.65291853900913,2.098195477511921,43.07573793867608,35.5469884284415
2005-01-19 10:12:20.019003395,5.312841289732581,10.776934975839879,2.1626663490618894,41.85139298335526,34.50910536142694
2005-01-19 10:22:44.494596385,5.266567863513937,10.842326941286348,2.2778621420892082,40.93955131842006,33.604859040626096
2005-01-19 10:33:29.386170140,5.26656630313618,10.763843723681832,2.2067642128884914,39.96927497075791,32.60548444150317
2005-01-19 10:42:08.148226887,5.295417631970747,10.92589500011704,2.187799963601989,39.241157071368136,31.730409079303314
2005-01-19 10:53:43.976294443,5.544741974391758,10.832744284912415,2.254934844134021,38.77151489207397,31.181990433283495
2005-01-19 11:04:14.859821464,5.316123887179982,11.135153908778282,2.255538998057249,38.0896180250881,30.518821288550647
2005-01-19 11:11:58.258118402,5.509256097415242,11.092428291830027,2.3234352236571256,37.490513760981,30.054118706167895
2005-01-19 11:22:51.477889910,5.626233790803707,11.032221560663816,2.315392748299862,36.9483603910582,29.64685523617762
2005-01-19 11:30:07.045167912,5.502111597968037,11.23853001939321,2.3385257999140374,36.70539587448581,29.181190693373118
2005-01-19 11:42:35.176053008,5.637096154450449,11.295789487182068,2.3006920449773784,36.47986407081131,28.723496717843606
2005-01-19 11:52:12.720925053,5.696792281828633,11.29256791417144,2.4080463507769503,35.806230794359436,28.41713747078031
2005-01-19 12:04:16.585390265,5.983241999048265,11.74690551702639,2.336856915296618,35.74038803384239,28.248527266058165
2005-01-19 12:13:46.391583942,5.8744664118518,11.851006283466663,2.1836205500242527,35.549403046683395,27.953290942195252
2005-01-19 12:21:56.574356436,1035.7294317304816,134.1539640137189,14.866917920266967,33.135221765960054,39.700282682227424
2005-01-19 12:33:33.689143586,1109.300042711204,163.5804651716839,18.833824372448554,44.004771788374285,31.73290907967673
2005-01-19 12:42:44.090595937,974.9922411393263,182.81914050537375,22.620896091674812,64.57701354245646,33.009399754613355
2005-01-19 12:53:15.389662629,1045.050715395067,197.32799737113714,27.044743132309563,71.99287017387888,33.905055570423436
2005-01-19 13:03:17.897973687,1061.3408095383293,210.76538351570616,28.299230212854713,90.44819168558713,29.905346001191617
2005-01-19 13:13:18.354712451,1097.7828712461042,225.93548424231668,29.4254519034879,85.46675203730483,44.88423153033121
2005-01-19 13:22:27.988651298,46.70108426453731,93.27456667898778,18.49045642339387,82.37545827033219,41.31119248014865
2005-01-19 13:33:31.009612747,35.64311062472094,71.14032696166099,14.283501702209596,70.76923872792933,41.45990227412298
2005-01-19 13:43:27.500597741,26.488953883692506,52.988216709095745,10.52310995819895,62.08106160044084,40.56926096593077
2005-01-19 13:54:03.126426068,19.29163340020738,38.6264471227007,7.78011245023478,55.49326535618039,39.822674754662124
2005-01-19 14:03:11.937780968,15.035876579044743,29.930925645715877,6.09648043219474,51.71008720071931,38.90008280284719
2005-01-19 14:12:14.996585655,12.003846275641799,24.006945883156188,4.889071129027322,49.27027995674887,38.27610976618891
2005-01-19 14:23:20.022158963,9.909682998526774,19.748124144474943,4.104889099667967,47.08026415517736,37.54563495143845
2005-01-19 14:32:22.856058236,8.636234480116018,17.413862522359356,3.4108497968156573,45.87976571040368,36.926203730570336
2005-01-19 14:43:46.990430755,7.7680873624509985,15.464809710815926,3.0087434629149046,44.81922960621127,36.314118796313274
2005-01-19 14:53:44.590265717,7.472773707004185,14.736390492445969,2.9260280484115992,44.1479252393246,35.69987438827634
2005-01-19 15:01:32.297735101,6.971262563245004,14.284938853488525,2.7762757679417387,43.56721447881781,35.09208945067182
2005-01-19 15:13:49.835239101,6.914791983113787,13.873918714323384,2.7098374369281406,42.69670068860031,34.584672382914576
2005-01-19 15:21:47.720772497,6.84223028814587,13.809984738575489,2.6826019112865565,42.47001194716351,34.32031732539247
2005-01-19 15:33:13.589316374,1053.446103913501,149.10438312888564,15.835652018727009,53.962398656329746,29.967293765385286
2005-01-19 15:40:34.917051427,978.5158163530514,171.8391306265834,19.04994548900765,54.72226529102846,39.7149951795545
2005-01-19 15:51:12.985110427,990.3921477737342,186.18708397061047,24.473069796024873,70.20914704055964,32.49496644499019
2005-01-19 16:03:27.864077864,1077.5138159475819,212.53646960231015,26.71243979745014,80.66958590103341,25.84505065378788
2005-01-19 16:11:55.161973301,898.9585956771896,226.37452268929977,27.06784950209276,83.46285483531175,53.60541439848763
2005-01-19 16:22:24.466362479,1020.4409518469206,223.17357695603707,31.284495735843993,94.55620622585607,44.05289957482499
2005-01-19 16:32:56.420786663,1028.2553500766703,246.5095465069594,32.69675210295324,104.62163626791659,42.43351476975593
2005-01-19 16:42:41.435726284,1034.795148795447,229.20050654656887,31.41715444771142,99.73689880211805,49.11868891975482
2005-01-19 16:54:30.645432814,1045.643157144168,240.3660107639926,31.881632948799574,95.72674955546711,46.00619765246184
2005-01-19 17:05:11.327441721,1038.4259057016234,230.51489268970656,31.768279371086983,106.93614121082021,46.74266550532809
2005-01-19 17:11:09.120253728,1030.3537203399605,240.35145638275108,32.74504761067465,108.67140904812602,55.13018409956539
2005-01-19 17:23:20.169211400,1107.5939375515386,228.43803283277757,32.16340907145405,99.79707478748304,54.8097448661923
2005-01-19 17:32:06.462684619,1015.9949628510185,211.78876355743037,32.223226354072935,109.16568000173146,49.77176464154339
2005-01-19 17:41:55.218035661,1082.949245226179,230.2976411610785,33.19215564814699,105.86201064900007,44.51534753412646
2005-01-19 17:54:03.317822316,1101.6327714069523,233.2896158987564,33.74786569943844,112.19462080660492,69.04597664065491
2005-01-19 18:02:41.051912109,920.3148972631444,230.14836329027037,33.592421108864244,112.82828142479764,61.83967492715922
2005-01-19 18:13:04.160267796,1062.7798425270137,239.6919699580932,33.28158991023873,118.21642311014706,56.97744816110752
2005-01-19 18:22:21.510200440,1040.5168963474437,240.52031461434862,33.79734873101896,117.89618649086253,59.22142363643274
2005-01-19 18:32:34.051596107,1069.1010025184894,250.33951742810976,32.47562911638337,105.46820282602796,62.00020103229574
2005-01-19 18:42:47.395115703,1057.736610340791,242.82762133330579,32.41558974617919,110.56720467279264,69.99013428109933
2005-01-19 18:53:44.523747654,1031.5779738988015,230.4380082162244,32.94985997365419,124.29834589013055,73.70800578219229
2005-01-19 19:03:08.509737524,994.51208314605,231.683489152551,32.22421150476021,114.36000315047964,68.66416784567431
2005-01-19 19:13:08.784618515,1100.0171969353212,247.95425213249044,31.929293844937412,119.78834077845329,68.68333604917188
2005-01-19 19:21:29.082660682,1041.503906715631,229.22683737935938,34.76282769284077,119.67019430031947,70.27927264031133
2005-01-19 19:32:13.843297748,994.5317323577489,235.98230509493365,33.24271089530194,112.08714658192774,65.87630751745343
2005-01-19 19:40:47.848446214,5.9705978167236085,12.010322377105183,2.392302910337493,73.25660062877995,65.23587140267432
2005-01-19 19:52:44.086835494,-17.479202665154524,-34.66312541892107,-6.848270912484074,64.06597126607497,63.77918576942027
2005-01-19 20:02:23.230271389,-14.244737687486598,-28.800828024215352,-5.808217807873372,61.670225215322134,60.70960173362847
2005-01-19 20:13:07.661966085,-7.678244665812853,-14.950786035694643,-3.3209534382491306,60.017181629617674,57.79872687856076
2005-01-19 20:21:15.435035585,-4.403666470789043,-8.890811799643608,-1.5849220872711207,58.664726076239745,55.23080139530606
2005-01-19 20:32:29.402954608,-3.455143830287008,-6.354086329753349,-1.0691860069962704,56.44217148912688,52.62856186965064
2005-01-19 20:43:08.543086146,-3.3028941681350847,-6.962074523249736,-1.4371282613761958,54.26271970476665,50.065911042396976
2005-01-19 20:53:34.384740097,-4.12432815464465,-8.03128711723185,-1.5401104277116575,51.69008170414132,48.19738337393109
2005-01-19 21:03:58.352230043,-4.188989121104009,-8.353643318043222,-1.5658670987721293,49.623241093011835,45.910596898486425
2005-01-19 21:14:23.442683190,-4.130540843051492,-8.523443594771583,-1.5740819798305423,48.39803808115781,44.560624484833596
2005-01-19 21:24:00.310939628,-4.045369475760728,-8.261545079174589,-1.4928259886215605,46.544387605417015,42.92455040227447
2005-01-19 21:33:23.128556966,-4.33098213362472,-8.378917615182603,-1.5780578349904588,45.30305651488445,41.47961081186812
2005-01-19 21:43:00.754804328,918.6988808900409,134.8098320965604,10.961681251860373,46.21144038897454,43.072657441192376
2005-01-19 21:52:28.909219413,999.031301577563,155.26243062825787,16.554692715803846,50.481904212892026,48.304171650818475
2005-01-19 22:02:53.340245877,1129.2163162945835,183.38341779625367,23.942373561521404,73.46169060073088,47.34695895777779
2005-01-19 22:14:07.526672217,1108.780158334591,203.15675802730576,26.9561395019206,75.1924037553846,47.72051626586183
2005-01-19 22:23:28.489163486,1047.9784444441148,205.92796112344857,27.763925395713454,78.52782695027628,39.5001487797247
2005-01-19 22:33:45.576045498,1103.4757059905758,207.06984185106856,29.981314720456627,100.07265392669933,56.47152749757846
2005-01-19 22:40:33.353668603,1002.3921196667798,224.47008910706708,30.707949231781875,98.68023616497084,50.85048056825377
2005-01-19 22:51:53.538170329,1091.591625065048,230.90946273333176,31.633284860189168,111.45236194475585,51.513247432482366
2005-01-19 23:03:32.685522053,1025.4027244729402,226.50553099257385,31.97243277514576,108.2783745880713,56.618696933801914
2005-01-19 23:13:05.481535534,1040.0478303734367,238.01314334058716,32.036129910087396,107.02082057586082,54.378663525773035
2005-01-19 23:21:40.885589671,1155.946199444756,244.66792878373937,32.19191481161756,100.19753988583605,53.770790460783374
2005-01-19 23:32:57.520329565,1062.8755370477863,235.9739503718767,32.92419791574386,100.62150985846623,50.24882491289683
2005-01-19 23:42:32.568301231,1064.5934242130681,213.28292345648117,32.24423109609149,112.85042865481913,57.07158551498624
2005-01-19 23:52:31.421788352,1172.3494905517489,238.42940517326255,32.68334124490768,105.77524886147343,56.09303956991049
2005-01-20 00:03:21.078349927,1013.7172247608069,234.57696776054254,32.29255686198033,112.23324998374726,58.370647209341946
2005-01-20 00:12:48.123786023,1055.3973085363245,238.80669151264308,34.38485461325199,107.13537157399405,57.942828302101965
2005-01-20 00:22:42.363617143,1001.2948669886189,239.41887440461898,32.68454246826476,105.24752457067414,54.14042955034706
2005-01-20 00:32:59.426117899,1042.5368293274028,215.39420597844403,32.4649503293502,105.8499599293274,60.00147011280958
2005-01-20 00:42:52.713314795,987.5328374799012,214.94287485372936,31.681014542027956,106.74868109518495,63.5449516282871
2005-01-20 00:51:34.187241772,1046.7254222788847,228.92605053102807,30.940341772445677,108.94830255258677,56.10184364325208
2005-01-20 01:02:52.998014599,1150.9508594733202,232.78466187415142,33.29792302624644,110.95841984631896,55.361025491308034
2005-01-20 01:12:35.167960273,1096.4103299555259,228.80468111337882,32.6609814465624,103.01442022404507,63.58735830560655
2005-01-20 01:22:18.953066670,1030.4124491810057,219.02457016678022,31.566486731283568,115.5155333262081,61.47995201283467
2005-01-20 01:31:35.056227853,1132.528015726861,230.07917395544382,33.79273802946317,110.612056042046,53.43754720570939
2005-01-20 01:41:21.611152463,949.9766462577129,221.07442925161172,31.717221936042534,112.58966221525105,64.15517028482867
2005-01-20 01:50:32.816330074,1115.8049821471216,233.60666600187298,30.170177539819118,110.47752189206628,60.36604912946074
2005-01-20 02:04:30.816666673,1064.8272853695264,224.52099145418805,32.95049735265745,110.77106826116231,57.16925400673714
2005-01-20 02:13:33.389718470,1044.584667205217,227.25907305402552,31.862545152063383,107.53200463207664,64.38751387292551
2005-01-20 02:21:47.555396616,1104.664846580529,229.6005731513382,32.559542461422566,116.39223378456848,61.03596836410492
2005-01-20 02:31:54.585132862,1112.3947321612238,237.164108985052,30.659933235766726,116.26087110275553,54.983515712050625
2005-01-20 02:40:24.137169256,1028.4153220857947,243.97401662372394,31.14653448184117,102.78378329276661,58.75349001914832
2005-01-20 02:55:13.771469610,1140.760655546537,240.12621312303898,32.62274646032369,110.12794558007471,59.1660542137671
2005-01-20 03:00:55.168543600,994.3868357202285,244.3225014446011,32.306234611696915,110.0820528730944,70.58871887771056
2005-01-20 03:11:27.369675476,1187.3649276374952,227.95224037040433,30.459146631732036,114.11893765702051,56.57940558384536
2005-01-20 03:23:05.116740008,1029.1756232743662,217.22130875959022,32.25684289531453,118.82079403448492,63.03770734862998
2005-01-20 03:35:17.057250160,1115.1401478608034,232.40778648996692,32.657151914340304,114.83370857790271,54.59127475466206
2005-01-20 03:41:18.390236421,1093.9227588525978,245.03370855622853,31.76085981496254,106.1800333939945,63.1429778322443
2005-01-20 03:54:20.613692482,1039.0259497103696,228.07638839888114,33.233128439197515,117.42445525387558,61.05001193971327
2005-01-20 04:01:21.833488516,1080.2598783904946,224.45943617722386,32.907342499181745,109.83278756727101,58.38147727429963
2005-01-20 04:14:35.662437161,1075.3493957474725,232.1129135821043,31.268887406911286,113.86435934936819,59.06083062661007
2005-01-20 04:23:15.437759076,1027.6985020176523,242.21442541355663,31.750141986069,113.72312744846985,55.91002989766821
2005-01-20 04:33:37.158853092,993.2336932201845,224.09872148007753,30.516321842395822,108.28453464093351,60.18857807165053
2005-01-20 04:45:05.434292681,1059.391286520771,221.27090650955486,32.09111324638762,110.2730144345922,60.33646981114287
2005-01-20 04:54:59.531631807,1053.7518471561893,226.8403975304449,33.104701414958065,112.54105273982881,64.04885345062903
2005-01-20 05:02:47.260903854,1030.3556461155056,235.61581938762086,31.613330165852506,106.27097455793199,68.97048333033156
2005-01-20 05:14:17.564482988,921.1430093064033,227.85709720283484,31.363515581187258,107.15931934190905,62.83203717005095
2005-01-20 05:24:18.387268241,1023.9939984544754,230.68165671857238,32.90672523148078,105.29849194699626,58.001802177567626
2005-01-20 05:33:03.845881072,1074.0744468805128,218.255845030818,33.14222063714402,112.00235679156415,58.679375312560374
2005-01-20 05:42:41.402622683,988.8069368551526,230.01582861079996,31.80992698190113,107.17952584489522,60.16372324487445
2005-01-20 05:53:01.375535868,1019.4386158871635,219.5042344705217,31.738718422043792,114.82675131399104,58.87147300114662
2005-01-20 06:02:24.788297506,1012.793365819515,236.74237780169904,31.361907074777005,115.8407668568998,60.88344503095453
2005-01-20 06:11:55.194628508,1074.4366368579101,216.7659002778816,32.010941294527,104.66752051906478,60.17568594393005
2005-01-20 06:23:25.031544817,1025.4582711275775,229.31580559378955,31.6429797231523,112.29453925785704,54.681007983774876
2005-01-20 06:32:07.194314895,1038.8006708133605,225.5352322919325,33.315180682531505,104.93852283450629,54.50908609163404
2005-01-20 06:42:19.164410619,1064.4204616700192,234.34320197200617,33.30656206781841,113.8947516123785,54.57563460192484
2005-01-20 06:54:30.503664715,1107.2286384644628,230.9069812916821,30.147116680409614,107.87670582852321,62.849294139439934
2005-01-20 07:02:13.999174999,1123.7804949609504,236.66432305555364,31.954930219737353,111.6241446234866,56.41230471472454
2005-01-20 07:11:16.065456351,1056.3685545897076,239.11408137169673,32.89378799957813,108.86378815422297,64.14678662684375
2005-01-20 07:20:28.532126083,985.00463967146,224.2810383939868,31.02975081758994,101.80812442616374,63.63518440013767
2005-01-20 07:31:50.335318286,974.6221199786429,226.4538351689361,31.480410877377416,109.2104121030539,64.74385116616149
2005-01-20 07:43:24.120378196,1105.6914011837507,222.1608881259291,33.040147689190704,111.48315274873345,57.37851347371571
2005-01-20 07:51:50.884334921,1017.1731052329169,231.31650265080094,30.217863879006885,112.9395641229276,60.494011794886845
2005-01-20 08:03:18.728068249,1039.4637995569522,230.3833225034459,34.31314925255903,106.28885909482055,62.034639533944485
2005-01-20 08:13:40.159616969,1072.4959465126196,224.0849217385664,31.72196937693177,112.20059967229172,59.48740428184139
2005-01-20 08:21:57.999439803,1002.436124409067,216.47526047495498,32.101579429773764,104.5691238532368,60.605113007428315
2005-01-20 08:33:33.200874407,1032.9439946445139,239.25183778016554,33.21639683645373,109.97752617031831,59.57867991533537
2005-01-20 08:41:45.030565539,1130.163588541002,230.79382021573252,31.625235826760672,102.95733724194578,62.09148157902892
2005-01-20 08:53:32.913917614,1104.1743564244664,243.91854820492566,33.00220146521439,106.75641460704853,54.31463217670404
2005-01-20 09:02:27.004312488,1019.2617978382311,219.45407225752658,32.449297232628794,110.16204272153232,55.76810053992986
2005-01-20 09:12:03.521615238,1093.9049844788194,235.46351228174115,31.400256767320588,104.87122368278112,56.53959266911592
2005-01-20 09:22:37.810177329,1032.486219657465,249.14056703313906,32.54891825194804,113.73427944886585,57.813275988269496
2005-01-20 09:34:20.462481941,1014.4075503058141,219.69311978363334,31.71888330934594,108.03040301582656,57.20554045156667
2005-01-20 09:42:33.499945814,14768321106.511877,145168.23643788914,-5487.081504351713,-10036151260818.574,-31.748789354985522
2005-01-20 09:51:10.687522514,1084.3158898148324,233.65172719038375,33.59406188221999,106.65498934658682,56.67763246139422
2005-01-20 10:03:07.289211815,1015.3788426873741,230.260328762176,32.56736801901751,110.56858555183048,51.97165404606898
2005-01-20 10:11:51.381751355,1129.742579336069,227.19598079573498,33.24597530055393,119.63717615690345,53.68998437398567
2005-01-20 10:22:53.769428120,1094.0571354335727,220.09399977434487,32.58176102056602,121.2646767028662,54.42042801457855
2005-01-20 10:32:50.723120597,1031.7947221720724,223.9873150804841,30.730282106315176,116.04141571362857,61.69899058119221
2005-01-20 10:42:51.659359824,1070.5917841212886,225.0637032252759,31.828891256580835,118.29824517375573,61.296225002089386
2005-01-20 10:54:45.040589767,995.3968942494525,236.89337230695895,31.314654760057177,112.5100507374451,71.05847927718152
2005-01-20 11:02:31.851928470,1089.536356952467,223.24247717266033,32.944269103768946,103.6173208176978,63.325518382266026
2005-01-20 11:14:22.183659813,1089.3451180809946,233.28863065744503,32.915735634201184,120.28319141486341,60.956835028414524
2005-01-20 11:22:24.933008399,1003.9023545652681,224.32387661969486,33.599316490155,107.4697380746779,61.91117991660201
2005-01-20 11:32:31.202224959,1054.8993340463653,238.80165812262376,33.29657022176794,116.84824647494506,50.99487180947402
2005-01-20 11:42:15.832360323,1081.603487979788,240.1583507818367,31.53282712948672,117.27953048410082,56.223774269610274
2005-01-20 11:52:43.015121722,1032.44615553986,229.57584775720306,32.42827711272008,124.03477038618581,65.57441047563618
2005-01-20 12:03:10.794101340,1117.2221367877744,230.29755716717548,32.59882339949562,123.77628869951528,69.81381794574389
2005-01-20 12:11:33.923480877,1091.3606006700625,240.33423655366212,31.908047129315587,122.23637852458211,59.102528879478555
2005-01-20 12:23:04.400474611,1017.3662024422458,242.6677048206776,33.05486910869599,114.77805337083099,68.01208291996059
2005-01-20 12:29:34.760588604,1048.2012921507214,230.34309337782898,34.946756325619795,104.9082156007819,68.77554511856273
2005-01-20 12:42:22.199305219,949.3568151526655,219.54336988792772,33.02734979728573,120.19009905948074,60.09167542177679
2005-01-20 12:53:00.327316881,1059.1636512808134,240.07583752817249,32.163119072951595,121.92077604077919,70.94910306800918
2005-01-20 13:01:53.137431086,1117.1168439128287,255.57684677582577,32.40103516051971,123.26699359506051,61.21060667120659
2005-01-20 13:14:51.399972387,1049.0388373901803,230.36799521750356,31.384455610814957,129.69057012550059,65.12472614458524
2005-01-20 13:22:25.819093111,2.6719414295280224e+32,-27740494382568.926,1.3460622440467574e+32,84530.8254570083,-20728.724614185685
2005-01-20 13:32:59.167626098,1010.4420261175371,214.98042849448643,33.59372976208761,117.37609773408487,58.087676773459066
2005-01-20 13:42:42.404006279,1125.7085842046552,238.61234422984438,32.463868563451975,121.01113933175694,63.2906462026353
2005-01-20 13:52:17.048790063,1109.4541414860769,240.1110219990099,31.052387981850032,125.8764728727405,63.46792261257528
2005-01-20 14:02:27.042230215,951.1929035151355,228.59525858964798,32.360939787044266,123.61053881057202,73.10421554376101
2005-01-20 14:12:37.859158801,1121.8294938880508,236.77066135084496,33.49729982725645,124.46078114964722,67.89127171026874
2005-01-20 14:22:11.147060640,1061.7389439890655,221.01963767770587,32.16715471078209,118.14093933411708,66.77466027738382
2005-01-20 14:32:53.532788394,668208.8095392742,5306.5615861686665,-2389936.0467663687,-2310.946598921519,-417.55656201676686
2005-01-20 14:42:33.256082792,1089.6547570323537,240.44684632957728,32.48230960340614,120.52438108221833,70.37546181563839
2005-01-20 14:51:33.227252164,988.7210560768171,216.4367459073095,34.34725953251719,118.5506205324002,66.89577742930973
2005-01-20 15:03:17.993367936,1061.3324628394505,228.56372379360613,32.904623399265,121.88535421514133,67.12789772850826
2005-01-20 15:11:44.237895260,1048.7052385798593,222.93684174184955,34.352136613745785,111.16072467982553,62.86302216078775
2005-01-20 15:21:52.662559293,1084.2938409802625,228.70915455516192,34.01526270808942,111.96806274744608,62.66091230260673
2005-01-20 15:31:28.667732808,1103.3640828188866,241.22718800289755,31.024215838158142,116.08923375393432,63.94825214897106
2005-01-20 15:43:03.565501254,1049.137188852661,250.40801972639935,33.739088486190234,128.63794819623686,65.80494085164214
2005-01-20 15:52:20.740923426,1011.6016006415898,234.20527794525333,34.13315839308656,122.62481354298794,66.04956254931535
2005-01-20 16:04:35.077197824,1061.708107360973,238.7589783543408,33.31117859842298,122.50589455118505,66.44225061579955
2005-01-20 16:12:25.321115253,1043.5237629419332,232.28217632454593,31.518072558920082,111.67140710615188,67.17749119055036
2005-01-20 16:22:13.636468339,1119.27395660825,233.35318641279076,32.225851670391776,124.86353225485217,85.93817363308511
2005-01-20 16:32:45.512415740,1105.6133692657047,210.40568222406893,33.313190380644805,118.12051628935426,65.77914221102826
2005-01-20 16:42:49.193497241,1184.0694281554722,262.02100619605767,33.297058009189776,124.64592102534449,69.92606053378921
2005-01-20 16:52:59.663535059,1090.8719743478962,239.9973181647401,33.488125887165964,126.33751977842878,66.75820790977744
2005-01-20 17:03:26.725398772,1111.0477990821958,252.76467286969324,34.032590644684234,124.48367216192494,69.59226130196741
2005-01-20 17:12:36.989964004,1085.9737408641274,216.57398711133877,32.205744242205256,140.8665391464694,72.5110412336076
2005-01-20 17:23:44.016905803,1058.6375969264943,248.77278529057824,34.265397407257744,116.37439776827823,66.79491963050307
2005-01-20 17:31:59.787360513,1024.8403788814903,248.558519684012,33.921912037749316,121.83735035325223,72.36972994773916
2005-01-20 17:45:18.011940013,1116.2350739562073,237.77946732055995,34.426818631074845,128.00232813263838,79.12642049795198
2005-01-20 17:54:48.543406487,1120.2945993742298,248.38916318678588,32.077962522642764,123.36938381580197,66.3667442200213
2005-01-20 18:01:52.225654339,1132.387276216995,252.3700572710251,32.182634512589196,129.7974232283556,62.39223382428988
2005-01-20 18:13:54.321391596,997.074033185542,249.66453228748367,30.87640711442888,117.1820849266983,71.4196249355921
2005-01-20 18:23:39.726597942,1024.8184985585888,212.17176113318106,33.46423491015918,124.91473813794623,68.95950036659289
2005-01-20 18:30:54.499799205,1047.7682384424759,241.14120398848422,31.237770730747233,128.86401220021705,82.44046782088844
2005-01-20 18:44:21.134890975,959.2163800006975,225.57186555743445,32.89692772210639,118.92043503785162,69.76870642954366
2005-01-20 18:52:54.179581598,1009.2836007684972,234.63523657920058,32.38607061562265,124.03135590625851,64.3621710484006
2005-01-20 19:02:01.067459003,1108.2882290547245,249.11406349196312,31.660368435756784,120.28787098188306,73.33986263805646
2005-01-20 19:11:55.432828066,1075.7903638240707,239.45264898017118,33.15848407080889,130.87410382993787,73.43528909603525
2005-01-20 19:23:08.999281601,1067.6036082655633,231.03288921926026,31.17269672330357,120.21177804022,67.06812652880026
2005-01-20 19:33:45.857616947,49.90182400598821,99.51544520588342,19.79955652824863,113.5016859003069,69.11009700728901
2005-01-20 19:42:55.223651409,39.10200911517964,78.41490765813535,15.582442535457858,100.1188120277674,67.22050969394014
2005-01-20 19:52:14.282790654,29.672626096573158,59.311332114137876,11.99397286054862,88.54820084702146,64.63474872511728
2005-01-20 20:02:17.223959593,22.079704141259256,43.858335004471314,8.745225518051601,79.63364024161284,62.237606263900076
2005-01-20 20:13:47.312531505,15.976542481094642,31.7357797560122,6.233248979581487,72.42196039652153,59.122703988026586
2005-01-20 20:21:34.950342722,13.160693870394224,26.49773141995039,5.282393637889559,69.06767914362722,57.41724157200568
2005-01-20 20:34:06.198736392,10.452377955639871,20.636795607012097,4.146347366928683,64.61715016757313,54.48805646056919
2005-01-20 20:44:16.028211185,8.904834486197817,18.05575724133199,3.5786783893448058,61.91819874000189,52.7357413586115
2005-01-20 20:53:43.410080707,8.035098043678587,16.44256507926641,3.1113807663156945,59.65826699471273,50.72763357419307
2005-01-20 21:02:59.898738746,7.697365719292106,15.491226533652059,3.190904397513776,57.6172636344855,49.043239052303484
2005-01-20 21:11:12.112529526,7.423811073138461,14.85370582051677,2.7974510111166406,56.08541530239197,47.600376694617246
2005-01-20 21:23:11.210024098,7.197927015308258,14.44475459493003,3.0513584977418358,54.24972390290515,45.80837129042782
2005-01-20 21:32:18.531009538,6.985369130077624,14.077886934460318,2.879000669854476,52.95061561422456,44.67115756730949
2005-01-20 21:44:17.805063592,1101.238250600368,143.82128896335192,17.365481137997772,59.066308093465565,45.614561283640974
2005-01-20 21:53:32.897437532,1015.2330449040204,172.50802973902975,20.78129415047628,70.40867505734212,42.0755616410751
2005-01-20 22:03:09.272250419,1061.442679720307,193.56054553540295,24.98752974015482,70.96672416644307,43.591137222383736
2005-01-20 22:13:50.944006372,972.2994864623954,213.85508952392445,27.167944608414814,90.41759723783687,42.44133297852423
2005-01-20 22:23:43.466882992,1094.9224136326877,219.90624415246452,31.470746310842546,89.43742437679713,37.825825834011795
2005-01-20 22:32:13.766412995,955.7986434944232,219.61369519960022,29.718948404341308,93.61461860342384,48.204682920750834
2005-01-20 22:42:52.146482800,1021.5890288798956,224.71499299124153,30.415534708984524,104.3164282412631,52.644870746431415
2005-01-20 22:52:11.271001437,1021.7379025111254,252.87999232108598,30.575453622085504,103.74563686944053,53.90927034469466
2005-01-20 23:02:43.874303784,1137.0086565484382,219.12042149780208,32.27453699870409,104.4179984311288,49.9652648278712
2005-01-20 23:11:37.826840431,1081.411210189111,230.51693015698143,32.852536859886726,108.13931003215839,57.50023317282719
2005-01-20 23:22:23.697346924,1148.8662318056,238.27836249845478,33.830927758330674,106.01657900714007,49.141957023595886
2005-01-20 23:33:02.463758445,1069.4616417810612,215.13601360550064,31.701088196926584,112.17228496639409,58.01174917429754
2005-01-20 23:40:31.989797682,1101.6126832392183,245.91495500569974,31.538016060743537,111.13640789469744,55.063415319144745
2005-01-20 23:52:42.821500177,1003.6048892173419,221.38306734143453,31.168400064629296,115.0378304924672,62.05675598579987
2005-01-21 00:02:39.648162042,1008.4131429206062,251.7773544796791,32.67255671761181,113.55440298801365,57.82578099397615
2005-01-21 00:13:54.830716154,1032.718178172267,232.29308328883778,31.87604976028426,108.28480941745346,58.25846640179583
2005-01-21 00:21:54.226452648,1084.9802391240971,242.69483196454885,33.529493327973775,106.29814580057692,59.30716430829684
2005-01-21 00:32:51.041779545,47540.46756356585,-162852553.75096166,-33.938316079274,-7021646.563076905,-130940677966291.64
2005-01-21 00:43:52.124630031,1082.3295022496386,240.91761612919095,32.19804510946655,108.636058766166,63.46686906661013
2005-01-21 00:53:51.911309402,1033.6640042048766,217.5413660072115,33.65843363015979,114.57615350809179,56.89484710233743
2005-01-21 01:02:24.393318655,1052.9589138501346,234.67478375954272,32.887010400325366,119.7048127152398,44.935923723803555
2005-01-21 01:13:20.826642417,1043.4205161512955,218.90048704177408,32.964504134373236,115.63158182206341,57.82949350276961
2005-01-21 01:22:51.375782231,1101.8638002628168,249.17835388791704,31.476063053573675,117.77581238913464,65.30646367019311
2005-01-21 01:32:20.746212275,1021.7946668447728,230.35791890681952,33.28903265165418,108.95661913132771,54.49388212305445
2005-01-21 01:43:46.134465696,1122.2817337385839,241.59696522621343,31.125678571039035,108.10925329851241,55.83709271077597
2005-01-21 01:51:00.383449135,1083.1718247866522,227.8400354416381,30.35296199646871,112.43741983095083,64.94349693511612
2005-01-21 02:02:00.671131083,949.7510926846917,233.33036788814448,31.89174366988093,117.7901768137095,62.13727413101635
2005-01-21 02:11:50.174239384,1026.4042561293952,219.71214060245077,32.759871602200626,109.5323149016065,69.88860288287046
2005-01-21 02:23:02.388744589,1122.8433811939676,228.71014584228004,33.26532962590101,115.20514269542568,52.9785716190833
2005-01-21 02:33:55.485125509,1108.8821379062065,233.4922883620666,32.89407161696914,112.34600043599949,59.301879110946835
2005-01-21 02:43:35.123085233,1009.2786862622856,240.85255934542778,32.68879175088509,110.57027567949437,52.45782002958139
2005-01-21 02:52:11.622055789,1109.1693977712105,237.3017973269226,31.296821983573118,123.10977173181071,64.88979919346971
2005-01-21 03:02:51.482437551,1075.0777102496747,232.667632473762,33.3478955113729,107.69077983853396,50.19677321625234
2005-01-21 03:12:44.227349796,1144.680651602051,240.63168663217658,32.44189552550198,104.4627591214497,56.58535615259322
2005-01-21 03:23:52.813062188,973.727920314431,230.1731333319366,32.27536840845275,109.5296313771953,55.56289758511451
2005-01-21 03:31:57.235008798,1077.4820666020412,220.7529051704443,32.50649981640818,119.0576302183976,62.51461454616131
2005-01-21 03:42:17.902133477,982.1236953674431,244.10626942152092,31.684914128433455,118.69720369606206,62.12364916683318
2005-01-21 03:50:57.914785788,1056.506578919274,226.53895299274623,33.15017860448858,114.59551756223307,69.87650502571549
2005-01-21 04:03:13.553661690,1106.9967195140794,239.7221085245739,32.614148991007326,110.22158131985744,73.34997872527293
2005-01-21 04:14:05.311296878,1123.278173438868,221.04828805927207,31.316610400381357,107.46784055944877,52.45340469285187
2005-01-21 04:21:33.143514126,1009.1230363713348,246.60943482049095,34.0711830778891,106.72901732236488,58.18731043609
2005-01-21 04:31:40.491144103,1076.9002391988245,230.4803690078149,30.88334853318692,114.64373311889959,58.43614222460639
2005-01-21 04:42:38.905768347,1038.9273747380257,243.07943016694963,33.17079081966393,111.34631371272373,56.57118050230802
2005-01-21 04:54:42.332155995,1058.711715537942,229.86939801188615,33.06509123009247,113.25413000157803,57.50236366587343
2005-01-21 05:04:36.526444117,1102.2623253985803,234.28046662855138,33.42539175498333,110.76154605481908,64.29261169881984
2005-01-21 05:13:23.516948913,1021.385402973336,230.26520943992526,32.25235240776255,102.03444767903093,49.10113565383952
2005-01-21 05:23:11.287597210,1024.8084912197378,240.3701780188726,32.44535741660175,107.43882546784378,56.16027487186285
2005-01-21 05:32:50.474543896,1017.400561535349,233.7209108399951,33.64241231829372,111.33301532940405,57.93124167357392
2005-01-21 05:42:11.510387387,1084.7551968549467,248.01340519030964,32.136323874619436,115.07596495523742,60.002511707222695
2005-01-21 05:50:56.648056003,928.6238934153563,237.06363710088928,32.255206676278355,112.50481205662916,58.54286695272988
2005-01-21 06:01:39.726589895,1113.709263183767,241.18444571325713,31.32954998511394,115.26225874996037,62.62899676957121
2005-01-21 06:13:24.503418409,1024.95223764419,236.70161475485133,31.405684344095494,105.36468498302234,63.16338411809936
2005-01-21 06:23:20.779303294,1088.2185810570795,225.9929547713947,34.26616795492222,109.41133721561104,56.054405479191814
2005-01-21 06:31:39.239380140,1058.0824286895952,243.6167946520806,31.318900018823367,121.16239960524935,61.469559186069866
2005-01-21 06:42:40.638538334,982.7554402919236,217.6957432545455,33.42924444707137,111.46153648214653,52.76637606119058
2005-01-21 06:54:00.421686395,1032.375570169848,235.42445422173495,33.98557027365833,116.90368245907818,62.531171067228655
2005-01-21 07:03:30.317421431,964.2035401581213,224.68970840806375,33.50397050914041,110.52080324287535,50.763345585388215
2005-01-21 07:12:55.769348011,1021.6808222893243,241.2653841999018,31.478645646127838,123.14687008464622,56.16276070864283
2005-01-21 07:21:34.074538024,1049.2937364599854,241.725800382662,30.51443714345587,112.32283638741713,61.671979297287095
2005-01-21 07:33:16.164423504,1031.4494421181662,239.35590067672092,33.30703656609349,108.5395018961916,56.73151788316286
2005-01-21 07:43:05.053457708,1100.5744156486646,228.1361387549467,31.883692848163165,110.06270496516998,57.63080539635886
2005-01-21 07:52:31.670316922,1036.9355104992944,218.6717636460453,32.61533548674376,110.31263210208188,61.35641271942303
2005-01-21 08:02:53.812991900,1098.992637389814,228.21307613385085,31.04567091938318,118.8172461197469,60.47270705589858
2005-01-21 08:12:23.944716013,1075.7332343406565,227.42642560194565,30.2481623576587,107.2217766581571,61.20576602953503
2005-01-21 08:22:57.352491108,1117.028233707594,221.82902494276064,32.22655753706006,114.17924235054335,63.4523966011375
2005-01-21 08:34:13.086883709,1052.7123220002559,227.46946281641368,33.36052156380563,111.86069177531088,50.73900853372602
2005-01-21 08:42:05.448125436,1026.2560954753585,232.0062331005531,30.325447363998045,113.79452154932144,62.49812632525943
2005-01-21 08:53:22.812168497,1078.2647227630832,242.9966666653436,31.57170152159802,112.95681631349224,63.552797045297844
2005-01-21 09:01:27.215764890,1030.893536649155,242.89646524900368,30.947286511587233,117.3708082685787,55.91838170939896
2005-01-21 09:14:18.838290347,1031.358980147333,238.31927056104308,31.964672167283915,116.44045060275472,70.52149977846678
2005-01-21 09:22:34.622563026,1096.7139171470747,238.33917827986392,30.54712664424106,106.32658226826759,66.27134305053293
2005-01-21 09:32:32.873610700,994.0758194982317,233.3914198072853,33.81640934798236,108.0516126533689,66.31400773276043
2005-01-21 09:43:59.988474040,1116.8945728208535,216.39802281983256,32.87053742278439,112.11205314175581,60.98646374004647
2005-01-21 09:52:29.841813269,1062.1859680889722,237.84066617507548,30.9515780197199,122.03938306213524,59.34752246784626
2005-01-21 10:01:21.897339384,1040.2255551895462,246.93333081979225,33.08869341579291,114.28837106003371,66.55639464344415
2005-01-21 10:12:02.613581065,1074.8405383227123,221.64935866214694,31.484313341603684,113.9444353062258,66.85863826807947
2005-01-21 10:22:51.008252431,1030.4066635088654,245.92107498911687,31.117237239196687,120.33646818075451,66.63691720447707
2005-01-21 10:33:30.627566064,1103.7965178691209,228.45242233440376,32.66731944077898,115.11012469937381,62.70812882251729
2005-01-21 10:40:26.272109623,1077.4230227385842,236.2612979981393,32.602346665668186,118.88979980293965,64.92102161348413
2005-01-21 10:53:31.615295362,1121.5398396805986,239.7338874591,31.48010731840988,118.46984706005836,67.79729682425501
2005-01-21 11:02:34.972220792,1119.1112609658956,240.7740284787733,32.10319715565795,114.59573816713021,55.91617385615802
2005-01-21 11:12:32.583501214,965.0755443458081,231.7151911420526,31.316444507097007,114.62627083039173,58.401235327512424
2005-01-21 11:22:04.807551282,1002.6551592834702,210.04146345312796,31.860228075303578,108.48824951320589,66.41945592045589
2005-01-21 11:32:02.463836444,1097.6666739192876,220.9312474504675,33.08733805554665,105.14608452249725,66.47758613582572
2005-01-21 11:44:09.012200013,1116.824618289465,232.11635296786628,32.051142582810925,123.24610595143406,68.17102564992399
2005-01-21 11:53:09.759591362,934.9285221933889,225.65544865678953,30.240119601895245,111.04544527651159,70.43742661039809
2005-01-21 12:02:31.455926163,1081.6527070353095,221.91104907598225,31.52029178017383,122.22039882009852,59.91524353950018
2005-01-21 12:10:55.693953128,976.5353913889918,236.98633036374648,33.12116451181626,121.68590516773368,63.234796955014886
2005-01-21 12:24:03.106918838,1031.6325194913436,226.41137015502122,32.470204276536556,120.03819606138157,55.97610512713192
2005-01-21 12:33:22.463334473,1096.4695499164634,251.68590792275057,33.71429801141912,118.81477756524247,60.10763386305557
2005-01-21 12:43:44.925842408,1067.2816812305946,221.7795335043428,32.84836442745183,118.50419476562334,64.65413853869909
2005-01-21 12:53:07.834745372,1049.327421778513,237.9663544093034,33.43229140578502,118.29721463175453,64.5068009344105
2005-01-21 13:03:27.528254424,907.9130802130607,233.5944309579816,32.25279812390035,115.90335404617758,69.51065820507164
2005-01-21 13:13:59.433726984,962.8527742309308,224.33296089527545,32.013936604295196,112.0816683492381,60.558967445095874
2005-01-21 13:23:09.078824206,936.3758159540364,230.43219014682384,34.91615467217588,123.55577208784123,76.67531317212843
2005-01-21 13:33:27.436351931,1092.4435388335585,226.71874494442653,32.277058428925145,114.23251711746445,61.50343571932378
2005-01-21 13:43:49.524896044,1100.950827415009,242.58128365942403,32.722540783022545,119.8417601218191,65.22302254601985
2005-01-21 13:54:01.413951369,1144.6800422622073,234.45531720769745,31.637743869797372,109.27033487020137,68.97121207393872
2005-01-21 14:01:16.555400257,1080.077353324614,234.48743252188746,34.424378231557725,114.86916314399937,67.44368238151384
2005-01-21 14:13:44.524798946,1030.9222770920196,229.07938553858722,32.442046885392315,117.16401792558527,63.09444423969132
2005-01-21 14:22:44.436164322,1063.1725774743538,236.37980709669534,32.35236526804705,124.5997212542701,65.18235395380763
2005-01-21 14:33:17.099578320,1013.0865417876008,232.58395075358766,34.346312134690365,113.65700018831328,70.73017736439246
2005-01-21 14:43:54.968193411,1125.8273002311983,234.4548008483517,32.02279753952431,120.23313193019611,65.52720557941079
2005-01-21 14:52:22.997256092,1034.7573954791087,232.01433322089937,32.66984529543535,128.4506077857149,67.77302885861417
2005-01-21 15:02:59.424252652,1027.0163546321667,259.51874465868326,31.947620272401565,117.81293481646688,71.4024140463583
2005-01-21 15:12:43.422515035,974.694965662281,241.99678762334025,33.68239582712715,125.50160844049775,67.60194768485628
2005-01-21 15:24:00.924190501,998.5262645410522,227.33986198489393,32.91459752662275,121.55671230434224,81.05158847649086
2005-01-21 15:31:53.341496538,1051.0033390857088,230.11611596398777,32.140493645306876,116.03949017230632,66.97204421434796
2005-01-21 15:42:22.756059809,1092.439624155673,231.7243292165307,34.486187632573426,117.4514527918918,59.92416731212767
2005-01-21 15:54:27.184890848,1028.9401888488815,217.82585669476902,32.50426922864958,115.33330521852733,69.29578604645268
2005-01-21 16:04:13.434390773,1099.2781829899118,226.58124356054145,33.39521584231435,118.26195475636081,70.96494283056185
2005-01-21 16:13:53.083051230,1027.5412589636635,237.73542605998048,32.29599371333733,119.45896955982276,70.16456189852765
2005-01-21 16:24:49.071193450,1012.3577297595515,240.92661467009086,32.45123285483294,121.17468892163235,65.96630156461093
2005-01-21 16:34:10.728533799,1105.9387955127827,233.92228814086383,32.12396241939299,121.46444023611062,69.04538766191804
2005-01-21 16:43:20.678686851,1000.2778143417596,232.98883916167554,33.64514684286342,113.72838662582525,71.30462713478133
2005-01-21 16:53:12.791601881,1024.4428320998002,224.27350330504726,32.71101704786027,126.46141994300467,69.60414400529353
2005-01-21 17:04:25.287547595,1171.1468232823977,222.67228556294825,33.226206068132825,127.37810787449669,75.8199702219023
2005-01-21 17:12:26.489765992,1086.2578148267985,244.6274142933488,33.011709593417066,128.04269096785677,70.87330826075468
2005-01-21 17:23:40.162252127,1037.2282091291838,236.05596798586933,32.510981611821144,120.05199978656744,66.1045663368733
2005-01-21 17:31:56.158057689,1040.3390185033534,222.36973061248452,32.66570947210454,126.81091011703788,74.86496730043974
2005-01-21 17:41:55.900599263,993.014412586455,228.6614405360778,34.64367222528993,123.69514175869989,74.74091448808457
2005-01-21 17:52:31.897508716,1134.7647975823254,236.90759739280833,34.43283506766738,118.5247333921376,68.99061849560172
2005-01-21 18:03:12.137523331,985.3450140726824,214.35090642238185,33.56867377025957,117.48812530414244,78.21833443753196
2005-01-21 18:12:46.900081063,1012.745406047202,237.08524590447664,34.655392607803435,121.8157898253182,69.86680368767226
2005-01-21 18:22:00.686495482,1137.3962076970888,236.76513621441723,32.83112769568012,124.92611624446064,69.89770579007737
2005-01-21 18:32:04.090617859,1093.4985228363612,243.25774855392183,31.61732547428335,123.48659731727156,68.76873450727948
2005-01-21 18:42:06.096801401,1009.8550071791185,228.82606092118831,33.14703326286114,134.84589261070568,71.10515699705655
2005-01-21 18:54:01.946576155,1066.7369947428404,240.80202532588802,33.5451396775107,119.72771975664159,63.33314737355266
2005-01-21 19:02:06.242444269,993.0448696748173,230.20724041292027,32.437902379244335,119.90886092234996,66.90376894133831
2005-01-21 19:14:36.412495355,1041.8498731927764,230.26525559575208,33.182325405168804,123.5889630288368,71.99484159721969
2005-01-21 19:24:29.113139250,1048.7721901709613,253.79735230003112,34.63830078615359,130.233426660772,63.79012663562937
2005-01-21 19:34:30.177049177,1022.0608806274917,243.4799804809057,33.73024278875161,120.14812976858364,69.23822184309233
2005-01-21 19:43:18.209229984,1127.1547466557945,239.61434514044439,33.0226566269509,122.48099307533795,64.40861730135747
2005-01-21 19:53:35.125583285,967.6560813934869,234.7578237291606,32.044119001115156,116.08868712880668,65.87435035774824
2005-01-21 20:02:40.862981462,1027.2536722093835,231.31674379638912,33.44876348454018,121.98614449672169,66.4202567826125
2005-01-21 20:11:44.636214771,1138.9249335692518,244.91281194266892,34.64128247040227,125.81321085179609,67.83888584773185
2005-01-21 20:22:32.726765975,1073.037107520426,233.37861840661114,32.59570112804144,122.36404233614341,73.48634034720294
2005-01-21 20:34:05.010374771,1097.2337469000188,221.55325597083305,32.06792846390351,124.8421800654224,62.88484346434476
2005-01-21 20:42:47.015992739,1128.6295604874308,248.6563183965688,31.537081501311924,116.85923081326554,68.68763879281828
2005-01-21 20:53:34.718002937,1087.475365331665,234.3646436756604,32.637686529320995,121.22206584701925,74.00802428901669
2005-01-21 21:02:58.641746462,1021.6800090520748,221.67721738193424,33.300486685077644,115.6968268524588,68.81355404185162
2005-01-21 21:12:36.104535693,50.43793811855005,100.64482786529818,20.04851716559745,114.00573743663604,68.55769686404618
2005-01-21 21:21:53.725881370,39.54914985865886,79.78642642274158,15.894656827545312,99.80389035288587,66.40592809373062
2005-01-21 21:32:20.848156877,28.81414664451273,57.932015485266795,11.507143594799343,86.63529960879154,63.67320868162029
2005-01-21 21:42:44.587375537,20.98789492022306,42.07961099074086,8.500692242046851,77.73181842731569,60.80499831622288
2005-01-21 21:53:02.940120910,15.691773161895224,31.20985296388507,6.206394242603306,71.40675257054546,58.07622587755023
2005-01-21 22:02:32.031520223,12.365273652483914,24.686679660649418,5.089247918562345,67.05559402457929,55.983229601032264
2005-01-21 22:13:16.691796440,10.14990775249258,20.0176508610109,4.081488273777218,63.11414578951678,53.41519351231709
2005-01-21 22:19:15.678049313,8.989144440590556,17.996846479869888,3.618921932340345,61.32858200609811,52.160848034709296
2005-01-21 22:34:54.063010610,7.522567016024174,15.011235516724843,2.991106179317398,57.54961757097291,48.83980884271285
2005-01-21 22:44:21.938833035,7.1743222007121865,14.087424303043226,2.958046509092042,55.394753503784735,47.337414792880644
2005-01-21 22:53:08.840530299,6.646274435164754,13.638953440091763,2.7609832689767373,53.688352169091594,45.77369559942206
2005-01-21 23:02:05.715140545,6.47153889157078,13.160206409665001,2.698761068063032,52.190277875303636,44.122176764642894
2005-01-21 23:13:20.323606411,946.8839821565632,146.87751415121176,17.434662262017966,53.85835376531467,44.32673649834372
2005-01-21 23:23:26.223891507,1044.9688106407857,181.15859301229676,21.837503049982885,57.26335009408292,39.35139647325555
2005-01-21 23:31:28.724612004,1126.9449088272806,188.45262265022242,23.85816428080571,70.78550763771973,39.997875905067616
2005-01-21 23:42:35.067818349,1034.4998123958824,194.77090961425512,27.360122901377256,76.07243926802076,38.413894449554775
2005-01-21 23:53:27.663933380,912.2083613025195,219.5105249048241,27.398093870489983,83.39229114741758,43.08814929132297
2005-01-22 00:04:11.679888236,1091.9582780261144,217.77306352621136,30.433924479049118,92.29113254391444,43.53906633460085
2005-01-22 00:11:00.525255205,1018.5357911839302,213.34595559118105,28.67828318592668,104.63236909961329,56.07552160231553
2005-01-22 00:24:40.972589201,43.378653480623065,86.52397031216806,17.42189371898538,87.61325464295359,50.42339957603893
2005-01-22 00:32:16.526379615,34.722767458551544,69.6662219004121,13.930944920972964,77.80296569877294,49.23822144224893
2005-01-22 00:41:54.746476391,25.60191214944343,51.310202668307845,10.322563442906876,67.98125276296712,47.61547331234325
2005-01-22 00:52:16.225250845,18.492482217336143,36.8682577248615,7.322159364931665,60.83317826231971,45.71478422089113
2005-01-22 01:02:23.125902331,13.811016400194324,27.366563881983122,5.424520360247517,55.94164878785082,43.786377311796336
2005-01-22 01:13:02.065925282,10.772567187597705,21.135059166924215,4.295648675492892,52.34476145315668,41.992715855802466
2005-01-22 01:24:17.128893657,8.387617380887951,16.81555933737875,3.4771698502619635,49.234256697441836,40.52899654100852
2005-01-22 01:32:56.280090403,7.66648063394939,14.806085822510454,2.776682682955008,47.619394667389514,38.978243482153324
2005-01-22 01:43:11.544657677,6.666840128790187,13.189397534454715,2.5222538589631562,45.52985550273945,37.42164018815139
2005-01-22 01:52:42.342413663,6.093811447813111,12.207558294240165,2.470711450228143,44.00282529406328,36.33972414961813
2005-01-22 02:04:16.989161963,5.687976887915693,11.49777808031384,2.3661922180333734,42.40966901056124,34.827703820722505
2005-01-22 02:14:50.312845627,5.368186648536622,11.04579755113668,2.4172208956060506,41.43990272926522,33.901472976026206
2005-01-22 02:24:15.666776853,5.675505614774227,10.75964800340318,2.4319558677030146,40.22103433441278,32.96553800673965
2005-01-22 02:34:26.884887306,1070.681888886352,146.40518210604526,15.406333954768181,42.19567406895051,35.51168845688879
2005-01-22 02:42:22.944513772,1079.2589128642896,167.4378035591122,19.781650089257727,50.46320596516816,29.258367914682793
2005-01-22 02:53:39.180900995,1034.6752000215365,191.9142999470804,23.23737758156527,49.27262167716828,37.48603502063048
2005-01-22 03:02:19.807293095,1097.8467864359945,212.40945295485432,26.20518443839226,69.60855115727628,38.43012508292736
2005-01-22 03:13:04.255452796,1025.1792623642623,213.17834520510502,28.573210690857604,79.82373489998618,43.519711054284116
2005-01-22 03:21:06.485519030,941.4163330518459,224.9171681223425,28.68963608812212,83.8411015688939,39.72177733859948
2005-01-22 03:32:03.312489939,1050.598939899719,221.18184466900567,30.572020655844298,88.98280116294907,43.63114944364325
2005-01-22 03:41:33.577876892,945.821737758434,224.01882529118313,31.929524815093085,87.37596021344655,36.75766302140558
2005-01-22 03:51:36.114988578,1066.0854307261714,215.23258717209228,30.7011647897016,88.46529816858826,51.77458728689375
2005-01-22 04:04:10.312852852,985.5326500122769,223.08900058825478,30.670707211970335,99.00645950595857,42.26393986042117
2005-01-22 04:16:03.064295727,996.0434770676801,230.64958914081643,32.25175111357857,98.52695231137358,42.405703024117926
2005-01-22 04:21:30.705311159,1086.2352213242243,221.21618854356302,33.10587077446672,107.0033828065076,50.2595261449869
2005-01-22 04:33:33.691914563,1107.7911644025553,234.13660330465436,32.414690994682026,96.61297410356114,56.19669010067008
2005-01-22 04:41:29.522772576,1143.2956627669141,232.61099370045144,30.717219233353333,108.98159660807626,59.927461364696015
2005-01-22 04:51:47.276766866,1036.3166869170439,240.49371119699975,31.736850263971906,103.18743571030052,51.206190847083576
2005-01-22 05:01:36.149683429,1189.4490049252327,231.16831614625647,30.742761972060887,95.00006002575891,48.427370751863116
2005-01-22 05:13:41.351662266,1104.7360758923573,244.35748791424797,32.04129466236267,103.40077655165506,50.38586748659626
2005-01-22 05:24:03.626084003,1004.9355467701997,231.97768139803554,33.20099023886512,103.23933317911319,49.337086068764435
2005-01-22 05:32:58.547493226,987.2451285727093,210.66228213492704,33.03643815773996,115.2365034585539,62.48468448467903
2005-01-22 05:42:55.783071831,1123.8392692513783,230.62656942586753,32.37308349232164,102.98815469869787,57.52742085121618
2005-01-22 05:54:31.241131067,1031.4750249856072,243.75187566953008,31.89696949365931,106.51143966272677,58.19059017632948
2005-01-22 06:03:05.712788671,1049.7801821523396,228.36736086615966,32.990706109116076,97.92679912506266,59.94418176180573
2005-01-22 06:12:53.486412590,1054.94352638679,235.64553189976755,33.01935101054725,100.1396548196571,55.12597975315665
2005-01-22 06:23:48.332220618,1080.7375574510277,235.57194663297943,32.00296222888369,106.6507952631297,54.773140350101144
2005-01-22 06:33:13.566457088,1021.1324070841091,248.97491613083042,31.920556933081322,109.01505225694767,62.90129282165111
2005-01-22 06:42:48.153853312,1061.596916211897,244.11160188522004,32.967144814672004,103.78133685827231,56.062619456193126
2005-01-22 06:53:26.426471322,1042.5937604461,215.48331548226332,32.183709189550825,107.19448084624032,48.07031199576085
2005-01-22 07:04:12.870729223,944.7098377780392,223.18631283165777,30.610683359552805,109.11178854836908,55.84128902959451
2005-01-22 07:13:10.690697613,1028.4872499983544,234.8566062337813,32.192267589129266,100.14027516712466,59.39329137867497
2005-01-22 07:21:46.329691130,1109.873473005571,212.49197594684114,32.80073254788811,106.16874019758421,57.4646930363154
2005-01-22 07:32:49.730195989,1042.8251391708184,228.9219687098032,32.27298134762167,102.19455902061502,53.95087697189749
2005-01-22 07:42:08.126710630,1063.410085034617,218.98208044452352,33.286346094604305,111.27516362751804,56.59740081919968
2005-01-22 07:53:23.586090851,1064.3221294500167,241.80811744375987,33.426219174681,111.1664534451612,51.71092653436326
2005-01-22 08:01:05.452430238,1104.9309636302971,228.98778899892903,33.40199886503093,108.66365726896714,54.50689464698917
2005-01-22 08:13:09.157970325,1063.8529947667512,239.3426894777075,32.92396509674848,102.01890896528808,50.21691529169371
2005-01-22 08:23:16.274158543,1154.5970223373363,229.8413648677562,30.94563201950319,107.39865913622319,57.12522032455916
2005-01-22 08:33:38.483263557,999.637393489471,234.66950599826302,29.971602219861612,118.76587411428021,57.52163632225224
2005-01-22 08:44:28.731852679,1021.3882801422121,243.79370848468002,32.67405181071732,114.44611978247045,57.660218560874064
2005-01-22 08:55:11.205202379,1054.9805694647243,216.55272162368334,30.586515548155397,100.75765707049977,59.828382701956656
2005-01-22 09:03:57.875198362,1009.2684034858594,233.0370325986467,30.564014444458884,104.66292524519206,63.34777963503415
2005-01-22 09:12:24.984477357,1091.0587195003109,239.87518337457956,32.59852417849771,102.3705471144547,51.49598716942329
2005-01-22 09:22:02.792705484,972.7815343902437,252.72446866189253,33.458459032074785,110.9103591160253,67.53408608195159
2005-01-22 09:31:18.490780088,1098.7765069109519,223.77416283445467,32.48875213225153,114.05074563402046,60.14854702475013
2005-01-22 09:42:02.068777821,970.4716070406498,218.43738135232888,32.83772905248527,109.51170690466112,64.79843414020525
2005-01-22 09:52:18.230646044,979.2354164376228,246.62680849684278,32.9483141494567,108.30979068020845,67.67756055532327
2005-01-22 10:00:51.809895126,996.3327535359638,230.28915585930716,33.25223758779123,102.32973285657617,62.06412228513331
2005-01-22 10:13:20.997887343,1003.450566433872,247.22319294218642,32.565941190724615,113.39667896439691,60.940163539029925
2005-01-22 10:23:28.869844791,1195.0179157335358,245.58108941074093,31.854867525025455,112.7643585356966,60.17056592018831
2005-01-22 10:31:44.858125172,1054.7533788184903,235.67596939647328,32.986345599939796,112.27477215587409,62.9930196299655
2005-01-22 10:42:54.770463326,1012.1337962308908,233.36436111610726,31.752679724122284,118.21621421363685,66.17844555880438
2005-01-22 10:53:45.361186239,1075.959945484235,238.02626113228246,35.24214298172767,111.61016045748363,55.330005071647996
2005-01-22 11:03:20.672145153,988.2654062116417,225.6686400907482,31.936814277657877,106.71499424980689,52.4660824483234
2005-01-22 11:12:31.085748558,-0.050982261767773235,-8.431725653762438e+16,-4.634361694804885e+27,26868981.687048074,8626033574768.469
2005-01-22 11:23:19.701145000,1050.3784720860217,218.29463376388867,32.313857710484946,111.80586314591609,61.29287008728175
2005-01-22 11:31:50.635335315,1100.611802268127,246.4640881978822,32.1919292325354,114.13528223286744,59.902062612593944
2005-01-22 11:44:12.958710444,1039.4455545321132,232.1027375523018,32.19077731001905,107.42677779379498,57.4135206155052
2005-01-22 11:53:55.994279507,1020.5623977849916,222.34351217653543,32.22350779248928,107.91414394122933,60.9257261076456
2005-01-22 12:02:21.385444366,1061.7205053233668,242.60551028660598,32.1414844652172,119.18585778987897,63.859907526732414
2005-01-22 12:13:01.225189379,913.056008670351,224.90727611289788,33.546824615425436,115.71851896257762,67.11612522424097
2005-01-22 12:23:21.584327962,1009.4463439993967,253.11371348486216,30.76227481782646,114.69411027246635,61.28545144250321
2005-01-22 12:34:35.183891551,47.73603212191452,95.69522449896274,19.29166688522935,104.38201385246524,61.90982873820425
2005-01-22 12:42:58.470235571,38.24393124837669,76.41856986009512,15.13643812974703,92.23785878520272,60.489732547490696
2005-01-22 12:52:06.818201719,28.82609323159,57.5504687331648,11.489791168527162,81.61719469809323,58.21845667212478
2005-01-22 13:02:13.716868460,20.85776337353933,41.739879894691455,8.375052849189235,72.56061579492714,55.87176826403772
2005-01-22 13:12:28.098322424,15.46968586145772,31.055670077822608,6.155642005890433,66.79200988828875,53.57023432351206
2005-01-22 13:22:07.429680954,12.049747623410811,24.125361995782264,5.038391465632953,62.6352452379397,51.48176081635362
2005-01-22 13:33:21.031963864,9.64148512559087,19.500709294441826,3.9200740080643963,58.93334366464388,49.37411622417609
2005-01-22 13:43:28.188592270,8.294415221971429,16.947014572386212,3.1983968412767605,56.746713887167836,47.555709991724875
2005-01-22 13:53:21.912762706,7.567935930948405,15.273350149350433,2.9262868612865534,54.710129596777946,45.96539329484153
2005-01-22 14:01:40.714708551,7.169691328476317,14.369263533501055,2.888264290767047,53.042841629646134,45.01764081502541
2005-01-22 14:12:08.027874347,6.704466543287189,13.563464253439394,2.737152203143371,51.73339655133588,43.620559078024826
2005-01-22 14:24:50.539257669,6.566127941240848,13.3168409296068,2.866215824447437,49.80276300401317,41.84641816043295
2005-01-22 14:31:21.352323472,6.520171306543662,13.118170160316378,2.7714798106844984,49.294198650849644,41.339366017369564
2005-01-22 14:44:54.962170329,1051.5362695203567,158.44627894126413,17.766165626057663,48.42009953551916,40.37972984941478
2005-01-22 14:52:27.732133378,1049.2959107460251,182.16251875501774,20.04645045066505,55.402636171229794,51.36136745733652
2005-01-22 15:04:36.991559889,968.1093215248728,185.014651641939,26.31652230231461,80.80229256766822,43.407947073184296
2005-01-22 15:11:20.039689321,1059.2296787434345,206.02822185780613,26.987732274016924,80.57087421209057,53.928293132532275
2005-01-22 15:25:21.651607297,1034.822396030995,229.75272408612037,29.840522854492882,91.82121450460532,43.24813807980077
2005-01-22 15:32:53.939562989,1074.168414151647,233.94412699720016,31.65051513595656,98.85851132243265,43.88348487797319
2005-01-22 15:43:20.150918439,1125.347871176387,242.34246458559508,31.91151243578734,101.13175254467362,46.95866590417788
2005-01-22 15:51:50.739398548,1149.1586241692971,239.06235456658308,31.477621018774904,100.34972933334562,55.005830477578144
2005-01-22 16:02:49.762662207,1014.2500590949853,228.46286079483443,32.5481956479955,104.78591527137428,56.81634562447995
2005-01-22 16:13:09.943044210,1057.8795869346072,222.2412696863172,31.31855779117003,109.95751221496555,61.96857428539612
2005-01-22 16:22:39.704630546,1023.291529313736,236.77375940174537,34.22074835974679,104.42339431946009,50.55537405188871
2005-01-22 16:33:47.699879827,967.3355620142868,244.92463249097537,32.41958502324898,113.67245884667952,52.819366820026374
2005-01-22 16:45:14.655271222,999.6402196408217,230.61380582562273,33.086231111300485,109.42736431528405,63.6214663103471
2005-01-22 16:52:43.262865030,1005.6886295843311,231.8173002517056,31.00744603810444,104.66200442339797,53.318284396048426
2005-01-22 17:03:53.727658855,1132.4789178301519,226.68905370294064,32.898011509340826,110.89759728046036,54.890202378414386
2005-01-22 17:14:11.737319559,1006.072766881388,226.72928874396686,32.79884752748764,112.86018368588849,68.19824581079594
2005-01-22 17:22:37.769712931,1062.5856439761337,224.4177955973657,33.166263245555704,110.46128322126151,58.74009090302582
2005-01-22 17:32:56.912646879,1020.0651226904026,242.03394209652694,32.496987207182535,113.42848440096733,57.82590567782018
2005-01-22 17:41:36.621431997,1100.3487777405642,218.98461949192534,32.382300648578536,117.44267602611089,62.66734232669559
2005-01-22 17:53:53.649682592,1015.5531900852351,239.85048770083702,31.198715538276865,116.86089861573791,68.41596479153026
2005-01-22 18:02:46.573219996,1120.7717810857268,224.2545350248364,34.47197140368952,124.24901227276624,65.56898599865319
2005-01-22 18:12:19.071094710,1056.7488973428217,236.0721517554249,31.997933584049925,112.04227420185958,64.88869617311948
2005-01-22 18:19:49.565246817,990.1614952629758,213.31256918973764,31.083847313769493,118.65639176608443,67.7973109199048
2005-01-22 18:32:28.754098272,1083.912347954201,240.63260034552192,31.990498496691156,125.02026153959294,62.94477423312255
2005-01-22 18:41:22.755433817,1003.9488713542402,222.37198177899478,31.6804383131256,122.54165416089235,62.642965692322136
2005-01-22 18:52:25.167146862,1060.7609189409907,224.08169360407533,32.25283752473694,124.10580851933163,72.61189067928684
2005-01-22 19:05:00.755129076,990.294177450419,231.01410374466235,32.00076123118831,116.9941650632834,62.5887056342669
2005-01-22 19:12:37.221488366,977.2467437675832,223.40877004089177,33.80668309934536,118.71088271028336,67.52550622782577
2005-01-22 19:22:23.532907708,1030.6004263726404,221.4716543726382,31.184827536340258,106.54051828710244,57.6548272172886
2005-01-22 19:33:10.163048130,1069.6783379082492,249.32282313680744,32.5006531051236,128.84849028507105,64.2510428779533
2005-01-22 19:42:29.841996076,1045.4551954798242,249.56779015022806,33.9556175692663,122.23936410249947,64.49347603797177
2005-01-22 19:53:43.158232114,1040.5237794027294,237.02567555202296,31.85957026645297,121.18890767117527,61.97679423275165
2005-01-22 20:01:12.653668499,1089.0790675646397,244.42252418312776,31.22535671440804,120.59723820206653,72.0217336949523
2005-01-22 20:11:44.180898147,1119.6102597442818,231.42958080006795,33.58383381744237,115.39608946991868,77.17909695853018
2005-01-22 20:22:47.759679373,48.940917388413965,97.19226807374744,19.52953930614124,110.20841925722141,66.85618225948323
2005-01-22 20:32:47.997303165,37.31722634032343,74.40120682271267,14.724849244843767,95.73658066228654,64.6302442980712
2005-01-22 20:43:35.294940848,26.633291375032588,53.158975800597176,10.568955597719139,83.39673952639026,61.9944978828956
2005-01-22 20:55:06.228282290,18.85547594010554,37.30703283028918,7.643003002033688,74.52756385294016,59.00552347586503
2005-01-22 21:01:47.594141484,15.37420473352604,30.890328719785067,6.239561199957799,70.58064399109855,57.676762568726694
2005-01-22 21:14:23.317175094,11.351368964348401,22.704072050966726,4.593142014980611,65.38125885244997,54.66453646392427
2005-01-22 21:22:00.947932969,9.750266006640896,19.48365948342433,3.7318444976032605,62.81046557500845,53.00154593448443
2005-01-22 21:33:39.332390739,8.209482057408293,16.396224842128888,3.3630486399072903,59.50615615902819,50.50460846266681
2005-01-22 21:41:34.062127816,7.711311925560257,15.144772111766814,2.9140532889802433,57.67790203103481,49.306424604747356
2005-01-22 21:54:08.790245648,7.015193902619494,14.004015441190024,2.696136429279053,55.09338948599927,47.09639853407317
2005-01-22 22:05:12.065216788,6.397861798649003,13.309490081445944,2.719237027872286,53.1465570062456,45.18920016131186
2005-01-22 22:12:54.277462482,6762.331653461684,-607725810.6264788,0.5640711820699987,1760819.0202004907,-39821262545.207
2005-01-22 22:22:34.272165573,5.9994084256452735,12.824890176590504,2.4514437532834106,50.751655901873676,42.91384053237219
2005-01-22 22:31:41.794812499,1044.1401347434175,146.48308048992578,15.923632050687797,44.35080367055988,53.4325863238144
2005-01-22 22:43:02.399170816,1067.5044015768262,190.8871810575495,19.912494486167372,59.45801159138548,46.376632956351344
2005-01-22 22:53:24.553255099,1008.4219230723361,198.15082636653733,26.33248003655865,69.14967951560033,45.22021013513814
2005-01-22 23:01:29.337973564,1111.6736701336656,192.93745102372006,26.429644671958112,81.0910742434199,37.21527676021022
2005-01-22 23:12:55.677701486,1072.2473430104853,205.53440605216366,29.559816784352552,86.56427588461092,46.41553803834852
2005-01-22 23:23:01.939428961,1036.3816767147216,218.55057886872316,30.25603052101828,98.51524683171222,54.362368570506476
2005-01-22 23:33:40.120598618,1109.8642242655826,229.60649577698996,29.617444680583485,91.74995723693166,48.20205157243106
2005-01-22 23:41:45.697788776,1088.3992869076512,223.2295097838788,30.099421370338888,97.88006615940549,46.19649421804425
2005-01-22 23:53:18.072610280,1047.4506515083717,235.73453457459192,33.10394288324204,100.49627897156873,49.13950228165507
2005-01-23 00:03:40.654577290,1072.9125940663016,235.4359699776336,32.4102396844457,103.31359876979221,40.94087425704801
2005-01-23 00:14:05.745527225,1143.4044491111172,240.3347117000989,33.5222253300108,110.03087128456345,54.59897225499178
2005-01-23 00:24:07.617849004,1027.6133224287048,220.08531037017207,31.783602059883385,109.07910490349735,51.49469463037284
2005-01-23 00:32:44.181288744,1142.0724378668012,234.3984526748956,30.599954119531787,106.69092988991375,64.67778385229445
2005-01-23 00:41:34.030719996,1177.4077175948748,228.09602503035245,32.52437343938608,106.70425530394743,62.28401699371423
2005-01-23 00:53:13.565653738,1047.5874771422593,239.7252968762411,31.912968024095353,107.42038699988822,52.57533597897737
2005-01-23 01:02:17.787813058,1053.4532684568208,224.2396697594099,33.874990752032446,106.91770182152682,50.284659018531705
2005-01-23 01:14:40.473162350,978.9752398420699,208.22206126686712,32.60219537859241,101.47543982631692,50.44361680768482
2005-01-23 01:23:01.306603741,977.5938639258754,220.48413330266038,33.42466909634377,110.4555706223538,61.349606580359875
2005-01-23 01:33:23.886474899,1011.8933858809596,240.45159442540728,32.62411326984146,106.14810165849057,63.71485022603566
2005-01-23 01:43:47.530375244,1056.07795465415,229.8683603001249,33.22258524115459,111.95394023341443,61.84947269908353
2005-01-23 01:54:00.648367509,985.617145780542,244.27251969850857,33.68060307495949,106.45454846573959,56.684004001043775
2005-01-23 02:02:51.061856388,1008.4581952128938,240.8679748841115,31.374115348029886,114.0984185281255,58.44562778935277
2005-01-23 02:13:18.810813660,1018.4993798725513,219.21050097006872,32.17889484208499,113.58512743181062,55.432362415384254
2005-01-23 02:23:49.626615241,1049.101836383323,243.61907223222093,32.407983633291614,110.65334659112109,55.69572226995168
2005-01-23 02:32:24.485627094,1000.968762188948,228.3106572156385,31.798418544591605,114.67115710595843,59.501364045517754
2005-01-23 02:43:25.290591184,1085.9955683808723,238.32187485963956,31.82903718573743,107.83012015226998,52.64096926762126
2005-01-23 02:50:14.515137371,1093.033344464321,225.97471771664883,30.827334763471352,101.5157334969035,61.01381387825912
2005-01-23 03:02:06.270349639,1121.3314749256904,230.99843651422267,32.86370703514072,115.83127751809971,47.893340263223365
2005-01-23 03:14:18.147995975,1093.9187819790127,229.2269524331657,31.79959050760726,107.24243064995966,54.99159439989047
2005-01-23 03:23:51.771053224,1048.0474226823708,224.07288318821583,32.10241402908446,119.16225486229771,65.7676867336851
2005-01-23 03:33:58.332640773,1071.3728372015692,238.21047186219084,32.57584195250433,107.251303357521,69.05460550040164
2005-01-23 03:43:10.689526336,1000.8655412730482,229.62848381888423,32.680226624334445,107.03579907903858,52.54860612963344
2005-01-23 03:52:49.809285339,1069.1675318819027,235.75048573596877,33.45573513381967,105.47721469487512,65.28950114532049
2005-01-23 04:02:21.317264431,1006.7753792374948,230.05826400109785,31.566183270110624,117.19255833973426,71.21730515702856
2005-01-23 04:13:57.789267102,1011.3466339786389,215.77505394246376,30.685477823505888,107.84997113469886,60.08952744257369
2005-01-23 04:22:16.196258549,1046.6022922450395,234.71977909705325,32.85311217385459,105.93400044350457,61.1346240581036
2005-01-23 04:33:01.991241546,1136.6789707855692,226.32313062586374,31.79989903755287,107.76025709627251,62.20349564312766
2005-01-23 04:42:41.101888983,1058.924997956492,209.1831591518059,30.372524956565584,106.41512159385422,58.07980837473382
2005-01-23 04:51:27.504662285,1054.3458802221799,227.33835786367268,31.646838952891354,104.56457187748762,50.195401144906185
2005-01-23 05:03:05.750137974,1103.0227271571018,208.06078410815346,32.83064825419436,114.47092385279385,60.254933060228836
2005-01-23 05:12:26.965540176,1069.932159200826,230.08421511195195,32.78626239559734,112.56552927010304,61.63658621824818
2005-01-23 05:23:54.605881658,1000.1991526076241,221.14292674895177,33.52416180990866,119.20535733360978,69.84094713955503
2005-01-23 05:33:17.720298617,1125.6617485395939,233.04753012433875,31.45115114273944,105.02616201160943,57.9882471189226
2005-01-23 05:42:37.013223723,1090.214227629253,219.47159155790553,33.392574306883546,112.43374245717044,62.87787331416732
2005-01-23 05:54:57.506751489,45.153538585102915,90.3347648365996,18.055240213447988,96.66235794516635,57.45727555115979
2005-01-23 06:01:16.216447860,37.595653210708946,75.36424120029596,15.08003582481683,87.2887632849729,56.0919644390587
2005-01-23 06:12:50.259715730,25.425622721717005,51.365396338500815,10.329681906312791,73.64670176113114,53.01139340076904
2005-01-23 06:22:17.668505925,18.54346932804543,37.193297361894395,7.40144647931188,65.78124220057995,50.4979084918934
2005-01-23 06:32:35.601031605,13.310033500954484,26.68939231485994,5.469413625990853,59.87665848736345,47.81250562067837
2005-01-23 06:42:16.103671075,10.11597075519658,20.445862277700467,4.125545164186866,55.695239703095886,45.72702811038608
2005-01-23 06:52:27.846964756,7446.244311175574,3.6337629935374737e+19,4.387593032140883e+34,-0.1605800664791186,168.0603226054719
2005-01-23 07:03:44.628804568,6.4570890586382435,12.927544039526982,2.5935615442417914,49.26769277864921,41.34714522097434
2005-01-23 07:14:07.824653741,5.554051941921907,11.344303337046306,2.146572982022924,47.08585293649965,39.50734619896335
2005-01-23 07:23:58.055692870,5.19933397102626,10.455723388143129,2.2307090209989084,45.26393756141121,37.890071977078314
2005-01-23 07:31:50.747383227,5.089521958942797,9.8300156450566,2.145955087952002,44.01832369850356,36.7826532247201
2005-01-23 07:44:50.697157894,4.863573167695334,9.483213826852708,2.0731078420978872,41.88014414997103,35.090736636159235
2005-01-23 07:54:15.808359317,4.634451389364883,9.321586951106603,1.9423372468129356,40.91058411783922,33.61004382465231
2005-01-23 08:02:12.976456457,980.012426015212,131.8435606030125,12.83429243073546,47.748123565163354,38.57284374411117
2005-01-23 08:13:03.540258280,1118.677624733128,143.84045011637397,17.434524161931257,60.89696548738,36.16709344753166
2005-01-23 08:23:21.848898805,992.8181505260752,179.76589142753684,22.385152422258738,67.02488164295715,37.06866786521857
2005-01-23 08:33:14.819468706,1008.5899330648581,200.71445718087125,26.633985279449846,74.61928358386969,41.8224750335112
2005-01-23 08:43:52.654610498,1060.618744181898,213.76636648176247,29.57155755679712,72.98387188344745,40.67545683991418
2005-01-23 08:53:01.559975024,1098.6490693862902,219.26461130251892,29.34443349749369,76.4935539969031,35.968231802259545
2005-01-23 09:01:28.818949222,1074.9959166689744,215.98402049464346,30.378376447528048,95.40988354237406,43.702085871034164
2005-01-23 09:13:47.057861508,1192.8851816312986,221.57847634569282,29.962941136095683,90.40611143843894,45.51282256795409
2005-01-23 09:22:12.454347835,15400.51437220012,981.7481022964184,11137.184305351642,202.56408815837614,43869528.75482204
2005-01-23 09:33:04.387755036,1051.0962295414845,220.30365649893594,31.280797454474836,96.10086781080622,50.913305469029126
2005-01-23 09:43:01.101548519,1017.9037142338311,235.16560510869613,32.78183591558524,96.84174589020829,39.29170585609987
2005-01-23 09:53:12.464094220,1030.3050119759482,227.8708232027565,30.783824240601703,96.70423579160419,45.983095453075244
2005-01-23 10:02:00.705761783,1105.9277489795113,243.48462916377377,32.26420165283942,98.75238136978764,56.44383263396206
2005-01-23 10:12:53.092849550,1015.1483414410503,230.44084745382352,31.735757275653324,95.80542604260827,55.02880021465291
2005-01-23 10:22:11.010990402,1072.0640828990213,253.23747264007895,32.30479193464592,92.00224505920553,49.384687562651216
2005-01-23 10:33:00.997141904,1073.5446467384857,231.04831490091289,32.64790994763206,97.9706487616403,51.87613176441089
2005-01-23 10:41:28.883126828,1146.483495083233,242.93213996882324,31.04523259444926,104.66043602343642,53.990386448657475
2005-01-23 10:52:18.287979648,1115.438390276332,227.51038993454077,32.65384173006392,107.7388843962308,62.42715332993525
2005-01-23 11:03:03.515355968,1120.6028379654401,232.06461621139832,32.629844871742335,96.44029925127549,58.97916907635517
2005-01-23 11:13:07.152766889,1077.2151921985271,222.76160448633135,33.24909208182654,106.89300869134358,51.4156215770331
2005-01-23 11:25:24.201726741,1090.5684673537653,231.86700015383204,30.427811177718663,97.10878484138445,57.023313667945445
2005-01-23 11:32:48.626520574,1032.2933142706775,231.13358378208258,31.543314966656162,120.83784923441958,62.743120223042744
2005-01-23 11:42:37.842009826,1081.5118669860951,229.2643550141917,31.90071842468744,119.4218520872712,55.01139787187553
2005-01-23 11:53:21.721514051,1089.5997961611968,229.75611393028709,32.09581390641374,112.19242733623976,54.27223423919796
2005-01-23 12:02:38.081114280,1029.8531445579601,229.66860201517028,32.33191798754667,109.85920269142349,56.33224860320278
2005-01-23 12:12:39.363883128,1059.4413931183265,240.1492771706714,31.997227168623773,109.7083271959661,57.58315060701374
2005-01-23 12:21:59.419362097,1116.514413362549,230.49764166759672,32.08574542725366,111.34909772111736,57.88882801029039
2005-01-23 12:32:44.419633614,1071.3745762091082,232.6091360033188,32.448498243483606,112.3883540187547,57.571243915072756
2005-01-23 12:43:31.622284452,989.8883493021501,238.96352172330705,31.64839218606676,111.22757242316322,72.39382886801398
2005-01-23 12:51:27.869524606,1049.275075236442,227.57755265443245,31.933812661378838,118.24092865016775,60.305815176913804
2005-01-23 13:01:58.040162928,1095.7582818949409,229.2575973903597,31.243359095912332,97.91399911811482,62.81337461988799
2005-01-23 13:13:45.160617060,965.8722201781294,230.8431190608521,33.01463942289552,115.17402096525451,68.4691960731172
2005-01-23 13:22:27.996634348,1106.694306992188,230.1033045035723,32.592469572328696,106.93441027058476,73.60491751237555
2005-01-23 13:32:23.524428693,1026.440733698718,222.85139339047043,31.809851411582763,111.60646028522189,62.322265408726494
2005-01-23 13:43:17.440176982,1026.8285884991255,241.19720289828322,34.90217774609305,116.04755122388612,72.19305685603106
2005-01-23 13:53:29.161691938,1045.0796689471704,219.16662436932953,31.49794632854174,120.14696929763636,71.01389541066364
2005-01-23 14:01:44.779023777,1072.6145085441078,242.89284407304066,32.61985322474274,122.9564800011888,66.51668811789474
2005-01-23 14:12:28.273276360,1070.2922409870364,244.12478968496953,32.512632427290605,108.05627581629766,70.48636973872388
2005-01-23 14:23:49.823357885,917.9794184362395,214.59232666544295,34.03746660857646,119.56937312802503,68.15467182752997
2005-01-23 14:32:09.385260867,1093.385265890699,227.3880222004421,31.915616835451086,116.35813893579876,61.448518299737216
2005-01-23 14:43:39.482124101,1079.1537308687125,217.42911027507424,33.665641534670996,118.61736145961434,64.81923456909547
2005-01-23 14:53:19.726105779,1135.0639675581367,224.1183621192846,33.72841852247819,126.93516628834489,71.54804303490306
2005-01-23 15:03:47.427065332,1053.080174776755,232.77984009805465,32.9982359492233,132.11751649588047,76.38630015655552
2005-01-23 15:11:51.955600544,1096.7157204361904,229.41271643795616,31.289703701809223,122.18469347269973,60.7089693783015
2005-01-23 15:21:38.286126684,1083.4470268303064,245.4223685671936,34.14328248465716,125.36360088690358,70.8791488028294
2005-01-23 15:33:12.174332817,47.80240360850529,95.75197925293932,19.194265239284615,107.21797086143636,64.94235011260061
2005-01-23 15:43:20.150919531,36.37732273234922,72.50561206888864,14.755659034305197,93.01119767611671,63.013552138679906
2005-01-23 15:51:18.263966495,28.221966175302846,56.4270092084782,11.148418665720449,83.9930338658428,61.07640840169709
2005-01-23 16:00:52.344846631,21.043164906323355,41.764301181139516,8.481906060192921,75.88937297220374,58.75993571580923
2005-01-23 16:13:42.292897735,14.476038195048929,29.16240731690179,5.716460012151007,68.40096505383805,55.93533449416854
2005-01-23 16:22:56.518886037,11.759606148842213,23.46338892434203,4.564220382670044,64.92671524852547,54.038507227418044
2005-01-23 16:32:33.872293619,9.644401052315647,19.520397114377218,4.0285494315321175,61.85671837373514,52.14218878780471
2005-01-23 16:41:27.155360138,8.534750726370927,17.202944402771788,3.3655123024085754,59.791512511236796,50.79720368552244
2005-01-23 16:51:38.060246541,7.869488601658059,15.582432514592096,3.2376898111417174,57.63097847591695,49.08342588870671
2005-01-23 17:02:59.511577008,7.403340462351353,14.409699961078498,2.817284227441372,55.6560946294536,47.38868147863691
2005-01-23 17:11:50.749362627,6.970624096446061,14.039312441920321,2.65962553690759,54.27829263954496,45.93596194937347
2005-01-23 17:22:18.466777124,6.670528683204454,13.507533223990505,2.6948113639037192,52.91734658187473,44.83588100904116
2005-01-23 17:31:31.301937644,6.7247119837350136,13.251882001420997,2.5809706134854333,51.68403275292779,43.51241405601366
2005-01-23 17:42:36.185429961,1013.1051182341358,151.0363522344307,16.688248999248202,51.385855522474614,42.29184785787353
2005-01-23 17:52:03.411392381,1039.138439024203,180.02216045524173,20.157807351904072,67.90656088156813,42.25747769402272
2005-01-23 18:02:11.192557400,1031.8226837796503,197.310283976996,23.997783938509976,71.69535550543492,49.598677412879226
2005-01-23 18:12:33.482380237,1023.5296509280648,204.7288610947144,27.59094047664356,84.51025553429164,49.63951129280272
2005-01-23 18:22:37.588988739,1043.2712096389291,235.9540785275489,28.850063523063042,91.20020066245289,38.11141939506775
2005-01-23 18:33:42.702824467,1016.5490478698491,225.5016917200084,31.794782437247832,103.54794278765537,52.28493277855216
2005-01-23 18:42:58.740321936,1036.4075079924476,223.975345179201,31.376140490175864,103.50828037408795,49.71349103404026
2005-01-23 18:53:29.465987883,1034.1821748648786,217.97262040162025,33.426374755143925,102.58066452678014,57.43086537315306
2005-01-23 19:01:17.613054079,1015.9045231440151,238.37342194564562,32.71003156828769,105.13002498396116,46.9984396315638
2005-01-23 19:13:49.503821010,963.3248367796008,265.5545973926286,33.63178861928015,114.8120072386915,60.94335883358786
2005-01-23 19:21:57.649611220,1064.0941122020608,229.2257493778102,32.904837445117785,108.37002527156864,52.15507406582775
2005-01-23 19:31:20.012844328,1095.4296961033608,233.3432931845766,32.15031807585506,105.78833419574765,57.39847823423382
2005-01-23 19:42:17.295878915,1005.533897811328,230.07672580343092,31.049109804624134,117.64339865855518,57.92342726570972
2005-01-23 19:52:45.875347636,1035.0495652579496,239.76843249784025,32.454215161664756,114.93219752368711,63.451293866206285
2005-01-23 20:03:13.645276624,1047.5909236388163,217.72755820256566,32.583071616916136,114.89018791663985,62.640314776907296
2005-01-23 20:13:59.090053834,1035.6215411998107,235.83930111229338,34.25544433818951,109.02448199850484,62.562360325598256
2005-01-23 20:22:54.652020867,1064.201425022341,242.40829958705032,30.303902272977425,118.1535832027773,61.71754465298424
2005-01-23 20:33:39.590947475,1145.2587325942973,237.9183932449637,30.905484628683016,120.23197176740122,63.77522940953947
2005-01-23 20:43:03.261111810,1126.1271009156485,216.3378488780526,31.74426045679752,115.22664230062128,61.55729597017193
2005-01-23 20:52:57.413310709,1031.681322875709,253.87360356893507,34.92752554806884,118.98629674632129,56.007779961409476
2005-01-23 21:02:51.695544768,1008.7064918403898,234.2340318973175,31.81081941490368,113.81540946866828,66.51378933234157
2005-01-23 21:12:08.291917841,1057.2158966642412,233.84026878449376,31.35972892619525,110.33044328107313,68.56516664833268
2005-01-23 21:22:50.922113631,1017.8659594325354,232.14682990109756,31.818754437556297,117.94780079993551,69.46207581668958
2005-01-23 21:33:38.841737445,1179.6156220817243,220.53076321101054,31.241407580422297,115.42435838114693,69.41867390374897
2005-01-23 21:42:06.778948790,1027.2398145517254,236.08966629082667,30.649745188037695,114.89342540366006,64.44146425421742
2005-01-23 21:53:32.680510359,1059.5840320780455,215.88678755300666,31.40222373379034,114.56452791275707,67.06262800144121
2005-01-23 22:03:38.566373449,1062.6882127676201,223.0955458849238,34.220867602916634,110.78641316739211,62.69806461680904
2005-01-23 22:13:51.325880540,1137.5257342820523,249.93971707690196,33.85360462358176,110.19947415459504,60.13863640970594
2005-01-23 22:22:49.462275187,1009.6802551276268,232.41550495679516,32.029592392378305,113.88091446612043,61.64457294792775
2005-01-23 22:34:15.264378256,1065.7792199254006,232.91994622665302,32.67071742086806,115.68018730507629,60.92785933671052
2005-01-23 22:43:52.190535596,1071.9260141597772,220.10251864542423,33.903933306461724,114.11767518288693,66.6166373579188
2005-01-23 22:50:36.977345770,1035.2567714214686,235.6898140102943,33.740127722108305,124.44461294606697,73.98505230791011
2005-01-23 23:03:27.470808823,1073.9759619308734,225.51781102572335,33.17013128175942,122.71188161966536,66.68505677628859
2005-01-23 23:12:05.174998688,1068.9933677589015,242.9903665288976,32.241261682966744,119.81668682586978,66.69641073398877
2005-01-23 23:22:56.433901391,987.4941133400434,249.5128140751764,32.59877895815503,127.84385850315431,60.91162410745912
2005-01-23 23:32:23.302989040,1052.7000862145292,249.59566239106894,32.595223479154505,108.08619350260919,56.390469098507324
2005-01-23 23:44:06.161276251,1093.0153030006604,229.91125609820796,33.577260731582314,119.76101526439119,61.786414610953194
2005-01-23 23:51:38.211419241,992.1560185799824,217.78323130604062,34.04624016341934,121.71608221861761,65.98059189954827
2005-01-24 00:01:52.883332494,1090.0416604796585,222.9933151942948,31.52350895126047,119.17083413890191,79.08198128135217
2005-01-24 00:12:39.514320552,1036.038776910289,235.56491933004514,32.27508250434462,129.92240139117465,64.76560201357779
2005-01-24 00:22:47.975552851,1060.9772147309502,237.12488531723284,31.41094361345344,117.04314774201112,65.51214559533977
2005-01-24 00:32:30.240202110,1014.9592981719667,219.8919376437134,31.011697899260906,125.14197725897202,63.866606825352534
2005-01-24 00:42:55.453709120,1013.218881176701,243.59942708714064,31.23216274522031,114.65103045503618,66.52910498087725
2005-01-24 00:51:50.924056175,1064.8528354068835,223.55912498660686,31.31244524393536,119.84490367964597,56.82035657292454
2005-01-24 01:04:32.154114231,1034.4418500703819,226.00496337891204,32.2448116465109,123.23346483768057,59.554673375087695
2005-01-24 01:09:41.997668341,1038.6549316033097,224.06375111047387,32.6137725916926,114.85199111860861,67.11944130665195
2005-01-24 01:23:26.250395265,1033.0701086142635,241.06520255473592,31.71468866575484,113.6096298071343,63.35028474910731
2005-01-24 01:31:29.535308701,1088.578809145445,246.5741543089451,31.073441698353182,118.8009787511111,71.11497703063299
2005-01-24 01:42:56.112389123,992.762335057925,218.916092606024,31.63194162434893,109.36668559872982,65.74787146184069
2005-01-24 01:52:55.996848644,1052.3892247107192,248.69961926749633,32.018700084654995,106.20653800260736,54.34941618736754
2005-01-24 02:03:23.320349329,965.8483744798646,224.98666636133777,33.5696117852247,122.23527210469611,68.57892822747529
2005-01-24 02:11:52.162399941,1106.2120155210832,236.2558889376318,32.30747294267428,114.22769088992065,59.96114903400169
2005-01-24 02:25:48.598262523,1021.3415386098364,214.70204631524092,29.520167537295713,118.05584193965286,56.463136998258555
2005-01-24 02:33:00.258680884,1077.0142670142282,246.0137751431319,30.861542274484535,111.16528068788993,66.08944877415755
2005-01-24 02:42:35.823510553,1056.8472253903838,237.64869280177365,33.10975570280243,108.13715084781651,54.26026939094955
2005-01-24 02:54:05.147824337,1026.5627814567627,248.2729201932737,32.00838767506802,111.42416353767601,62.419140095933585
2005-01-24 03:03:03.535106313,1062.4641996369714,228.90086907081374,33.098629501909116,109.68363179171358,55.38094305015708
2005-01-24 03:12:53.607087095,992.7679075462715,223.5602965947173,30.750223811190153,116.79428922493946,71.73147441488851
2005-01-24 03:22:26.345995481,1081.2057437524995,236.7651679660953,31.0861826537917,105.77975275908699,62.81634957997797
2005-01-24 03:33:20.460499166,1078.6233892692046,238.41826619188885,34.559517269542454,111.55540592258365,53.833712545408716
2005-01-24 03:42:07.978429487,1151.8004576432288,224.34208962749287,31.33150150328545,114.12334387417995,62.755835111903686
2005-01-24 03:52:06.791640801,1040.2384695536796,235.72878474727952,34.25032835484925,115.78296337828262,59.16688146931472
2005-01-24 04:02:00.057569273,1035.5563269093059,228.3337045870547,30.635292876304362,105.40322301250912,57.14444969484231
2005-01-24 04:12:33.732507371,1124.2289660196802,224.89795701096133,32.258806398552956,114.60810945986843,68.76064178918588
2005-01-24 04:21:47.968021968,1066.959718142798,235.884655442938,32.65230420681792,111.73002942729161,63.06601905810328
2005-01-24 04:32:56.386726624,994.6186688995733,226.70376823570012,31.680494894011648,111.63290505812222,55.337737219086094
2005-01-24 04:43:23.825265600,1136.155845222795,216.79103741475248,30.623652133750955,108.97153015696078,66.15846837966404
2005-01-24 04:52:05.169728649,1051.711564503186,234.00334847812996,30.955080463320176,111.75981021130087,56.462978418961626
2005-01-24 05:02:49.478580535,996.1689961386074,233.5261247670943,30.49660998466352,104.80044828244803,60.27920810538277
2005-01-24 05:11:43.950537694,956.8206010264132,219.5585042142015,33.67449893035438,107.64846557804924,57.97880718693819
2005-01-24 05:22:08.115491808,1062.1475864167903,231.74357411597418,31.164276463528687,115.89022971790584,59.72381520777986
2005-01-24 05:32:50.605674560,1095.464640549375,233.055755953111,30.106442344797806,99.12349992546366,54.98199955400703
2005-01-24 05:43:05.737506717,1001.8427662697775,231.94825469455398,32.149858450701004,113.52644874062568,55.93700426946471
2005-01-24 05:50:26.544909763,1117.6448408045833,239.0409104380407,31.14868247207258,107.95754105698015,53.13810473074529
2005-01-24 06:03:16.510117321,1099.6830024715803,209.65264284693745,31.809712432652635,109.02876227899203,66.61845189788636
2005-01-24 06:13:25.556385158,1074.82334940098,232.73912270770631,32.95704999672212,110.18075679994558,69.52722728962806
2005-01-24 06:23:29.376974631,41187023.93513002,1.0699213742776874,-3.655885539235292e+43,-0.7586121006661988,562277193144.4584
2005-01-24 06:32:01.061774218,-1405116189212819.8,-8542465.940617684,-2.03634305841678e+18,0.21977853364403713,0.00526609858031763
2005-01-24 06:43:40.198692636,1134.0668781048244,215.90607436437926,30.560613043287898,107.03137864034059,60.32866174649768
2005-01-24 06:54:18.090348568,971.2426282498973,234.97792910592005,31.378375954766543,108.09483180308636,62.86024660218767
2005-01-24 07:04:09.055774437,1080.3957334443162,235.1097951300857,30.95407382796158,100.09605069170367,63.548863020171396
2005-01-24 07:12:27.095040320,1108.9810080704794,241.38591850629925,32.81732826133854,112.6724724176674,69.09093081179373
2005-01-24 07:23:22.961131345,1101.4567275596812,239.56883961891864,31.920913763759323,110.21974108403896,62.84848410799386
2005-01-24 07:33:08.510576231,1067.1650912496093,231.78853838524162,30.435019386350422,110.32947723994462,50.98906811801078
2005-01-24 07:43:08.427402652,1015.6940663087347,249.3122697281982,33.162429526172104,113.36829009554742,56.23256988379025
2005-01-24 07:51:21.763909554,1063.2770685153205,221.39053873164093,34.838124741838776,108.80560514294227,55.4004774619088
2005-01-24 08:04:07.947042306,1017.7782152892754,228.50520989379402,29.833534466091248,113.32000771001563,62.3065467678548
2005-01-24 08:12:27.882474793,1088.217053231468,249.0301962359855,31.734665601247475,103.48249190976193,53.88743767162015
2005-01-24 08:22:34.667136842,985.2122562137936,232.70367280916898,32.13651397713908,110.07806009696307,59.047945251409665
2005-01-24 08:33:19.420070681,958.0643193335248,222.85962406407077,30.606589408538703,109.47504138340014,66.07331787184498
2005-01-24 08:41:47.751550886,1118.6187449963475,220.2790296915465,28.411329506637227,100.4330030252061,65.25950956014013
2005-01-24 08:53:02.358109268,947.2782538220628,215.12361825773232,33.04441312924015,114.82455509145093,68.01931400202709
2005-01-24 09:02:39.673069802,1128.149500621114,221.22489557894355,30.757316922336287,101.85836429791084,46.894052746126064
2005-01-24 09:15:40.631957797,1059.5920626475145,258.5253658869332,32.613098009718314,106.48729035998139,57.08693487637104
2005-01-24 09:20:37.193762148,1023.0886312356948,222.72233770980404,29.3053837642318,116.66820243217937,62.047633844013774
2005-01-24 09:33:30.402241977,1100.3127684207586,217.2702063399605,32.113699892416,100.45020715549461,55.90891403386618
2005-01-24 09:44:45.613666818,1074.7310311367596,238.550258350862,32.38577238550109,116.86886222595957,61.817316501164186
2005-01-24 09:52:34.150151710,1093.6020214258535,228.78822497243817,32.46965279951713,108.83037447825498,69.90835412383046
2005-01-24 10:01:15.729970406,1063.817801876034,251.87995281981165,32.00283650405182,112.17877266251492,58.93106060925346
2005-01-24 10:13:38.197122525,1005.3378689325788,233.97374720946985,30.70014468619798,111.9720525094517,50.5483335411522
2005-01-24 10:21:33.676149038,1046.7217798593604,227.74503731165981,32.28156726616531,110.84921218223276,56.24420682573991
2005-01-24 10:32:43.261088861,944.0738255935565,226.65617709754883,30.712190848600798,109.2203272347743,73.30432877683448
2005-01-24 10:41:37.877781581,1081.365579673441,261.8502057416986,31.67939667898013,107.79836463107323,66.73349649785965
2005-01-24 10:52:47.527080154,1128.1651829526766,227.72528883439645,31.296714951582715,117.17276800076101,56.568063977096756
2005-01-24 11:03:07.611088595,1101.0995915591855,208.01031103594386,33.00378744658171,118.46622961158516,65.52812913434052
2005-01-24 11:10:25.678546377,1037.8997155300087,235.01221942088105,32.73594648609943,101.30800507666427,63.15268034127602
2005-01-24 11:22:55.189921599,1114.7223013379996,220.9576708965767,33.10870810337413,106.04931787593446,60.35190193448473
2005-01-24 11:32:09.560521852,1013.0866375510993,239.39747439731374,31.89701371512712,112.05501513890592,67.40885227589244
2005-01-24 11:42:04.336782262,1040.7347965111662,253.97143257903542,30.15647750549332,121.14860202396655,63.88309536407436
2005-01-24 11:51:44.209697960,993.55991842108,233.5271625849205,32.73969873726355,110.16662314838447,67.62595894756912
2005-01-24 12:01:46.538109096,1025.0726605120944,241.70901385742036,31.219767643634803,114.49105617526544,59.73312245669861
2005-01-24 12:14:02.056118130,1044.2248512298681,223.54615571863624,31.726502506479893,110.07764641238724,66.929100831056
2005-01-24 12:22:55.122878296,1064.611711040079,224.03998883305306,32.46719809063332,118.82636396958407,59.85259365997328
2005-01-24 12:34:17.904585257,1019.4900191155466,230.251994516768,34.309468515237455,110.90774231156156,67.56776146642879
2005-01-24 12:44:53.876806626,1021.5457377549258,212.63091656362846,31.181727257762777,120.25657802644828,68.77545780395914
2005-01-24 12:53:55.632097584,1132.5898644780468,228.54031049145763,30.910274066291624,114.56020399691491,65.73093359517532
2005-01-24 13:03:53.870851877,1034.5495778804243,230.54250300275885,33.86537272545905,115.48450345208596,54.25591217907156
2005-01-24 13:13:19.847339603,1017.3269586649049,229.91495804969375,33.385240553508595,106.66982447452104,65.46127309165429
2005-01-24 13:24:34.576406930,1037.4910489319798,232.5666628987013,31.90551928953758,125.42121201100983,67.10241191990175
2005-01-24 13:31:12.114597147,1063.5434826389144,222.59067708194715,29.833697705317185,121.14608247404223,66.20507378499528
2005-01-24 13:42:51.274440554,1106.1927721233424,249.68769318871915,33.18618569005533,117.66299749860327,66.05331045949879
2005-01-24 13:52:04.863062862,1122.306862230984,246.00377513496392,32.87221016325512,128.66661800178105,72.08441191238992
2005-01-24 14:04:40.395869380,1000.0976517564907,229.20422014128306,30.968514312853706,113.7344317229304,71.3476267837046
2005-01-24 14:12:26.415135870,952.6649155858363,244.80607392994085,32.19752478711081,116.78487048272729,63.96022820868932
2005-01-24 14:23:50.883076604,1042.57714943858,220.46391773727595,31.773070542667217,110.7323004734056,64.70257434940893
2005-01-24 14:33:38.662856910,1053.8011768830079,230.13082490310566,32.68812374940958,123.76360766970994,69.45430014594345
2005-01-24 14:43:49.458100399,1002.4971016643809,223.72348770602122,33.76347413661724,115.83478388778765,56.2647140247268
2005-01-24 14:52:36.334379120,1035.7841997133614,230.85959541376027,31.988133586861775,129.74733030572293,70.91739096003336
2005-01-24 15:05:11.211768972,1082.5605834292496,218.0613324445831,31.694544100317135,122.88311442090011,66.6744995039085
2005-01-24 15:12:03.556878048,1132.9731913836595,248.97578853910545,31.4904731498763,120.211620416177,72.02374213486507
2005-01-24 15:20:03.135226300,1101.3759538681636,223.8741166049188,33.49790754653329,117.17427746612816,72.20754750114895
2005-01-24 15:33:24.607234655,1046.438347087818,238.7990368996592,32.29727750678742,120.38293930768545,60.62028686040941
2005-01-24 15:43:04.342955417,1021.4542104211554,232.44757006132937,32.05265603291346,116.38351319477503,70.55481648222647
2005-01-24 15:52:06.221701106,1079.580933655407,224.1536008424749,33.06415856202622,119.05036907790972,62.10296557885728
2005-01-24 16:02:27.070721227,-43204.040895956496,0.27297201371341717,-14.863819243176732,1609767814187823.0,477516.99241210485
2005-01-24 16:14:25.223942966,1026.3883328252439,227.90957295982483,32.64332504982039,124.36353228284258,72.78823732988981
2005-01-24 16:22:08.582085409,1077.758958603164,243.94691517418624,32.65433180174062,130.92367254795656,70.08345184814293
2005-01-24 16:32:18.760670039,1112.4651423574387,246.51451741303066,32.54047164259663,122.48357025742176,64.04996743920022
2005-01-24 16:44:12.345978780,1015.741050417752,236.95539048421813,31.48713115393891,116.25012011948591,71.86809455758699
2005-01-24 16:52:37.116271832,1112.345177739928,241.83065355448127,31.78784803668983,120.14656963452875,63.809245885404295
2005-01-24 17:03:03.311391462,1028.8571952371913,235.17153600044503,31.901329874914055,122.53252847606257,75.54148771895984
2005-01-24 17:13:11.020377414,1023.7720120619122,233.48278030235244,33.857083936968415,125.75107876572326,70.99320600219093
2005-01-24 17:22:16.429032716,999.0104158579062,224.36922036549254,33.30119057590925,120.71191532437865,69.7143179602045
2005-01-24 17:30:58.980043851,1090.7557983963243,226.55404261582163,34.827671236111,128.15240381045126,71.30036161242106
2005-01-24 17:40:44.595556259,1043.5472457406445,245.2633276390829,31.916872145980584,127.95640627519701,72.63149949950808
2005-01-24 17:51:12.133854068,1024.8970363692001,234.0917222406338,32.7260737223626,112.74608989460408,64.46002037904108
2005-01-24 18:03:03.066931293,941.3090520502427,243.92891608306707,31.861493054378364,118.47625855955377,63.31636301477609
2005-01-24 18:12:16.235269615,1042.5368423224038,241.15472285766953,30.55249529714831,123.63457816869128,70.16072245537349
2005-01-24 18:23:22.927535895,45589828.413469866,-856002772054.5575,1662.79584859488,-73158.50468785854,-1504663327735828.8
2005-01-24 18:32:05.719192084,1116.9300124240874,227.06205582298526,32.11177525780113,119.88428780209787,68.04635116038202
2005-01-24 18:44:55.499011583,1028.2308942733773,226.914056013032,33.59564709576794,125.0590235196859,77.32899925750154
2005-01-24 18:52:56.562831520,1092.1982348355757,220.63121532157027,32.900642759020464,129.30137281096393,76.49297107787207
2005-01-24 19:02:52.301208932,1081.3677771705081,241.08138183863025,33.44331785031343,121.7227520368878,65.23572969810976
2005-01-24 19:13:51.751582842,48.69040240336591,97.10393358443305,19.432948848024644,111.28205979648078,68.06133118482968
2005-01-24 19:20:51.117064709,40.482895714705485,80.96791790141337,15.97110319284604,100.90176530230697,66.65067081062635
2005-01-24 19:34:56.288803137,25.978514165439133,51.87218445600004,10.382367588995784,83.94051412160968,63.026331759473415
2005-01-24 19:43:42.292794683,19.7624431785419,39.6386013171552,7.910329126469233,76.81091056824964,60.7984026642895
2005-01-24 19:52:33.995355486,-51127.35370184749,-2.644840124409314e+18,-286213.108967484,1.5124067062869944,-1826.2931735188859
2005-01-24 20:01:36.836343517,12.291537994857315,24.511962573507432,4.879014826421495,67.4408059422195,56.4030520747263
2005-01-24 20:12:04.331409655,9.848640285672234,19.685192028942915,3.9571219855952267,64.01018889813896,54.07071888569465
2005-01-24 20:22:38.032194576,8.33279687363598,16.786168664058632,3.4993337836300746,60.88443628707205,52.107202141954275
2005-01-24 20:32:13.642311184,7.570148471677367,15.320235301482052,2.814790474004078,58.69963692260015,50.24638083859522
2005-01-24 20:43:17.086190572,7.032219480975026,13.930434991705734,2.8593718518836018,56.39151502254956,48.398400018712415
2005-01-24 20:51:28.053870347,-8359614423886336.0,-1601.9972314074844,1.861311547447306,-178275677957884.47,2.17661649502468e+18
2005-01-24 21:02:23.671780555,6.626047576348384,13.028309532987974,2.795155131874062,53.02119365962767,45.20074302936959
2005-01-24 21:13:02.523452812,6.345825447219309,12.670073014137698,2.5376824031953484,51.6569193098198,43.9404209326784
2005-01-24 21:23:27.904338586,1013.2728608444061,159.55310467464156,14.626812408881491,59.121899379279995,46.750081330129866
2005-01-24 21:33:10.108941391,989.9352272789537,162.62997242070355,20.2227325162229,57.76788952422217,40.173776471729774
2005-01-24 21:41:25.611425164,1058.1478855386486,200.4254467287312,23.841941033250066,75.42422107711225,39.36349882921421
2005-01-24 21:52:28.118910638,1013.7468488471003,206.33108906759176,26.562975850329767,88.14148770088732,47.810916927113595
2005-01-24 22:03:28.266754053,1054.1427753612788,220.41204619317674,27.91392296359708,91.82778503192549,45.529282949963026
2005-01-24 22:12:28.713378972,12088764.788143562,-55277413415.95009,266916687.2209614,-3.9156768791393864e+16,327872.1978805709
2005-01-24 22:23:51.366838805,1044.5949511553256,218.87235557180298,32.20065997224105,95.04214294737237,48.62361844167558
2005-01-24 22:32:37.119438492,1052.9949422457044,217.13175931686948,32.64266469437959,89.94281304832217,54.019995005851925
2005-01-24 22:43:08.620893922,975.9922344376412,228.18885809968617,31.04414963363348,109.0390502010807,57.33107639575378
2005-01-24 22:52:38.452974108,1057.346828208603,227.90587784005396,31.495839177970428,111.2020206737818,64.66204583639343
2005-01-24 23:03:03.470607808,1074.0533057509276,216.04772084319416,31.27664168381907,105.9350395673177,52.94819966532451
2005-01-24 23:13:46.229644030,1124.7636968039412,245.8505070649635,34.362064111989895,110.87406893707647,62.14931773445137
2005-01-24 23:22:07.686548855,1020.5799817197112,227.89568095205755,31.89710615175304,105.25568953722652,59.02761094823242
2005-01-24 23:35:07.406426477,1052.4203209971593,238.9123304726745,30.297722126493838,109.22575378039306,49.0068761612082
2005-01-24 23:43:44.103653701,1084.766524785523,220.1159485915083,33.99915276332214,104.53675878305958,57.6077819966284
2005-01-24 23:53:40.178732241,1092.656729667429,220.58663326995097,33.59552559158994,104.66697544956972,57.382682966142475
2005-01-25 00:03:26.776148257,1008.3831846271112,232.53105057360278,32.22499034957548,113.64763756869972,58.44408927678525
2005-01-25 00:13:09.818716027,1047.6985618259955,234.93138062780315,31.058245950947196,109.47231709307601,58.110211578093626
2005-01-25 00:22:38.207316783,1057.4845020977614,230.36886828691954,32.76025555002015,100.35778567291598,57.7644946036711
2005-01-25 00:32:36.937976040,1052.690113613617,203.0772878976716,32.734128319878664,105.11006187565664,61.52111395244431
2005-01-25 00:43:02.676389745,1046.7724481682005,221.3365906297386,30.350809170554225,114.09664008427166,63.71804273209815
2005-01-25 00:53:17.696102092,1050.5018717183139,217.27550160904653,33.91745043147224,116.96354788408468,59.79895025983288
2005-01-25 01:02:13.708226273,1123.0829237749379,214.65183453153284,31.717290157717656,109.34763329487096,57.72035214417584
2005-01-25 01:12:57.127427341,1038.2213060567203,232.54008771567496,31.91354240770714,112.16779290165945,56.69438168838223
2005-01-25 01:20:59.948090079,1025.8438292731041,225.4501620670968,31.785066965413954,107.35073687273102,62.78816954558195
2005-01-25 01:32:00.728275624,1026.6804720126324,216.1850937425588,31.765362013515585,122.08286852452834,58.979350974981564
2005-01-25 01:42:47.021352866,1060.807673453063,250.51490182910638,31.667914875363227,110.89225891628995,60.92404680503699
2005-01-25 01:53:29.026211178,1064.937297857135,220.53065473239354,32.041158057301836,111.14615018986783,66.45311973139478
2005-01-25 02:04:00.611010290,1005.1550438974652,239.13109962088916,32.49983581680915,114.5344620763884,58.865339654953715
2005-01-25 02:11:51.082921984,1084.5803298080434,222.06909361919818,31.25648801281946,113.62601173742357,61.160786444654256
2005-01-25 02:24:41.180908869,1089.0512744918344,223.13578024322234,32.91421059406111,107.56013727000959,59.31690152570928
2005-01-25 02:32:10.888280721,1083.5189329058633,223.76546985532624,31.411640877279737,111.34681873481829,60.804308118219446
2005-01-25 02:40:01.073092248,1012.5875423671197,225.2431930826196,30.924654946258432,108.29455721644253,52.526445124911696
2005-01-25 02:53:18.704237371,1083.6691534651184,217.0189090390254,33.31794671931583,104.46282131071173,64.48626699655489
2005-01-25 03:02:12.668019240,1009.2479656063306,224.46139326676825,32.00115931129738,112.40179759298687,65.42554571196172
2005-01-25 03:12:22.687571239,1051.4135670078829,230.67457443075665,30.792576434019868,109.99877387603173,62.14273988049863
2005-01-25 03:24:02.709195950,1063.3633843683613,227.62640429845018,33.283821236521135,110.92950814178019,63.11877159113158
2005-01-25 03:31:23.960741173,1033.9041633239297,225.73781381344702,32.54042129031595,110.75377008312437,56.810626706281596
2005-01-25 03:43:17.893827889,1087.3339970807338,230.67551355112892,32.845663830433296,109.80270532732345,60.41414359852866
2005-01-25 03:53:33.892502458,1142.7743457674103,221.5911475720178,30.679328972746802,117.32238164407185,54.72161444441868
2005-01-25 04:04:04.276093916,1101.6900823494398,225.51253908263635,32.73935986685044,112.33295289319301,63.84660698506397
2005-01-25 04:13:55.852176876,1046.1883548721448,231.22774035883023,32.248040794290866,116.39240001495283,58.20572957051162
2005-01-25 04:24:38.788412096,1093.164601901726,232.41501536812794,31.429558298126473,111.04136225278978,67.09825810366881
2005-01-25 04:33:09.513550889,996.7817349586592,233.25327293510998,30.812448181753332,108.12000063225334,60.34443537315774
2005-01-25 04:42:46.230332469,1037.3604597661144,236.3964895823015,31.430359462675213,105.35168624722684,53.80803195331381
2005-01-25 04:53:08.106610254,1068.5853879009026,213.67988778999677,31.836809067935476,123.42773425005957,61.32150271208246
2005-01-25 05:03:49.982508690,1025.3409203407402,229.33492621506858,32.25738342017888,118.07682035781853,68.07050681616799
2005-01-25 05:13:24.531390285,995.8960590847767,217.170932016651,31.380136534381496,111.04549417508176,57.164876578954015
2005-01-25 05:21:41.931508499,1012.662206887787,239.12204622288678,32.90838972114297,124.03608476594584,64.17780992469247
2005-01-25 05:33:43.540507580,1048.9401967128722,241.5728218310806,31.09419079304955,113.89555861630838,62.81557123472988
2005-01-25 05:42:56.573569122,1014.7069042740802,229.52572066281203,31.489290050337445,117.59082501868066,54.258830223484125
2005-01-25 05:53:07.263855801,966.2963889779298,231.34582932783226,31.28069150202406,108.03134240476538,65.3916786847063
2005-01-25 06:02:59.341333537,1082.2215511606373,226.65044629374688,31.9063552609561,111.0570386388524,57.694558023003175
2005-01-25 06:12:27.448946726,1063.7771835163776,227.8559312784946,32.87129942981208,100.20427509805577,51.76646705579852
2005-01-25 06:22:42.912988102,1064.1923407522613,227.44191784945204,31.04364271751276,111.40802690001502,57.628879984219864
2005-01-25 06:32:10.682839730,1126.2778074567518,239.79205481252393,32.687074886475095,106.3520144611394,50.2776851583299
2005-01-25 06:44:00.071042920,1102.7763936118067,253.84983016878476,31.622647449610493,100.83121495722584,54.38526102182769
2005-01-25 06:52:13.591067430,1034.6188070738513,228.95707575534286,31.581775572542924,115.26228619419132,68.14710846778863
2005-01-25 07:03:39.094262625,1061.3071216195674,219.52055888874557,31.29517075805715,112.06395060498807,54.744605096790536
2005-01-25 07:14:20.310886143,1030.7719430983361,235.1493739163911,29.672417629126482,100.48204801044201,63.95275943702219
2005-01-25 07:21:55.975422818,967.5089411590517,231.98004503545647,31.333514387726925,105.97020301863698,61.55609212075821
2005-01-25 07:34:17.470529355,1092.763891273622,230.66394855218067,31.860649800402623,106.41501404304108,54.31698435793943
2005-01-25 07:43:25.121872035,1085.1564234761358,227.7427742435507,31.797871186986196,104.7532857690638,54.00101141566517
2005-01-25 07:54:10.258025349,993.6872285013117,222.8690719240751,32.9062229542236,103.89038844779978,59.375175461863904
2005-01-25 08:01:25.287825164,1063.291822027643,239.95699839657206,30.522121164383197,111.29250065172775,58.36610077573953
2005-01-25 08:11:28.949541790,1034.9404579452444,220.5733371350393,31.044818371617115,108.46020139957974,60.59031989243302
2005-01-25 08:22:31.510156581,1070.9836952196233,236.48272452370782,34.09632959521679,107.8396766293425,61.895376040183805
2005-01-25 08:34:03.215610569,1014.6722458239466,229.60644512495594,33.73385755903376,102.95400606493189,61.28000581612721
2005-01-25 08:42:58.244719824,1013.8471398624497,234.01784765272683,32.15526182711678,106.39868756004088,60.389836194802434
2005-01-25 08:53:13.095225227,1093.1758639922,265.3955729801667,32.50977836798133,108.56928263584537,59.11676825575993
2005-01-25 09:04:54.531250205,1056.5624627801808,218.27122867387473,30.534618476073252,119.23976949769592,54.407486979829514
2005-01-25 09:12:25.951739053,1111.738272944489,247.81427932460878,30.65108022620455,119.67579167050019,65.19750175022884
2005-01-25 09:24:04.023617754,1036.123097900191,237.82160750450595,33.88953900112868,116.02987736066582,64.86228703986265
2005-01-25 09:33:52.113718783,1125.8351811421471,220.56832310924403,30.003322769429403,113.12466355230295,58.11374033880653
2005-01-25 09:43:10.121641684,1017.283859060445,231.4872836998982,31.72001464496686,118.45377827213882,65.6949208797805
2005-01-25 09:55:05.739727591,1064.3136511765372,244.36734735456008,31.42916070977275,107.45219429671286,65.6551327749591
2005-01-25 10:03:18.351807692,1008.1767756431362,242.81563269740573,31.597452045268636,99.06862453307605,59.39921066872526
2005-01-25 10:13:03.340253829,1072.2284849705368,222.643485380157,31.905791291598455,109.9049554029026,60.52782774427255
2005-01-25 10:22:00.597778357,1137.525978448257,214.81004776380348,30.268606942227485,110.38372203472372,60.13289620458214
2005-01-25 10:32:25.269990091,1035.327617098989,231.08653040389422,32.31517384287342,111.38505331500336,52.589634974530064
2005-01-25 10:40:40.009868637,1129.2375461063768,232.97059302852648,32.87810377001412,117.1360769643048,55.392706562529284
2005-01-25 10:54:14.249575417,1045.7426639864416,231.70314123754702,31.071942445312654,112.32148646555045,63.47045460575558
2005-01-25 11:03:00.409296953,1099.6541674225975,222.6370135466863,32.39603706135807,118.04880145572686,62.04597129584801
2005-01-25 11:12:54.977643712,1039.481791732905,222.4005138551268,30.973381011308536,127.20837550762812,67.84557313081459
2005-01-25 11:24:58.593535995,1190.1986798109767,222.77289700991014,31.288367709449144,115.91588745347093,67.56797639765325
2005-01-25 11:34:42.925644691,1181.0689046252198,232.69163589551198,32.033307247383306,109.94118881547992,58.378224172787974
2005-01-25 11:42:31.090103020,1099.9205970930382,241.6606692670362,32.04335788069903,113.08647743852846,58.632157741518114
2005-01-25 11:51:40.791343779,1071.894803175658,245.28669951891152,32.19560552877288,120.46373960349815,66.13123146781257
2005-01-25 12:03:23.918136376,1034.3443488197438,205.73626632406112,33.711259102362945,107.24999075845304,58.14077995559886
2005-01-25 12:12:28.294999308,959.0159024237432,213.22409074472822,31.621917621555223,114.70259319639717,58.61957759825665
2005-01-25 12:22:58.078144567,1021.8423883527842,249.90224565788077,31.204371466281263,109.60909244906765,64.97928232240544
2005-01-25 12:33:35.228214195,1077.8662481573201,232.91536806597978,32.62481000685485,111.0889120344391,64.3984288864673
2005-01-25 12:42:29.994370541,1061.462412166053,227.77716243669556,32.82206666151394,113.75936288865994,66.1556356183537
2005-01-25 12:52:27.637255453,1004.9400019021429,239.73123082628845,32.83719464229707,108.64840216773261,59.04498911230308
2005-01-25 13:04:26.196701039,1029.6298525181955,218.30376233177932,31.841278446534123,112.82216076867846,59.569015026716805
2005-01-25 13:15:00.757849782,1046.0979454178746,226.49753826770677,31.658050585427905,117.8400383382344,69.28522596167058
2005-01-25 13:23:54.199150220,1068.2974817858885,224.9774801855604,33.069317536102844,108.25785417442277,60.734013589224716
2005-01-25 13:33:09.490167575,998.561033977585,221.21385552149755,30.73000951003684,124.84655857327792,61.4820021450488
2005-01-25 13:42:14.639201465,1126.2824665536264,250.99845040742625,31.132495895275895,116.26106607735673,60.55615185345084
2005-01-25 13:52:45.731334048,1033.7294048030672,229.230070286352,32.171649645975684,122.53821816473615,71.65987888636609
2005-01-25 14:03:23.244442408,1069.1673652629995,207.4024285392496,31.989834175212565,118.16132214364823,56.29231269776499
2005-01-25 14:12:49.570700986,1034.6250758608337,250.1221063194196,32.751518727987545,114.89496057174053,55.81027333228344
2005-01-25 14:21:15.496101293,1067.0435333699163,218.61367841462518,32.765075444805916,120.37234396795361,69.90989032725305
2005-01-25 14:34:05.229901444,1087.323858790478,223.9309360196731,31.32870798022872,116.06935180759214,58.36204902393829
2005-01-25 14:42:20.851636571,1139.6586871945376,232.87030334706705,31.933819804666545,118.55690045152625,59.256516169161685
2005-01-25 14:52:19.286103116,1058.314719072654,234.43588185579458,32.594890227053504,126.14501670053119,53.5045971939977
2005-01-25 15:02:29.752294039,1158.2179267569804,224.61552704211027,35.181698592394866,119.07180344993479,70.79723680520863
2005-01-25 15:11:29.767268642,1128.826303592314,241.7865175140691,32.59354643543401,124.3417644011414,65.58674334812792
2005-01-25 15:21:33.372753102,1006.3476920085582,245.9795161625546,33.53893043585346,119.37126049258275,68.28719831753436
2005-01-25 15:32:52.687303949,1089.9985570849085,237.73606114729665,33.163468111514646,127.73691284049943,73.30507735688832
2005-01-25 15:42:56.319332397,1095.9120076699014,229.64288955460884,31.866173729644785,122.06160145225996,77.21980729007018
2005-01-25 15:52:38.314734714,1071.3143260768795,220.8694784034752,33.57546342325519,118.08858657378788,69.49414413638247
2005-01-25 16:02:49.878441012,1107.8315555080326,223.2912714894883,32.52010505596505,117.21344343921434,64.4346759399563
2005-01-25 16:13:04.397184040,1116.7972508882851,232.94897155692328,32.5754904501371,123.34615436665781,67.06293627326042
2005-01-25 16:22:17.920926782,1006.8115713896492,253.22318207163016,31.07283022634012,124.54321547196602,67.8826261798194
2005-01-25 16:33:09.300191709,1104.214100062271,234.27003263471565,32.09022234221981,121.16961664058798,67.61300738210987
2005-01-25 16:44:07.357945745,1062.2424559278425,234.62953041098157,33.6839654108497,121.46811846974381,61.531311467461954
2005-01-25 16:54:07.442340770,1033.1864420975196,238.03039093092315,32.92860502955211,125.19515888018478,64.6000124819973
2005-01-25 17:02:46.830234526,1155.210590568718,212.66299647635282,32.94781482425894,120.00676582662898,65.88135114136804
2005-01-25 17:12:46.609144531,1007.2951134395362,222.86384127349078,32.05815023094761,120.67596117738735,68.59269511303975
2005-01-25 17:23:19.114588768,1044.8561379642365,212.56107293917407,30.89262722160117,123.00158591235024,74.80010725309612
2005-01-25 17:32:59.379026734,1174.8380956660285,233.02321829225,33.220794225670836,122.02406924282,62.03847406019054
2005-01-25 17:42:48.637436498,1127.2964146723662,230.87427599657207,33.9631301570237,123.22140549954449,69.61240393543498
2005-01-25 17:52:44.211632470,990.7418078611619,231.5731882305257,32.54298326801678,120.84943836779182,66.52317797156867
2005-01-25 18:03:16.209890595,1010.9400317855615,252.1829727759021,32.66160922269946,118.44727382644072,62.92416448037567
2005-01-25 18:13:03.212357534,1015.4379944135626,253.5630496071739,31.922472790560565,115.08619689707986,81.4702766421417
2005-01-25 18:22:24.148833870,1045.9320951743782,229.840836961947,32.302605408350885,118.6923133026667,68.709822130097
2005-01-25 18:33:21.669947522,1062.0835820587872,253.54451603525482,33.936262910360675,129.8995912509567,73.53781269680937
2005-01-25 18:42:46.925338076,1070.1906227619177,243.26798619242814,33.20816228774993,125.32050195170689,62.69132017461943
2005-01-25 18:53:04.069605284,1006.5334081032228,234.49707145785234,33.096013292292675,125.66357477916283,72.529730637461
2005-01-25 19:02:34.726497791,1000.5179385509697,237.9361123065956,32.41362578819793,113.94353800888138,63.903735349182696
2005-01-25 19:14:23.450816983,1048.2875264797628,221.00077916452068,30.803846199664164,123.87545495461495,80.01676225896567
2005-01-25 19:23:47.260782966,1034.049278448131,226.41458447924583,31.688956724808353,121.89995369574486,70.18749043105312
2005-01-25 19:34:13.964384170,1123.8149569636862,227.143970954008,32.45048813570295,117.53989481590298,67.33570272271346
2005-01-25 19:42:50.511599783,1068.600266722869,258.09607418360577,33.153083111585836,127.42319027865177,67.77736052135938
2005-01-25 19:53:30.265082483,1126.2944248716806,219.21791970860508,31.987809431835746,125.17212932821256,77.73845261458341
2005-01-25 20:03:07.560635777,-5.298226326560532,-6719.159219220583,1.1268013058377208e+28,0.9661443518956032,47127322396.67818
2005-01-25 20:14:00.400289983,1056.9560584905619,238.59345890794398,34.08745018309499,121.48858055625824,77.55508028567397
2005-01-25 20:23:14.254614680,999.7390839572474,248.50982813786487,30.392269132644312,118.33509744059387,64.62651075967733
2005-01-25 20:34:13.256502472,48.67101109201239,97.21061178299524,19.662417749924476,111.72424729675973,68.1518284092159
2005-01-25 20:43:24.372792582,37.848013751067626,76.06777346490065,15.063460551494716,98.1088009155701,66.34187352220107
2005-01-25 20:52:49.391546347,28.465926803401846,56.989494008848986,11.440887335360697,86.56918829765299,63.61893519450367
2005-01-25 21:02:58.179031794,20.68498826334505,41.46102508185566,8.42550333850124,77.73992429724842,60.99794181416452
2005-01-25 21:11:23.783729933,16.22078204630119,32.37348848085761,6.366143268678692,72.48070849333597,58.7331711466572
2005-01-25 21:23:26.091408476,12.007371932520712,23.66867207204753,4.719390453326937,66.91239429858072,55.75904153144296
2005-01-25 21:31:27.450126246,10.052664894725593,20.216527259519797,4.0150859539537125,63.91304140318955,54.101077569878164
2005-01-25 21:41:25.625611056,8.772660100149457,17.27323992403338,3.3129384376535813,60.999123376522405,51.75196896683078
2005-01-25 21:55:44.452530324,7.49464573781773,14.836153616721674,2.891936052403354,57.314442402693686,48.851926426587035
2005-01-25 22:04:19.978558739,6.949417675182682,13.690207595349658,2.848183120358548,55.77360174575773,47.5264874497516
2005-01-25 22:12:52.566751261,6.747476533768712,13.13190535478676,2.6130976529723173,53.99824300024009,46.092112590473036
2005-01-25 22:22:43.072878800,6.607270200857924,12.711918485959819,2.454937178589318,52.45026363773967,44.4076914237955
2005-01-25 22:30:51.758734229,6.355433421680648,12.50630752526173,2.5155782196956133,51.03884424843235,43.12554359240833
2005-01-25 22:42:20.387909097,1076.6953907486381,149.7621763884878,13.875040925972256,54.41249063066942,47.19605417018407
2005-01-25 22:53:21.157658773,1008.6340640632224,177.12157595879137,22.12945271269624,57.9758881211724,39.05912246402704
2005-01-25 23:04:50.240635544,1032.500694794942,189.31769137662002,25.39249747140364,77.75847060988416,42.540326786448574
2005-01-25 23:14:08.558192140,1092.071679097098,220.06623012727113,27.01177770444998,84.18157793017467,43.45675409998022
2005-01-25 23:22:12.291526494,1095.2833525781066,227.27061460084136,28.8000055935795,85.69747258683334,50.030674541860144
2005-01-25 23:32:20.535361760,1038.764812526103,204.7067312403727,28.752870514101545,96.37079713233635,53.64798664422281
2005-01-25 23:42:02.111560587,956.5655320631398,208.0254185811467,30.682465596119716,94.36949706596678,56.07427434705586
2005-01-25 23:52:32.191867989,1127.898779423666,232.79146172381695,31.679197684597465,100.6925708915128,51.8249462225703
2005-01-26 00:03:55.644322432,1072.8135274390409,204.5339068484667,32.691493655208134,96.49393632492286,55.44563498203009
2005-01-26 00:11:29.938415518,967.211709571377,225.79825779729194,30.694656887557883,104.53285286943516,58.32912064206393
2005-01-26 00:22:00.753580954,1127.963293228257,232.28690484524452,32.72650689313517,108.1207800444558,59.94050926371763
2005-01-26 00:31:19.028364869,1098.098629969166,237.4229543337335,32.000853052391456,105.72149048037384,59.49389207796846
2005-01-26 00:42:22.776326088,1020.4589801766548,242.49431533822795,32.10935921794291,98.3728431651005,51.586398259048956
2005-01-26 00:51:46.582131447,1060.6690026327342,238.47889483924757,32.438089818553124,110.74336501746788,56.048460351342285
2005-01-26 01:03:02.687582859,1004.4155341762169,229.84432172014306,31.63856008615988,103.65432631499907,54.07302914706003
2005-01-26 01:14:03.015851943,1018.5349750645653,223.4646429114719,33.57417931593853,108.58077720374288,61.2720916088812
2005-01-26 01:21:46.535130133,981.2176823276246,226.25052438340336,30.94621578274591,106.7268428755805,54.68190168391412
2005-01-26 01:33:01.866719400,1027.822195329919,230.29179302757552,31.61926619010108,104.03163807298463,53.668911953856174
2005-01-26 01:40:42.488229528,1124.9979727977939,243.20878806479806,32.93925315346425,107.22763633784895,52.09025719178347
2005-01-26 01:53:07.114593398,1038.1439010831268,227.0685685852072,32.85090940850799,106.96260656978133,63.27989072868215
2005-01-26 02:02:09.832820036,1021.6077469276778,227.90419171333872,31.633574310750387,116.58493851319017,62.18764648908894
2005-01-26 02:13:09.534392152,1041.845871021476,229.1615456029402,31.187729512351975,107.9564604477929,55.07146870201336
2005-01-26 02:23:17.504309974,1031.825090668184,217.56697897248966,31.531119305285237,109.02833566949478,64.63490554021325
2005-01-26 02:33:21.353909730,1110.3539113929985,227.1812487564078,32.02883989322384,107.8182312814567,60.197148589209775
2005-01-26 02:43:39.796605792,1099.2296953601233,233.97658119638905,33.10924356512328,112.75031994838665,57.382088964068096
2005-01-26 02:52:16.885827918,1123.5812152489575,242.01027668019321,32.40702020723939,109.74740381822392,62.45937598853459
2005-01-26 03:03:36.557818290,1019.3175401869435,220.1312173681906,33.11856777962957,112.07500715734365,63.00063873733809
2005-01-26 03:14:18.784634489,1059.0749674853312,223.3983232144732,31.60635365819603,118.2884663706279,64.560129204745
2005-01-26 03:19:40.748513411,1065.4017854529077,233.45962673875385,32.778554231134486,114.79768607781702,69.65317745309613
2005-01-26 03:30:49.821865885,1063.5609308300775,241.58090105508322,31.416552203988644,112.14143511889304,64.80743413416272
2005-01-26 03:43:27.953101347,1110.6314297813176,237.00094791552155,32.76006781050542,115.3900140756627,61.06563931086328
2005-01-26 03:53:29.839064811,1024.8645540623525,241.2694230949786,30.274766966966084,104.46634159560753,60.318248878941056
2005-01-26 04:03:07.764947069,1074.2327304729813,230.384716075957,31.066540534499758,106.72188439214399,59.78709092989375
2005-01-26 04:11:07.650662449,1039.0406489280467,205.69802438267544,32.47976622614194,107.9569804101204,48.589442315840785
2005-01-26 04:22:12.150684309,1105.8947072613673,221.12095207378158,32.07297350191026,106.05749270869903,61.82954054134543
2005-01-26 04:32:43.650710505,1014.023007747358,213.74278254094475,32.471240615918774,108.1354500706214,54.62569187939581
2005-01-26 04:43:03.251462203,1044.0603646911102,232.596446855993,31.983861070670862,111.3565967632271,65.19579946232393
2005-01-26 04:52:27.605139017,1040.909184880323,241.54430114283034,31.99775738308631,109.82376975168545,68.33674703103577
2005-01-26 05:02:09.352978212,1076.1045865560247,225.96355785629834,32.18744886741757,108.62609487680265,55.463427354176865
2005-01-26 05:12:53.321689315,1008.4258960400664,225.82093532706165,32.68729535668152,108.98287242677492,59.79781599135291
2005-01-26 05:22:45.931573798,1095.4889684821094,233.34843882509776,31.817908360874906,107.89656875058229,62.96814237964831
2005-01-26 05:34:29.759872677,1038.3460356468677,222.36836287324172,33.47957462187664,116.12464413566718,66.51397708800245
2005-01-26 05:44:43.484196475,1090.830452875724,224.50710248297966,32.964271608866305,108.98842587572963,55.53504854033007
2005-01-26 05:52:33.051132167,1053.0308019678998,228.06964200551346,32.17252591096785,115.44322398990104,55.17862405297787
2005-01-26 06:03:27.111600932,1045.3737848840426,216.59104658450175,30.926074338982517,107.67325711446726,57.96050154763074
2005-01-26 06:13:10.155326970,1010.8191563859888,228.18678790212792,31.069641078941324,105.39451478854095,57.15471582435346
2005-01-26 06:23:59.100190817,1067.9758237647077,211.87845279748421,31.528572260804122,106.6690350235521,52.89337012047373
2005-01-26 06:31:48.909136287,1105.7551326887422,216.52067522791236,32.470555316112446,114.70821664345102,66.2545285384148
2005-01-26 06:42:20.242125328,999.9194174437041,245.21637260265757,31.661433220428332,114.2618603546721,61.73519212987665
2005-01-26 06:53:29.738963980,1157.121029973669,228.52307922815623,31.509646728510322,102.92932201543312,59.435250338398575
2005-01-26 07:03:47.309332964,1152.426941858196,246.41239728829018,31.880381136271293,112.27336002027846,53.53510930737566
2005-01-26 07:11:17.386609262,1090.249454265892,230.256102018581,31.997541021289443,109.98086797943647,55.07324674506563
2005-01-26 07:23:28.256799180,1169.205771344484,230.82470331598668,31.45322867143907,110.66688693161181,57.50351862533601
2005-01-26 07:32:45.824151327,1067.2804547460594,236.94901880095102,32.604745747529904,115.55939054776253,62.89632735136287
2005-01-26 07:43:58.011817306,1033.8712166000303,214.52107735361147,31.22791794949543,112.21931176381905,62.74766634359787
2005-01-26 07:52:36.816771259,1138.6978188298576,211.81778003533728,32.67169582973462,112.65247754634144,56.60699209196131
2005-01-26 08:05:28.296853620,958.0564975271325,220.4543204121618,30.76335149197362,110.27570380569175,62.59643829120969
2005-01-26 08:13:15.960786974,989.8817147555936,212.52139124652854,34.142005765879084,109.28575142749702,61.306878126121184
2005-01-26 08:22:18.314339174,1023.1735746176138,224.6769825605785,34.10947511928707,121.17446609040643,67.89877241961412
2005-01-26 08:31:45.201187293,1085.357701068558,245.3927726349522,30.70358941723655,106.77315878412755,57.79470075032045
2005-01-26 08:42:53.016389910,1051.3658610791776,231.48842392709528,30.801975827321368,113.21800761016597,58.200607845899555
2005-01-26 08:51:06.793366510,1042.794687950082,218.6221664712871,33.0374102250089,104.65596902013955,64.74789687688191
2005-01-26 09:02:28.195877588,1054.816876536369,231.74378691609172,33.55369827195648,115.55123109985404,67.51616396424747
2005-01-26 09:12:24.388026885,995.9178900981786,225.88730268119207,32.16380749974773,114.6695791454712,59.362386234045275
2005-01-26 09:20:29.594015925,1110.9622455058181,229.51397624403074,33.02331964505972,106.39187770434035,59.75136206827299
2005-01-26 09:33:34.951584660,996.6494658228472,226.0916011544396,32.95140967879628,116.66314922564726,61.490724145584885
2005-01-26 09:43:23.034667215,1093.7571167504539,224.65066400058203,30.589445262200698,111.44948690081392,60.84123426266905
2005-01-26 09:53:15.679503417,993.0762051681593,202.8544009820441,31.765585924555317,121.86981161720746,70.67614185782293
2005-01-26 10:03:13.967196160,1036.2112077617317,239.52029729350446,32.757248289515395,99.36313228247343,59.976664454261645
2005-01-26 10:13:28.639140952,1077.5674913884523,225.65501734172824,32.193660241041194,110.16968203319387,62.663433498766366
2005-01-26 10:22:08.655606067,1046.5950006232852,240.79154819664583,33.24456133988248,122.52534043158443,64.82471367447863
2005-01-26 10:33:05.931520611,1068.8365523708428,218.47842019867062,29.294601769017813,104.8659513457969,55.06058109365727
2005-01-26 10:43:56.364304486,989.4714874268032,231.73643892810784,33.30467975954511,112.80963924841929,61.220062132207
2005-01-26 10:52:25.197088646,991.5119550229252,224.8008704372248,31.581172416851174,116.14099364434702,56.15600286793496
2005-01-26 11:02:48.082454205,1039.3160024145025,232.72245400447005,30.44280504166135,116.91795370052598,72.28614039648124
2005-01-26 11:12:23.018384522,1021.8927874646923,237.2467278050765,31.16695308689769,114.18336293991497,61.84218254861504
2005-01-26 11:23:33.077345335,1117.7029113060344,213.66985004940045,33.18362449654928,109.16601918885664,57.23968227656743
2005-01-26 11:31:17.108394201,1114.507743328071,220.04889616173273,31.844767278895738,120.23810230883115,63.90046661835262
2005-01-26 11:41:43.796907882,958.0235314920444,225.00868872802664,29.337472654209922,112.38142989096414,64.12438042279345
2005-01-26 11:52:53.781018956,1091.7844290410594,237.40259885819907,34.94918317750593,113.9684607734838,58.40584771867746
2005-01-26 12:05:00.567770609,-12517316608229.799,-0.40344424369111426,-580628763.8848463,-1288042515466.8423,5.216675387621246e+16
2005-01-26 12:13:32.581990899,1003.9487419586851,246.1157353774043,33.057717495136565,114.3535865246164,73.50074126086446
2005-01-26 12:23:44.693382213,1038.384621166223,232.33742319799214,33.70025196725828,110.13566694658107,64.26453356476677
2005-01-26 12:33:33.579812918,1090.5291441745317,228.0001297949442,31.571475489697576,119.34366670956236,56.85770236627537
2005-01-26 12:44:04.066012644,1027.269881548886,222.78016096150347,31.814786484913817,120.27038457005033,59.31328844379993
2005-01-26 12:51:26.944515351,1043.1614303977167,233.51145015593937,30.025071974230137,109.09778922313353,67.91724241211298
2005-01-26 13:02:57.901963778,1088.0733667664365,231.7490743549166,33.079855568438965,118.64772100570835,63.31376041306019
2005-01-26 13:10:50.952707272,1170.0127776086917,225.63243062585798,34.02521331803905,116.66185177791068,57.85950413341249
2005-01-26 13:24:55.259743860,45.34793736972535,90.24623503871223,18.193138212440743,102.17859019390461,63.064531537627225
2005-01-26 13:32:52.101660296,35.7368699824238,71.46609387622266,14.244150333443052,90.84195844133858,61.48699873934009
2005-01-26 13:42:58.793261324,25.955761730345394,51.821345058725484,10.4568611952392,79.8736702236021,59.26445913573305
2005-01-26 13:52:29.013357630,19.326201722167678,38.91780854683817,7.792716152675865,72.65612321776922,56.796984640165206
2005-01-26 14:02:15.014467162,14.836442864856123,29.515751047024505,5.698759805536224,67.29417589717036,54.65459866885408
2005-01-26 14:14:38.198737057,11.20800034962231,22.258903194757316,4.557909316298511,62.76281979410974,52.00025311914339
2005-01-26 14:24:37.867071463,9.34653321156999,18.74294040906493,3.711625505235086,59.82916562557532,50.41163675427108
2005-01-26 14:34:13.017087361,8.338292382033387,16.739109446312106,3.4627594227279572,57.585206234934475,48.74880476101927
2005-01-26 14:43:14.874821739,7.6189667569321395,15.615166886650746,3.0512708507604795,55.7952725045493,47.30610979279248
2005-01-26 14:51:56.398804401,7.290639206717008,14.769213555559455,3.103847074957409,54.44815078198671,46.22875521921748
2005-01-26 15:05:01.337805779,6.984660730515999,14.118902740458191,2.9311215286021515,52.70372915747359,44.55590798204102
2005-01-26 15:13:57.065291717,6.989923989961339,13.8293848403826,2.8583556804279833,51.42577775982349,43.56686638567075
2005-01-26 15:21:22.490595323,6.834321904293037,13.854563940786992,2.7598862505484245,50.59283774527419,42.43929440361024
2005-01-26 15:33:19.627326768,963.5710399141358,159.9874526345278,13.612929420534636,60.06171645254502,41.44068026169008
2005-01-26 15:42:06.722879664,1046.1890524936023,156.4374433199103,21.825033651717067,65.61540098795703,32.050771474657836
2005-01-26 15:51:35.683784616,1029.036876922036,196.5102915221482,24.449446666114337,74.07540214313039,40.32380384074855
2005-01-26 16:04:58.372378284,1071.5498796577806,202.40403553292336,28.29254793016537,89.97401347345404,43.39517154414322
2005-01-26 16:13:45.078584730,1094.3966687561976,207.7591568637755,30.215199881902635,95.7626113179635,44.37531214320176
2005-01-26 16:22:34.604640665,1020.2337268498004,222.3090438568599,29.36882678946752,102.34366049878074,50.37704410900858
2005-01-26 16:32:14.148277422,1019.3689732063543,231.90494782544067,31.349981922392764,98.0455320280884,56.26592972723796
2005-01-26 16:43:05.039617381,1080.115904923431,219.52356227417408,31.693058879379137,110.78416702834633,42.335612611384505
2005-01-26 16:52:49.405951374,1054.0011672591397,230.7004675816913,31.217148260006436,120.37178989142974,51.24627098264884
2005-01-26 17:02:10.759595912,1047.8955323218972,244.11276093146827,32.08236277450036,108.36717486658551,59.084243205638174
2005-01-26 17:12:22.602354253,1028.17857154096,230.81703823782274,32.180872909883256,111.78718167095295,50.44820911297791
2005-01-26 17:21:15.297014887,1065.9453459950537,221.21079248931167,33.21604142231343,110.52665834032749,61.68201793720589
2005-01-26 17:34:02.682133757,1023.8179639927024,235.03245251187238,31.839299655513177,115.03838916303445,63.19293202833606
2005-01-26 17:43:09.136597832,1137.859071809482,228.61177853432713,34.90830209610987,107.43768714519533,62.09779679218464
2005-01-26 17:54:04.616080593,1033.1728505780538,237.3153660187782,33.55494486025618,116.94727422130467,56.98019284019514
2005-01-26 18:02:45.902189431,1117.2591514041592,216.19454496078208,33.379754663658446,129.66043106927103,61.570132012126116
2005-01-26 18:11:49.713300004,1005.6635433599782,228.37965298235923,32.950301726887034,112.66427418987786,65.60443659258583
2005-01-26 18:22:30.943812248,1099.7511259585349,236.10333311253257,33.801519046988254,127.7987976320739,71.78098273099621
2005-01-26 18:31:41.937353961,1108.7483063776735,228.23244615665334,32.58058792533293,125.76093054866423,60.69655633637208
2005-01-26 18:43:35.099171390,1048.5320415902702,239.54762553461353,32.07194268829028,129.21499252792603,67.58001349888053
2005-01-26 18:51:26.983075444,1045.7933642419393,236.4378614450228,32.216582843788274,126.74739302313702,67.50956870922477
2005-01-26 19:02:52.829402840,1006.3777763654472,233.6563182124495,33.578914915184924,112.55735628933724,61.59974225340183
2005-01-26 19:13:08.659664179,1106.2477083897163,233.78834477958105,32.12067079416005,118.09671006248685,64.4406248089546
2005-01-26 19:23:04.620338927,1141.0339558357475,213.3347388544662,31.92162226586833,121.66515054495254,64.71512441252139
2005-01-26 19:31:01.369980770,1053.7738111815202,230.82817314049655,32.0254200394341,120.06073043254662,60.068841073130024
2005-01-26 19:42:21.332457472,1125.7435221442877,232.43864702550604,34.46399585900923,111.92296840541015,65.44042038296365
2005-01-26 19:51:37.457153184,1018.332624737742,233.6504396179923,33.43045837059966,110.01977701880577,62.394662815441954
2005-01-26 20:00:05.569565466,1013.6412799502144,229.11629915819637,32.295854269262634,123.5828056543697,61.00153349613147
2005-01-26 20:13:22.135893050,1106.5911034565695,238.62757063881548,31.488708688473146,115.09001753923978,64.76728435303444
2005-01-26 20:22:34.967615314,1088.3507480808398,249.5177477538457,32.01943400540648,119.15552849667846,63.86997885209392
2005-01-26 20:32:04.134538975,1107.4761183942408,234.9699929230759,34.51012159761126,121.7970380096531,67.48483011368623
2005-01-26 20:43:04.142550376,934.3379207035878,237.78060463864566,32.795935784140156,117.78125776684125,75.62483616060113
2005-01-26 20:53:35.150222107,969.968409390884,226.32036979368831,33.13744575747086,123.94309081670826,64.926906560137
2005-01-26 21:01:16.042529365,993.2016894442912,229.67737684437637,33.07616002673475,128.71284491784618,67.85084202764081
2005-01-26 21:14:56.649359044,1048.4124101457946,240.2131512368441,33.31353466007785,122.51620589468129,70.38277890818428
2005-01-26 21:22:00.914110848,1093.116335876123,231.40447711263525,32.90097429857917,115.46446837793599,68.60184252147938
2005-01-26 21:32:31.448010945,1080.0642428785297,230.80180985271102,31.27647088499971,111.23230772366276,73.57886501987166
2005-01-26 21:43:19.964468329,1040.8020072976476,230.6790191055291,33.17440453130951,123.37948412049174,71.34944501549128
2005-01-26 21:52:21.826468585,1057.7809361588963,240.1083883725477,30.525581374995003,122.08436547099603,73.20311472546867
2005-01-26 22:03:35.758895679,1098.2098699471815,237.06648084880874,31.56531287085728,119.75870375457768,64.738725262677
2005-01-26 22:12:44.843575230,993.8165505023807,232.04264427587793,31.955271317709816,125.5169369482391,66.71521548515939
2005-01-26 22:23:05.826835077,1032.3295203399118,216.39836493917034,32.47109472414948,113.20429280147746,63.99733738307394
2005-01-26 22:31:27.175684141,1090.374905885235,233.83175304668939,31.803426095215467,121.39649328115898,63.7879264521102
2005-01-26 22:42:27.218662083,1050.4471824367047,236.25271225391333,32.535531720687345,118.03956182735108,65.65071117863087
2005-01-26 22:53:42.736348549,993.4133142559638,238.17888094502882,32.41209829337464,120.01464080956558,70.82615502171522
2005-01-26 23:02:03.788307576,928.9861439757899,235.4004350670402,34.27446142738331,129.4657332409833,72.40894532886365
2005-01-26 23:12:20.228714061,945.2038187126448,228.17632297680962,31.961283952927193,110.73516671987562,71.0099667081892
2005-01-26 23:23:49.914109071,1063.1542459241725,240.24643399708378,34.09897068456327,112.94785558955981,65.52779600922275
2005-01-26 23:31:19.071771919,1049.1893894282148,238.19342995812102,33.02551642112971,120.16584671065156,64.86916001859123
2005-01-26 23:42:32.148343226,1117.8367158587203,231.2473295326122,33.059332467383875,117.86637994236551,69.37510859528152
2005-01-26 23:53:00.084729612,1089.1289202202775,225.3898418819666,32.09022672134892,122.4941183651098,72.63245013771049
2005-01-27 00:01:04.777860594,-4.447399115272991e+19,-35890216958.6668,592309498317.5598,-672822533183.9769,64282.49058207218
2005-01-27 00:11:48.592823725,1025.4672386682582,233.24553643770332,34.06632683656145,109.71341986165888,68.96085336897379
2005-01-27 00:24:42.315173186,1006.9041594095897,217.9369982650578,33.124736982702984,116.10316345956181,72.61997784944295
2005-01-27 00:33:33.901984242,934.9588998182262,210.3680511464066,29.988486437778715,128.20211554566671,65.72394465724638
2005-01-27 00:42:00.211645971,-624177498282.6162,-6721357.696052678,-3.120621811021152,-493.1262037738806,0.22132192370752538
2005-01-27 00:52:36.177423637,1136.4846463522313,239.3052280343175,30.514814291235577,112.5270123604303,66.95414328205507
2005-01-27 01:02:44.729325225,1027.3774961397587,210.95810098148357,32.15441949739042,124.11046954086312,66.72495930811799
2005-01-27 01:12:45.248921815,1127.5199503182691,234.05022668865925,32.616665311532984,128.7059578741266,66.64560813657717
2005-01-27 01:21:52.764634148,1042.120976386177,245.40185598277318,33.17119737050041,115.06173018007188,70.51202031053354
2005-01-27 01:32:21.815101284,1047.7634944988938,222.4389802560474,32.230297857676454,123.95114653827589,71.57330185253507
2005-01-27 01:42:37.853170721,1114.6455497392756,217.0478477910169,31.78896407461731,108.09412798451304,59.618918531752506
2005-01-27 01:51:33.427266989,1062.440750710873,251.7637215357868,31.219582790873382,113.48971034525644,59.16911633752393
2005-01-27 02:02:50.098787084,1126.5502982050193,236.28270140867934,33.34348425079608,121.31292952771138,58.12437060015722
2005-01-27 02:12:34.657223899,1027.9063934108829,222.72114388175436,30.826263797733265,117.32584288344717,61.19498652232738
2005-01-27 02:24:45.949464183,1055.4142955419698,228.3609613699405,30.84418251865732,106.33629460897295,63.448804728281104
2005-01-27 02:33:39.325196252,1078.9384974223747,233.12565447837963,31.6565531578928,120.6024874024919,61.04133226241841
2005-01-27 02:45:51.416702198,1047.4780584390423,231.67874689212232,32.44348463188315,117.39943691317691,65.27583404092054
2005-01-27 02:51:40.866894558,999.1405099738076,231.38519714760872,33.3904057552898,114.36046984285144,64.68174079372545
2005-01-27 03:02:27.907572606,962.8643027484,222.83662604839978,31.262596054453805,106.45398368983857,60.285041732122245
2005-01-27 03:12:11.598022121,1020.4747388521422,245.8000832131635,31.35901335127622,107.13620252151073,61.446544802435085
2005-01-27 03:22:21.338974427,1088.878944731564,230.04716418016977,30.71323144498263,104.80746447527511,56.28690873609967
2005-01-27 03:32:55.504186525,985.5279772681474,216.17114625698974,31.815139673771203,102.45560775632458,62.18109925966724
2005-01-27 03:41:25.960298192,1107.9283157751934,219.35652893142378,32.282360706268626,109.98517822434484,60.080207553045675
2005-01-27 03:53:39.176671654,1108.1321614182798,225.41572073663573,32.24340191930233,110.39444403417298,57.01737041787871
2005-01-27 04:04:47.570366789,1003.4403878542003,233.97116292591954,32.59606465941719,115.27459151869903,53.66464147624561
2005-01-27 04:13:22.867000790,1005.0932729620748,210.58310872596755,31.90650490070189,108.61013363111408,58.19604278634944
2005-01-27 04:23:21.990621719,1092.2597151606637,237.05371696712987,32.352384545969464,107.07092795289097,60.790985674533545
2005-01-27 04:34:11.012261278,1036.6443646067548,250.61959137436168,31.52884124572255,114.03078233929746,55.448914198869566
2005-01-27 04:44:09.533582466,931.802859840798,223.76928777643417,32.37442356349837,111.51008550017292,59.09718827667064
2005-01-27 04:52:41.394396881,979.9162658900404,202.57637351502748,32.87184424247646,113.20172849815496,56.507914840865865
2005-01-27 05:01:30.676337218,990.0537586022195,211.4460203292886,32.12924090339315,101.77279697600515,56.31931522850444
2005-01-27 05:13:04.464134962,1099.6562131329592,229.33572530399158,31.124513033191135,107.55989080993457,56.73830308517546
2005-01-27 05:22:19.732108914,1073.0711118670035,244.4650805220513,32.17907652314853,111.53388965082834,59.60278792938414
2005-01-27 05:31:30.014561948,1055.8597978153286,212.70278953511686,31.645012120706173,108.2704727226868,58.64415346989541
2005-01-27 05:43:37.045432079,1127.8053000045425,210.0371248140633,33.86999957829144,115.29704228262716,59.852869324434145
2005-01-27 05:54:39.010682000,1084.6045877233983,249.3270077057017,31.14341014315322,107.16552399133725,59.864916469042015
2005-01-27 06:03:03.627571792,1112.5423222702252,210.41936456252634,32.77683318059267,114.71652131895756,55.93759609237961
2005-01-27 06:13:19.653387424,1177.614859766101,227.28173388188515,31.413580103917738,116.2219395086826,66.37053802971735
2005-01-27 06:22:10.638506436,1121.3398370644893,248.23738880668887,30.43886481812746,114.4997145081049,56.092153323860686
2005-01-27 06:32:01.056325634,1091.6195522401476,227.26036045442896,32.50285692515663,106.53821205797577,57.271771976001745
2005-01-27 06:42:27.762160946,1024.6240514599835,214.00513312384442,31.213448351749133,108.24303367546531,69.24283775637775
2005-01-27 06:53:13.038178614,986.5676663871952,233.82463920468382,33.14435238198988,118.0327534512029,51.16866909321063
2005-01-27 07:02:08.058607308,1057.2756508696796,241.8424223536665,30.23984720490748,119.52462358789914,51.51087548388407
2005-01-27 07:12:40.591940309,1085.2028485006372,232.08752230491356,30.75241507752398,104.61824628841788,59.554255291056585
2005-01-27 07:22:50.255955242,1123.75889673007,229.53633936645903,31.698936569677993,107.91045092815531,56.41780222899687
2005-01-27 07:33:05.899266227,1084.7990562500406,234.82722115002443,32.21320034598527,124.35810652273607,67.61182385197826
2005-01-27 07:42:50.643278556,1046.7181544098942,221.02018641575222,31.019426968390075,107.17222576132133,57.380122941884984
2005-01-27 07:52:57.587037953,1085.1409647534701,243.12495661979295,31.93989111220054,106.5366031321949,59.8856842667072
2005-01-27 08:02:20.928008602,1074.5308872073076,229.35482460704023,31.931607429725656,110.90110643825639,56.926358972530295
2005-01-27 08:14:19.805463125,1050.5063361548318,212.0608976064367,31.670880576432978,106.50330158155535,56.63077580091516
2005-01-27 08:23:50.411830456,1048.5434281005957,238.56965438543895,32.41133601269605,110.58874376427421,52.628811305556994
2005-01-27 08:32:26.790086682,1047.0640312505977,231.23752821763304,32.993111849117504,111.91777337227619,60.24853818716719
2005-01-27 08:43:09.530040968,1154.2700277294289,227.42874963421326,32.9838921602742,111.79088409959357,63.42432694042737
2005-01-27 08:52:54.807645216,1071.2526189160553,245.6919449985477,33.56292774590523,106.69641032913168,57.24836876705256
2005-01-27 09:02:32.193513058,1060.97080912281,231.10757521215353,31.784833491312256,106.044069260653,57.05150935897016
2005-01-27 09:15:28.409376964,1106.2814058052033,242.9127745593645,32.18366827313826,105.91056952291292,64.23110427371846
2005-01-27 09:22:39.040599222,1093.3657862031532,216.56578981874668,29.67580206561445,110.35466326077169,57.50643179323703
2005-01-27 09:33:30.574565211,994.3652943020068,238.19563201933022,32.17570116266924,107.30287881378486,58.29766563463408
2005-01-27 09:42:50.794612857,1131.3224333011917,248.12434329461132,32.25186511803478,108.03840146373706,55.78982070100979
2005-01-27 09:54:25.700194222,1059.6445512889195,224.01198107238568,30.170964838298357,109.74765758969986,65.10229556339677
2005-01-27 10:02:54.029043584,1122.6711765957891,244.41572287909625,31.007605431688983,113.08826602300985,66.5175266109581
2005-01-27 10:13:08.896375365,1022.6322203668017,223.07237688521528,32.29169210779657,111.68252229789233,64.13957892868572
2005-01-27 10:23:27.039164825,1021.1198369899721,211.14346327678277,31.556756088587818,106.4438968438245,57.57690494468612
2005-01-27 10:33:23.433813566,1041.9289559056294,220.70850370289594,33.04978643420651,117.43163321331939,56.853684527601
2005-01-27 10:42:25.028013270,1117.8657755634774,225.44569705048605,31.815964905426686,120.90756507556559,66.91160487864256
2005-01-27 10:54:23.640513586,1107.5111767951023,242.8378258919401,31.56495231513936,121.43849353628337,64.09548580060326
2005-01-27 11:01:55.582479112,973.6567554018271,240.89108173825247,32.74376857925611,112.78010696946133,51.56492794416447
2005-01-27 11:12:28.231882220,1035.9107284478225,251.95684743901995,32.37969695765768,113.64274216313291,72.83670094300216
2005-01-27 11:22:29.642165600,1057.4563677004926,241.03159247743216,32.73775230954436,116.52040468097526,58.022556316185174
2005-01-27 11:31:19.735669912,1085.2444299262147,240.34689785643528,33.5032743396431,114.7894481318382,65.09151083257171
2005-01-27 11:40:55.077079457,963.2915474479498,240.21192567449359,33.33325685049673,112.70545408433705,60.66306606130398
2005-01-27 11:52:14.911043537,1123.2273076256713,222.23026073021583,33.426719827953484,113.96486019915892,64.87506545441566
2005-01-27 12:01:51.358712059,1013.8219257285883,247.74449702193277,31.52106201856144,126.5989860188907,68.75549502088263
2005-01-27 12:11:31.292949486,1079.6824101615691,232.72623562095288,32.15044260895248,117.82671382446422,66.25311056984047
2005-01-27 12:22:42.843360360,1007.6760992589997,221.84092536466142,32.77405300355708,119.68544918503108,57.28050506809547
2005-01-27 12:35:01.931289454,1059.7410569512754,221.40535284760418,31.668524694990246,110.44950382037534,67.13180256422898
2005-01-27 12:42:02.310746319,1085.3467235690775,224.7611188236805,32.95950917656707,114.77225750351558,55.088921561652725
2005-01-27 12:52:09.635531328,1040.9601337314164,246.44229590293222,32.27175105554501,119.17549305109735,64.59232452347268
2005-01-27 13:03:10.768491507,1061.8065594182092,219.87218680240315,33.846752952590414,121.39477822860135,67.4918224235957
2005-01-27 13:12:24.825102005,1099.5933791384894,245.1793081069131,33.35016926633991,115.22280706176804,58.551250712289914
2005-01-27 13:23:24.033116164,1022.5169369089878,233.10307105462257,34.94132121321257,120.8511727385436,63.0501061039738
2005-01-27 13:33:08.755938415,1009.4025926607958,235.3511588258251,31.653703017091654,118.58336969333408,65.67883156364896
2005-01-27 13:42:17.169564454,1045.9430608614507,240.6410881348772,32.41691892352721,119.12944748172278,68.43799308521054
2005-01-27 13:54:05.621602966,1060.2048043853865,236.12678989652863,33.17321421554949,118.77579446125888,67.22496589941181
2005-01-27 14:02:24.357670890,1054.720784392822,236.02340276392275,33.009337206980334,121.44777942240313,66.54343961963194
2005-01-27 14:13:06.491510521,1074.757112401871,226.3096846999863,33.47895336655459,119.19729944729617,65.92414647892464
2005-01-27 14:21:28.375906097,984.860955895754,233.02097856688505,31.220758368083708,122.18282189750025,66.98086071982112
2005-01-27 14:32:12.999704119,1008.7667133703076,230.41683101594109,33.70410916604383,123.42113201427281,72.40285033637846
2005-01-27 14:42:30.824069416,962.5890911739574,230.76959220759898,30.47897964261246,116.76934377747205,67.95724553563305
2005-01-27 14:51:50.322944858,1029.661576577217,238.47407298716536,33.218224308498485,124.31722474733637,68.5864809403391
2005-01-27 15:05:16.024933255,1008.3477871794381,221.43650843611118,31.89429451915216,126.9788846616337,64.91723276545014
2005-01-27 15:11:52.978101739,1010.24965642256,225.15213237416623,35.04219372341678,122.68896093842257,74.6687052746297
2005-01-27 15:22:07.097156462,1044.4844737608903,254.41521270025456,33.6210392808923,114.38541470976065,55.811584781248996
2005-01-27 15:33:24.642668966,1087.631710956164,223.09587249765445,33.782051935138036,120.9759177112947,67.59343677358274
2005-01-27 15:43:05.902490243,1066.3132199450185,228.53703555838288,33.32737428116757,117.16506270841418,67.56258662296919
2005-01-27 15:50:41.651937876,1046.9260928390647,214.95883528207688,35.10203792673311,118.98269230495373,61.93042137138482
2005-01-27 16:01:36.995043947,193.15132598647074,-0.8283087638167054,-245036797795197.62,0.016284783711209817,5580480.662725787
2005-01-27 16:13:41.361254517,1011.931780273829,227.94981625048635,33.544932890126816,122.62527943061961,71.66224731868763
2005-01-27 16:23:55.141732012,1053.3660499101381,231.05351410197972,32.73559515460896,125.1284501292885,77.32555703892824
2005-01-27 16:32:29.849909920,1117.8545675344817,245.79965978833667,32.281734491620256,123.7806335081331,66.31525589839784
2005-01-27 16:43:46.344634168,1080.1830663466753,229.38073419766366,34.095945644807216,123.48936712173364,77.15805276074553
2005-01-27 16:51:28.250535651,1017.8970238995664,264.5666580940618,32.837594790235116,121.28537110954467,61.977166534068665
2005-01-27 17:01:42.861432193,1002.2918108463685,228.9614999995956,34.496127865520194,125.64454039048861,73.50405739254538
2005-01-27 17:11:19.376734331,1007.9407527893346,225.3783820904587,32.86751136429311,117.50389904789535,76.24461016849612
2005-01-27 17:20:39.772502330,1069.3265369942194,230.29995775982812,33.545668224006036,129.11165192676964,66.66793400290383
2005-01-27 17:34:15.566126391,978.5175868761542,219.61218504208063,35.08061601721949,125.90163237545869,72.71068616689645
2005-01-27 17:42:18.211488775,1051.422194154308,225.71128786462842,33.192614683869756,115.87307700683681,61.65207099742195
2005-01-27 17:52:28.541589515,1065.076040748892,231.89363564766688,32.77445758574937,132.30005546581427,71.77420558211735
2005-01-27 18:02:42.208837756,1004.0111986679165,204.96717363481127,32.482291850823366,120.89735030470138,69.9894719229352
2005-01-27 18:12:33.249268772,1124.7874641792055,225.9185729495412,33.5793087380513,119.9984992352284,63.89830086527171
2005-01-27 18:25:03.509157222,942.2392885489949,233.39721888072657,33.554482812991054,127.91961947522113,71.8383381477043
2005-01-27 18:33:08.080701675,1045.6147846489007,214.8152660721765,33.27653061112951,129.73405724682817,70.67661132827405
2005-01-27 18:43:59.285154481,1042.9595710823705,249.7263205622906,32.657618807985244,124.32272017481634,69.33066009699874
2005-01-27 18:54:13.060062473,1124.929699855355,232.53585508981098,33.893076268162275,122.19258741276539,73.94422278590132
2005-01-27 19:00:36.047775295,1022.73245060598,244.57525496495285,32.575711989427035,126.89928182846228,60.71535996528696
2005-01-27 19:12:33.927814255,1089.265851042671,238.21822586544025,32.86499710432805,124.80001893452355,70.16441639550888
2005-01-27 19:22:56.968528449,1055.955560316908,239.7257804132908,32.69906699992856,123.64882157866496,68.22716659040837
2005-01-27 19:33:14.987977053,1116.2440401041454,238.22756713586924,35.30275655534541,124.84304123569821,70.91473965268855
2005-01-27 19:42:42.521648574,1078.040741017618,233.22290009326937,33.516083954408224,130.7963922046826,74.32636996878334
2005-01-27 19:52:33.037354505,1159.7888935846831,239.00745506780044,33.499431684865876,129.702498532161,69.06713379044191
2005-01-27 20:02:36.669040364,1080.9063278900107,254.1540066012052,31.36004790599888,123.57698188176833,73.82703877173613
2005-01-27 20:13:28.353519013,1095.5682158944137,228.47055183561653,32.29746582493576,130.6272850233464,67.97100566028404
2005-01-27 20:21:28.770371359,1058.4066994938842,235.6270092685328,33.45601910580639,124.36951826851225,68.60208951530743
2005-01-27 20:33:08.809640552,1133.5655342295108,233.5929358385711,31.887383322796016,122.99532237756864,61.5171382333256
2005-01-27 20:42:09.858254669,1060.5319823705622,240.5602239469585,33.18822844601651,122.13127683306313,68.55823295764955
2005-01-27 20:52:23.824312563,1025.4142747814385,225.31508598617978,32.76608991110341,125.15025408384219,64.32916926294236
2005-01-27 21:02:36.416881460,1122.725030166465,235.80484572690946,33.69649478570717,120.65595211005991,67.86057910854552
2005-01-27 21:12:49.613410108,1068.5147965292078,254.5650267940523,33.03966315189472,124.07624070410706,65.29427113441497
2005-01-27 21:21:34.738844398,1064.940851202751,241.83567221436738,32.71717463109662,134.40211884906503,75.70259976691597
2005-01-27 21:33:39.624572241,1106.866573869775,213.62412929310636,31.87674611395523,129.85570564384417,65.89130875828546
2005-01-27 21:43:09.529354927,1039.4020496010778,245.23518906315192,33.03482789363408,133.77044438599623,64.51570110169001
2005-01-27 21:53:49.343777126,1110.2070382361046,241.57250404040002,33.2528954100277,116.58549501286737,55.43114867028147
2005-01-27 22:02:56.006942429,1056.46458081075,225.07809684691307,33.88721097287761,124.64325230619654,69.83659825308715
2005-01-27 22:11:31.704832590,1024.3567792546603,239.0795372582674,33.923642798482824,126.77831156946492,72.02943403532262
2005-01-27 22:24:03.191955596,1091.2096524599365,240.75456533552503,34.41359676380896,125.53740954292024,72.62596392881179
2005-01-27 22:33:03.076510352,1050.7050532122992,235.03223340523041,33.998529430016,124.601554701753,68.27029008243083
2005-01-27 22:40:30.259327698,1035.599100647352,227.43720501124352,33.54547431755536,115.45767238499673,68.58331560096597
2005-01-27 22:53:16.844917003,1127.734463223796,253.19109852853055,31.84247599308867,125.83425452973376,64.6521011465099
2005-01-27 23:01:11.386155906,988.9404880926252,221.03717432041313,32.94129468017934,123.16954818241344,71.1739658224651
2005-01-27 23:13:24.665321337,1018.2100566485362,241.00016830006933,33.26643228912991,120.66895430786847,67.30500610551844
2005-01-27 23:22:36.571876527,1044.742550391253,230.48818326669087,31.861514747500298,132.23301697613124,72.61884303687984
2005-01-27 23:34:25.146769178,1058.9008299632742,209.3392525229443,33.33669498993902,115.29022339963588,68.62414507511926
2005-01-27 23:44:02.867807018,1010.4113249712996,245.28827451614697,33.188688197989855,116.37037529214355,56.40186090006679
2005-01-27 23:53:20.312615415,1124.3996081168689,240.56788969012518,32.79657534999817,122.04802221648704,62.16446446902051
2005-01-28 00:03:46.014617964,1130.6690542451763,230.04305641706577,31.394713719530397,124.78061948014486,75.34093925491139
2005-01-28 00:12:14.970659865,1064.1768234299577,238.10502275758208,34.09479126754203,119.96472850029878,77.47276787662777
2005-01-28 00:24:52.867595299,1110.7109544015843,233.14047777119296,33.234805861113514,121.089920624891,66.80805443976148
2005-01-28 00:32:11.648539214,1050.4759473155864,245.23778088889793,33.209040345260846,116.49447132372183,72.11357321952897
2005-01-28 00:42:38.307918301,1024.2494299759367,224.32547798133288,31.961610794242002,118.60406970021384,66.72554496539105
2005-01-28 00:51:35.359519491,1112.1854681861867,237.35305871279854,33.27181038005585,121.52521496350307,63.91600481215418
2005-01-28 01:02:47.041191180,1077.6034506810665,233.7315464163188,33.36039591463512,118.89853294568293,65.71763972549564
2005-01-28 01:12:58.986124746,1052.077342761651,226.1516075559887,34.51508992950104,122.03693936213963,67.84662407347595
2005-01-28 01:22:53.975737271,1031.4055565949384,242.39069154498836,31.33244836679294,115.46272854029547,59.224649735228795
2005-01-28 01:33:39.572486708,1058.696714089772,249.9250009010418,30.293022702383382,111.2419288975099,71.17057051027996
2005-01-28 01:42:54.241918474,1019.6375589571372,223.67895902528468,32.21723517517892,111.93486367882907,60.077999625102734
2005-01-28 01:51:44.181083880,239005159525861.66,16933899.263052404,2891232.721306811,7361826487.528411,18.27589646072878
2005-01-28 02:04:19.151173725,1057.499777783872,216.39686108486197,31.368549079794334,117.99509977927298,57.78380240446879
2005-01-28 02:13:31.584017384,961.1298816785416,228.5045054890555,33.68062275822144,114.47315138722905,64.24888561100606
2005-01-28 02:22:20.166498345,1028.9519779767004,219.16885785458973,32.57067505937397,118.33225585042833,59.92955860610719
2005-01-28 02:33:48.550577162,1008.8656440041236,220.54918654969612,33.607057647359426,112.01782345806443,63.76720411818122
2005-01-28 02:42:36.830517591,1135.3815564335653,236.20981355669826,31.36216458520491,117.23095650571867,68.03768993131433
2005-01-28 02:51:19.820335994,941.2880398021945,215.58030346449968,32.53164803418179,121.42284378554939,66.42281528014645
2005-01-28 03:04:06.204557226,966.2942865477936,237.16180042290154,32.07289722088544,118.36240108806045,64.59166347056612
2005-01-28 03:12:13.887350518,1060.140523096542,231.8891724625298,32.93167890937306,117.90131724567459,68.07350015969806
2005-01-28 03:23:02.244770584,1110.3574846385936,229.27074282770596,30.794223397584446,119.0006727466531,53.60796712335396
2005-01-28 03:32:38.537474258,1129.524512045644,242.243126346881,31.528627118383625,114.36511101031243,60.145268658621774
2005-01-28 03:44:12.881193366,1000.9641731274662,217.75781657071266,32.302716228867205,109.2104320405976,59.0835288719973
2005-01-28 03:51:20.561518671,1095.2629870863245,243.76681123798375,33.454172585034684,120.43850385102583,68.26154792683982
2005-01-28 04:03:55.264862525,1024.0588153742292,226.7707010804903,32.45047454129087,120.38664382667703,57.027289447520914
2005-01-28 04:13:42.730672233,1027.3016277782053,219.85519408545306,33.32950922113799,110.0382058194494,53.13155037811313
2005-01-28 04:22:17.533778188,1088.5229995065156,249.48480184340494,33.089534481308775,116.03389182918602,61.59136561225665
2005-01-28 04:32:44.307882196,1100.8585281091462,251.93756586339356,31.867199780050182,113.3856744591418,53.727000464361836
2005-01-28 04:42:08.797718790,1074.5574597279765,225.5153675199541,31.096193646513782,114.78332176755083,64.38063153205474
2005-01-28 04:52:16.340037738,1101.8385436854344,219.19333793420867,32.592580747285524,107.45968898159045,63.73779754597846
2005-01-28 05:02:13.748444123,854.6363227699787,227.37196908763977,32.28964766287554,113.7602986113354,56.9290053871706
2005-01-28 05:13:02.081406831,1069.703141026512,227.73073741911736,32.181316856989305,112.84576948887634,71.51834020904322
2005-01-28 05:24:20.811368599,1112.4864035172918,219.8853148753957,32.16502046418447,106.35633927451569,65.2245964026965
2005-01-28 05:32:48.087287893,995.4595158267055,226.3484787845506,31.806065111769346,106.86736813532708,65.00997275873522
2005-01-28 05:42:50.786083559,978.5677098529674,222.84884735958627,30.076156218504064,109.38276222725685,62.544618903907974
2005-01-28 05:52:45.283161335,1101.4068132874895,221.59631496971826,31.964294937483206,107.46669347050374,64.44600036359644
2005-01-28 06:02:27.635781513,1000.9738041845795,221.28917611313656,32.791724947099894,110.52389334789528,59.93630511180447
2005-01-28 06:12:42.797438865,1047.2959566591192,230.44745529827398,31.89856212990465,104.92559635141644,59.2296310829082
2005-01-28 06:23:27.865069922,1073.2611919087863,250.81993005269734,32.196356897876406,122.8482465236488,60.66531243703423
2005-01-28 06:33:27.717649945,1072.8589791125123,231.0762304334835,33.96573842763222,109.00091037075902,50.918191904786575
2005-01-28 06:43:36.352847503,1143.4823506007806,225.34003095280679,31.997310077765288,111.04591163026078,59.44846967525519
2005-01-28 06:54:58.755370699,1007.5596594699123,212.52371767676172,32.31923023028372,114.59863690599711,61.18922333356085
2005-01-28 07:03:37.084020184,1049.9468280336391,224.24966915428635,33.10555713188396,110.94820153673147,61.04992057100449
2005-01-28 07:10:09.844375746,1000.7935982175793,228.90099376821217,32.19429944654388,109.58231989022694,58.91230436903338
2005-01-28 07:21:49.753359469,1087.8988956679234,223.6952453475589,32.05760494447373,112.38204820455671,54.447251948501744
2005-01-28 07:33:10.735434409,973.7214553264542,233.29305054641202,31.852131573223573,110.81593689013778,67.57942657016322
2005-01-28 07:42:44.181558872,1130.1938995898274,228.24909923392676,32.46945569701783,116.0694390572012,63.102183894563936
2005-01-28 07:52:45.128906186,1100.982537337323,240.7506220049736,33.18363091519193,118.44757517897187,64.62858086228756
2005-01-28 08:02:12.051913829,1076.6744295615408,258.11216751471073,32.56351393764777,108.06775992353168,57.8253168923648
2005-01-28 08:11:22.881937148,1103.8956351886757,214.30691822505813,31.890952349343475,117.57810130228727,56.31714469725906
2005-01-28 08:23:51.776426493,1042.756734609559,250.61739792844722,31.279503133641107,114.06862117940845,54.4098149849227
2005-01-28 08:34:09.629756891,978.2086854298971,224.78127976072597,33.10316961103601,116.32138219520837,62.307138878020076
2005-01-28 08:42:15.179632165,1061.8092102042706,236.23491240743203,32.36396760844411,115.66986301186496,57.46542584946531
2005-01-28 08:54:03.549340621,1126.9587941457576,242.61939077255596,33.018488219062924,120.92523488802908,57.15617333338622
2005-01-28 09:03:44.475307500,1093.7685477135526,233.68839522085986,32.06312776426949,115.66504673493229,59.232997090704735
2005-01-28 09:12:51.635754442,1022.4697471284234,225.25549589765592,31.70224754636621,116.35225077694466,64.86059111800462
2005-01-28 09:21:10.626559325,1048.6345667054286,218.5627089580558,33.32864937614503,120.19957052145992,61.72868215568048
2005-01-28 09:33:30.895704728,1069.4310887308902,237.09494182936797,32.99452459556907,114.57048417554766,71.24017059243243
2005-01-28 09:40:54.932779056,1053.4311903789178,225.41171948698755,33.52819017653986,107.72015624026939,52.52130079227819
2005-01-28 09:53:07.024664945,977.2462614974019,241.20113416585406,31.196143547981737,120.45514326238154,56.92841492872134
2005-01-28 10:03:21.294888526,1045.1942101654179,239.1553743314699,31.94661543683212,119.01254249146987,63.215562477244134
2005-01-28 10:12:13.657926265,1113.9755609388278,212.03598660336772,32.78862330721484,107.40566834493852,63.40719133998928
2005-01-28 10:22:28.642014501,1064.9873218285852,241.61142109349566,33.779037735638916,120.1951806644312,56.86631469123014
2005-01-28 10:32:35.043450194,1103.8920839376747,217.3824227028859,32.05190435411637,118.49282062930637,65.84739252999167
2005-01-28 10:43:17.536914839,1051.833646642451,238.921414750411,33.51619629500152,110.19665408630836,59.09064267477696
2005-01-28 10:51:21.417882886,1099.211963953604,224.74178040599438,30.671926698841197,110.11772132520088,59.44227978236945
2005-01-28 11:03:08.136196005,1074.374355540048,219.50453584428965,34.68726741104467,116.60072500854507,48.489129337892535
2005-01-28 11:13:11.686132607,1110.2738440414703,235.30555526141032,33.909433281134895,119.03340890514382,70.34435387649499
2005-01-28 11:22:30.943970640,1028.83445758681,236.62027290336425,34.35315987836175,120.67025134202513,54.53950151596219
2005-01-28 11:32:54.746174614,1117.1831146800369,249.3661121951709,31.385546577133027,116.26331009447213,67.33433549307458
2005-01-28 11:43:27.952761441,140.09322784258086,-6884106.390949578,31346.2638455894,-579261.8082265789,5.835375141207161e+30
2005-01-28 11:52:14.162091195,1010.2225001770099,231.6039507568084,33.892185894991556,109.9563176827457,55.34522344474584
2005-01-28 12:03:07.791093265,1065.14334352137,243.33360084719138,32.17444538170904,123.43643879396241,72.40826305785514
2005-01-28 12:14:20.215361287,995.2770852227569,231.08966897717858,33.4195511983436,117.42416751103667,58.995857543289276
2005-01-28 12:21:12.076537956,1039.3517576866814,241.48319387683838,34.642032265744206,111.08897473936574,62.499742982039535
2005-01-28 12:33:42.715881925,1114.5555219946502,227.3184793113428,32.76870059775564,113.21503215586944,65.13578899544008
2005-01-28 12:43:05.542258602,1082.9965262231813,237.70852304860327,33.15497005135912,113.61961560785133,66.55587165964275
2005-01-28 12:55:37.731456813,1057.0963180659855,229.9717423340705,32.75852936418445,115.13760559793755,53.39603015772505
2005-01-28 13:02:49.510500233,1018.1075450335962,230.27044758323612,31.814748985638342,125.84652287974606,68.33826309091805
2005-01-28 13:13:28.296850271,1088.7361782507123,228.5032176119437,33.36626878712984,125.27708586765853,69.10507567233765
2005-01-28 13:22:03.232290070,1019.9641040507636,215.68919616405475,33.40815164322904,122.47111230844207,65.25659759747698
2005-01-28 13:31:48.422157725,1090.885055772831,241.11681430958643,31.822517448735564,122.12332011873086,67.73182817563178
2005-01-28 13:45:04.639598540,1063.0854328441999,224.2810854401845,33.92247660382658,121.28997387790709,66.74136747266368
2005-01-28 13:53:14.299795219,1070.191291271668,234.87993423289177,33.989192094045706,119.02919434897346,63.7751514188832
2005-01-28 14:03:40.432041019,1037.7007339230938,238.93129299506296,32.97005314702169,120.85838742741112,69.22689011575754
2005-01-28 14:12:55.933328195,1160.655238995461,-3330.5985106501457,-38.18784292129735,216.81746864911256,26608.7294394689
2005-01-28 14:22:55.486147936,992.6381865088586,261.81712470023353,32.380982719734035,121.4451526300477,67.66355203325784
2005-01-28 14:33:27.539067240,1044.9139595258498,236.35637155483317,33.034131440491336,126.08888806049464,79.03923601937063
2005-01-28 14:41:47.846697418,989.0135833872366,245.1047249362728,32.38525861482453,125.2906690751581,59.4251265516793
2005-01-28 14:52:17.930243001,1097.1378003223815,230.5869676549341,34.891532118024045,117.48540506554036,75.66402551688182
2005-01-28 15:02:11.708646525,1063.6671117328124,248.24246786880616,32.405986232471996,122.6369392931901,63.52706157950274
2005-01-28 15:12:13.650047046,1087.8353704114074,224.12847504040175,34.164906482776374,114.41034160269685,63.618252745993715
2005-01-28 15:22:45.518691898,1012.9546711264242,236.34328481190883,33.02265211248933,124.69836425865668,71.69021442226446
2005-01-28 15:34:31.791847924,1074.622574688424,218.59203480403983,31.881872917946158,121.95044333723456,74.02195974438911
2005-01-28 15:43:30.941144013,1083.0950843366054,250.83578479692528,33.686642353464514,124.4203390797584,52.780048580140615
2005-01-28 15:52:52.078249800,1073.677622514142,233.5927682397527,34.718691164516,128.42748995240837,71.76451644794739
2005-01-28 16:02:32.968326069,993.4862620312706,237.3090744058751,33.05286908058942,128.9134682150433,68.41927269094387
2005-01-28 16:11:46.816251228,1064.8618662005535,231.9004797260163,33.75710425316441,117.04880476512662,60.43431534438329
2005-01-28 16:21:39.762159177,1054.1927897852115,232.40770374247083,33.85509013610433,120.27865709726306,66.89463642208123
2005-01-28 16:31:51.022258625,1145.7280663810102,220.1544360049982,34.713214074636696,120.33958414237883,69.38217357677183
2005-01-28 16:42:47.609153226,1020.582972875307,235.04611750649983,32.85802467752349,121.54398018705729,73.11355243310557
2005-01-28 16:55:03.238405057,979.4580403361624,242.44300188076411,32.560827764082745,136.00245939502173,70.69532800323343
2005-01-28 17:02:09.574422500,1024.6042066250695,243.7100162038553,33.31343688162475,132.25465353978922,68.29975805957737
2005-01-28 17:13:00.554787390,1076.214935245802,230.58487468414157,34.67871351394164,131.18551350379934,70.80415423132037
2005-01-28 17:21:10.921693454,1143.766586987084,222.199764590996,32.32239494918087,131.00429949971743,73.1426946147173
2005-01-28 17:30:51.777141087,930.4345923919004,240.63896737840133,32.34680896238602,126.69567924713462,65.76101582375061
2005-01-28 17:41:49.976961486,1002.9804592731539,227.38762434834842,32.0434894750419,124.97856343903153,64.99996796518177
2005-01-28 17:54:10.893708525,1148.7136553185132,240.86654283245943,33.891451991308905,127.49510266237345,73.48906563482582
2005-01-28 18:03:57.659401083,1035.324071769409,256.24497070762123,33.19108557447508,124.72168377027535,65.42781382653402
2005-01-28 18:12:04.577940599,1026.6897587168623,246.80502820306035,30.364680023980334,125.60563456051234,81.56664056876348
2005-01-28 18:24:08.226137090,1000.6967017447499,239.75395134556328,33.54181569316665,118.58498957612936,68.47124938230728
2005-01-28 18:32:32.763803351,1036.0441245851343,248.97559162127232,34.4670637365223,121.06848872376145,66.45724246413315
2005-01-28 18:44:38.705695684,1111.357738308922,225.0604118043144,32.84124862944639,124.70136693047309,60.469905989742635
2005-01-28 18:52:56.556262236,1045.294210692067,233.40177380500364,32.591635670196325,136.94873994055223,77.486004931571
2005-01-28 19:02:59.602139313,952.1327580311624,228.55468677788633,33.72577953682813,124.19849900355327,74.13385965371806
2005-01-28 19:12:12.200944030,1118.441273942622,231.3742641873767,30.056636966233583,130.71897540662656,63.54768191642921
2005-01-28 19:23:12.429438326,1121.3688198483533,249.89618780346717,30.960978629715886,126.1739712795891,74.11344664722976
2005-01-28 19:32:50.611711529,1064.4381673172554,238.20665801515233,32.53309262864704,120.51497737743487,75.45092343328825
2005-01-28 19:43:12.035976022,1080.7693053987978,233.59978016253234,33.46104449997617,130.5580119307999,72.93139754196885
2005-01-28 19:51:01.173403115,1067.4790889244673,253.05130150013943,34.32064427672748,126.97165026310958,79.01570707661082
2005-01-28 20:03:30.931281423,1018.6490951643865,240.05271400472157,33.965758100415435,120.97812180850921,68.2779849907872
2005-01-28 20:11:52.640271451,953.8352750400995,223.73906557514525,33.12960203394217,120.62581135718818,80.29187429685115
2005-01-28 20:25:08.814920024,1135.7002327576681,247.4874484448569,32.66654646762574,119.20796276244005,67.94136031236653
2005-01-28 20:34:29.708912826,1122.0318119426308,253.75922275964177,33.30792992019541,125.78731533452729,72.68879852232537
2005-01-28 20:42:29.616527779,1010.5178059389685,224.02934841556177,32.521973245773104,130.40788855593811,74.81854759457217
2005-01-28 20:53:38.527142544,1000.8775522961794,221.007565027567,34.36942250309449,128.27406898835358,76.82530625819895
2005-01-28 21:03:06.905240836,993.5760334709663,231.11458913042534,34.12680901074819,133.61030371204782,75.36319243786185
2005-01-28 21:13:01.501495750,993.1739925530887,239.64394391318046,33.289157734071196,138.38838994814856,73.42877534801961
2005-01-28 21:22:46.699182629,1063.9038030923912,245.3679087661399,32.17343202019872,126.05762662819858,75.85399196692403
2005-01-28 21:32:46.894647639,1133.4563093877491,242.4694466643331,32.6363204690839,123.62072797249843,60.13100355829403
2005-01-28 21:42:52.424668879,1169.5792567210922,232.54863144395506,31.702673346566435,137.02136960991731,70.61092240963102
2005-01-28 21:51:48.286592901,1068.2155269339107,235.55039444518258,34.05568099310136,127.27433163026218,71.14070243775656
2005-01-28 22:03:17.075292295,1055.7927482424473,235.17219207462674,31.975161627339865,126.69244967789498,72.44074102044921
2005-01-28 22:13:11.614486528,1074.150139655383,234.33024024993796,32.64746580834668,128.9228885140621,65.82009938871654
2005-01-28 22:24:21.188763680,1087.882626643531,233.01341355547405,33.01030578975771,121.68978927164642,70.87338280848238
2005-01-28 22:31:39.399493549,1007.7759224844583,235.2016680460031,30.598123568683473,129.15211676101273,69.09617331674269
2005-01-28 22:43:34.734191166,1061.573393487358,237.5032768609288,32.186503087210895,118.81560509649235,76.33897385109346
2005-01-28 22:51:03.416904079,1120.9303657155021,225.2208086581114,33.631808135571085,121.20716244452034,74.17050880470465
2005-01-28 23:02:53.938574188,1103.587549591633,245.81225165153785,34.22565597635383,122.04054546719597,71.89287493865677
2005-01-28 23:13:47.293888487,1047.4031544729273,219.26103134040895,33.96314729688139,117.18675440632732,74.10278292886902
2005-01-28 23:23:59.691868644,1050.8034666781507,230.34910189075492,34.88331534651423,129.19081287718714,70.68241199373905
2005-01-28 23:33:58.600572393,1052.406043962426,238.78182662900886,35.19166648397496,122.14715295360247,70.19540456564478
2005-01-28 23:42:42.694657053,1104.3708494126995,240.70580248939288,31.84338497621356,121.36419003864675,73.74266556765237
2005-01-28 23:52:26.528075087,1126.803861619729,233.86674577776816,32.73339997699067,119.82554395059822,66.42088234724756
2005-01-29 00:03:06.787110242,1094.363413720769,230.26034690297783,32.224346793803065,121.429253754289,71.38768060513358
2005-01-29 00:12:51.288458121,1110.6432063645013,232.82490131691648,32.47441215726664,117.3424286656288,67.22548821368316
2005-01-29 00:22:20.715632842,1048.4854579450976,231.3196638408304,33.66823179470452,120.29429194586615,65.52830280205615
2005-01-29 00:33:10.345533697,1029.6167965720124,225.77632048762374,31.53113351135157,118.31039139813254,60.81692969132469
2005-01-29 00:41:50.043743769,1041.3807711719264,242.54199135958225,31.186729044393033,125.1848316886984,68.89328960694364
2005-01-29 00:53:01.264420092,991.1626489566106,233.48456151938143,32.83181115445999,112.33765105709767,61.07027016118345
2005-01-29 01:02:31.102386204,951.4397273597654,215.6338274427933,33.08266978127413,120.94138734148603,59.68403972828394
2005-01-29 01:12:32.199314397,1051.1154067969112,239.10860270363358,32.433347136168564,115.5100352685948,63.61539487550259
2005-01-29 01:20:31.332910428,1041.9847971322768,225.19388455514755,32.24831118647883,115.26466368046148,61.390088875436504
2005-01-29 01:33:10.639886035,984.7847463049484,229.3667417730561,32.7737515688968,117.09743887048846,69.70374952752535
2005-01-29 01:41:04.199606150,994.5616101464984,229.276631691229,32.11568177148712,126.46938628296485,66.4916111150627
2005-01-29 01:54:38.947644840,1099.8445702152324,228.76058148883155,33.56302864958034,119.46162926646743,73.36071717088136
2005-01-29 02:04:53.448733456,1115.4265674496921,254.56740666030686,32.68913253762041,118.9219620351457,68.91227612377699
2005-01-29 02:11:06.645236499,1067.7997986229686,244.705345962276,33.74623567675282,115.26011435233188,72.43093599887273
2005-01-29 02:23:06.963023587,1000.6841406956711,231.42222114036684,34.00599982572559,110.83763852705677,63.42482727603659
2005-01-29 02:33:20.823344530,1124.1609858254662,246.60311673709563,33.66332487239823,114.78030545261556,59.067837662621216
2005-01-29 02:42:21.839806164,1031.737823418058,251.87332991874206,31.61522715243626,119.39461457104221,64.81032231961765
2005-01-29 02:52:54.918205115,1031.4913697595225,235.25447764949016,31.65079191203308,113.0287564246616,58.46239952384711
2005-01-29 03:04:10.495597367,1048.2936750047106,237.49844562768516,31.80286561472766,114.08391424402357,61.943731957294005
2005-01-29 03:13:24.059120111,1139.564459435312,220.51922549715047,32.54723128333655,111.47926864866054,71.77876995248567
2005-01-29 03:23:56.550759985,1023.4114394256702,236.7776694761177,31.391061187073742,113.1228506443995,50.01379297739767
2005-01-29 03:33:26.029287829,1048.8207351578576,234.23704295375808,29.74750634512397,116.32735961201205,62.954315323123204
2005-01-29 03:43:37.728086877,1053.6990502827414,245.8522185475713,34.1389248543284,113.48858415861288,59.68211090875359
2005-01-29 03:52:16.182091269,1056.4698545157669,226.68149247903202,33.28326921589234,114.76447203580841,57.53750212636055
2005-01-29 04:02:48.816208190,1078.4158388299031,223.38017136574172,32.766799639392204,113.4978156301309,53.12899332095039
2005-01-29 04:12:06.433295068,1098.5277237653384,232.38564503552888,32.45413587103843,114.19565526372661,61.12117389252461
2005-01-29 04:22:58.594498498,1055.3853789048324,230.74929027696402,31.15310911232065,110.0495670630242,59.94799212843386
2005-01-29 04:33:42.156571228,1045.3347621703888,243.31515722178443,32.112614874320286,112.0815449643014,62.73178940269549
2005-01-29 04:42:40.922013129,1058.8287062345173,254.3991789909629,31.491883137471426,115.35056836776644,66.12049646943925
2005-01-29 04:53:24.399928268,1101.0745486756439,219.27432657735957,33.79552486527636,118.39491552122242,57.48025232763533
2005-01-29 05:03:52.156707835,1073.0256485242157,220.0657822154958,32.2301447049698,104.06640824264099,64.69573750354839
2005-01-29 05:11:42.071919195,986.1989925103519,226.76839171487237,33.15673549801139,112.6388142998567,59.5017924907708
2005-01-29 05:24:19.840165005,987.70546406676,227.1725295501362,32.87010624826002,111.71155989526103,68.0790007864959
2005-01-29 05:33:32.828218895,1089.7342117661663,217.68346920962134,32.39943610415217,116.29174406029442,64.67903440291389
2005-01-29 05:41:35.024143710,1034.508815955542,231.42226225028273,30.690443260106,104.4954326144869,60.4911051505773
2005-01-29 05:52:38.163609457,1065.4594485575506,225.3529842524258,32.79741305179196,114.1591343332876,62.89245451941395
2005-01-29 06:02:54.343705636,1073.3126969387604,241.64349911944043,31.627132872397066,120.3523776341867,62.821754553540806
2005-01-29 06:13:28.407170008,1049.1478462154116,242.1393501693098,33.47973680664192,106.90093176898016,65.6691234521467
2005-01-29 06:23:37.033839817,1134.009510134033,231.4366338446697,32.40368164547307,115.71310579636851,53.26448067184313
2005-01-29 06:31:57.848486440,1085.1443976823168,247.9625509682057,32.145618807028406,115.21481332005405,61.910533502521744
2005-01-29 06:43:51.076115832,1029.9263947780228,223.037810539271,31.156404908392492,116.34455574641194,61.85240054511568
2005-01-29 06:52:02.979570981,1043.5933568045923,246.14805168058908,31.110592226924172,112.82280637166406,64.5819452187649
2005-01-29 07:02:43.064018009,1079.275327825291,224.91033868772473,31.822472771477663,118.59799693055754,64.1305026777916
2005-01-29 07:11:39.477808259,1050.9919822315953,218.52394098217718,32.519808203803734,133.8012048654915,66.18148639524688
2005-01-29 07:22:30.625447905,1077.0075162762173,251.11797751278908,31.633535756465626,118.5460575050945,55.17542396664553
2005-01-29 07:33:57.226866409,-28589.67744265169,-30478.816929997123,1148663164.0577924,-45.20149097256562,4116.273965483306
2005-01-29 07:42:29.214912467,1055.2784457396833,235.68986082822002,32.434199521212875,100.69085719296879,55.50270209172211
2005-01-29 07:52:35.112868514,1032.896482704271,227.57021814477906,33.10494330285532,109.06844616462442,59.08034335916411
2005-01-29 08:03:10.320134838,1011.5648916416461,224.0649795314036,31.727992228032246,113.04643787078767,58.24254140760094
2005-01-29 08:12:44.296980340,1065.5820405861402,218.32345531529947,33.11028567561487,114.44484444743104,60.683264894774794
2005-01-29 08:21:59.844565377,1081.474565754281,246.83729937278744,32.62361957169556,114.23307906651425,54.52706021040372
2005-01-29 08:33:17.142068899,967.6711970100422,241.1899165933891,34.31448924508536,105.59614310062142,59.742814459415605
2005-01-29 08:44:17.642232962,1123.1553878260831,249.41605570759467,33.29582105891477,102.48695998010854,66.3259527659997
2005-01-29 08:53:22.784206106,1008.3921518967023,225.03307315542054,32.71384269150693,114.32122547725795,62.16991177299191
2005-01-29 09:03:34.246025981,1044.5159778352233,237.37593138855888,32.22323508812343,108.41392959991812,66.03682939304554
2005-01-29 09:12:47.553092228,1106.2852463236684,219.85271545919386,32.31166592881944,114.46047753392678,63.902502995943514
2005-01-29 09:22:53.278226477,1000.5935417341558,232.71401268687845,31.879315761965895,108.64250119153986,61.10021469430673
2005-01-29 09:32:23.917435181,1002.9663879821626,232.34253448362855,33.23554067278366,115.89489579126995,55.2709038043373
2005-01-29 09:42:17.141144698,1044.0362503481886,226.22630120042933,31.390823067994894,115.71798993694975,51.36096157190074
2005-01-29 09:51:07.164500147,986.3997870475283,224.63936518989146,33.43286948076969,112.92963299928948,65.93195033979379
2005-01-29 10:02:26.356282177,1160.6011344931221,248.37774295400203,33.45695598199347,112.2725108536023,57.09174592297043
2005-01-29 10:13:56.497549300,1107.501687970213,230.68553958237158,32.649560391214436,116.99501635600595,64.14817721019121
2005-01-29 10:22:22.705180518,1065.2297559880521,221.35660252299294,32.87659705422405,111.002337653209,63.004905350829404
2005-01-29 10:33:43.300311244,1063.536575596569,256.3359833281846,32.25384439223053,111.78047913466705,66.79538096268301
2005-01-29 10:43:42.018433117,1034.0616820124912,224.5932662405906,32.98146036648437,107.93757844987653,60.342568246089314
2005-01-29 10:54:32.764168318,966.1204951417787,218.5599133518401,33.70438002933044,121.21997556300653,63.895726253570544
2005-01-29 11:03:59.655901783,1108.3596428130943,243.29731762992483,33.65571153399862,115.97174867928655,58.458124201873744
2005-01-29 11:12:52.120520403,1017.0032816020931,225.96027414294474,33.33378508811577,115.10962563336132,69.56204127553588
2005-01-29 11:20:00.678962445,1048.4405716733772,240.9330787186025,32.86744186229429,120.35136935431903,54.09527769556493
2005-01-29 11:33:32.806027502,985.2418348366813,246.20927761043646,32.141249622718355,121.51921242756423,66.45924129689432
2005-01-29 11:44:07.466250721,992.7875901547715,240.38034075296073,32.285068923286794,116.59368962832038,61.69982402621089
2005-01-29 11:52:00.832533779,1024.8878623042078,242.84977080393693,35.045323508192205,116.43367223326125,58.272573549122974
2005-01-29 12:03:55.654437372,1100.6723061445837,247.53603959836116,32.73085517922549,118.6290346927637,62.7305180583209
2005-01-29 12:13:39.344742150,1000.5136071733194,242.00138017363358,33.162478845513746,126.2712315333063,67.27692239708313
2005-01-29 12:22:06.575749178,1129.4631831372687,244.5395316593861,33.047015053853464,124.81760203509141,68.51024960974756
2005-01-29 12:31:53.415877870,1039.7411007508845,229.62056108800198,33.87294873278163,118.24552415191194,68.3979289856821
2005-01-29 12:42:05.036298834,1083.0551561649659,236.0778554948201,31.89617414173389,120.39510991485182,59.839720180446285
2005-01-29 12:52:29.435395849,1078.5559927205775,231.1866662952957,33.282889208901416,125.99117683111754,73.24266874525256
2005-01-29 13:02:26.404362468,1042.9707229688988,248.23522003620099,33.26034406456371,118.0789152575721,73.12140326539875
2005-01-29 13:12:24.856123502,1145.921246824824,247.9530643204867,32.43751628747942,114.92616966465286,62.589764896839334
2005-01-29 13:22:29.313841002,1030.9468123547174,234.09813714301453,33.296945200428816,130.05203459057378,82.61847987006182
2005-01-29 13:33:51.236554324,1025.4213079114966,232.74194720045833,33.69165041661428,120.51148583485322,60.64035785050369
2005-01-29 13:41:38.924032683,991.0728200821136,210.31430234371226,34.154480961629496,123.98253281030085,76.95353703847374
2005-01-29 13:52:21.921571473,1020.4783810316693,224.52931974262296,32.54008504290244,122.07329919196555,64.63436125319623
2005-01-29 14:02:07.618671284,1086.4607642053406,221.58451481552956,33.184923098287754,118.37839536007245,67.33719818054092
2005-01-29 14:13:02.250245937,1035.0626091590425,228.15531751776845,33.05609354260117,122.36070954828418,60.622002353497315
2005-01-29 14:23:43.625348084,1152.56846068787,244.9752254925329,33.21783723192766,123.75376707023453,75.28072077889868
2005-01-29 14:32:31.802721534,1143.3071322667904,232.4729803746936,32.892586211924986,120.2816503329193,67.55105041666201
2005-01-29 14:43:35.070816078,990.4605836127417,243.43296131819702,34.01428153018853,114.6472093118931,65.59198198971481
2005-01-29 14:52:18.868464288,1011.2265542288707,250.27619095465892,33.91886988357715,128.02068338484997,69.2011234521541
2005-01-29 15:02:51.636638640,1013.412871987098,231.85366663482478,33.22402923718068,121.58630661760546,66.03311577574861
2005-01-29 15:13:00.649858895,1064.823440096638,254.68207598417877,34.29925668606122,125.32937040609607,76.43464755178569
2005-01-29 15:23:59.246502101,1081.8432843271428,237.4051236159894,33.27140176319296,123.2801991641818,76.08542672039073
2005-01-29 15:32:09.199661781,1187.3892668180542,225.54878467119653,35.19980098458863,124.29707672746866,73.68433145329023
2005-01-29 15:43:25.697943537,1126.9363534012407,235.7767967521863,33.43716276259641,126.19495771063542,73.90588188298503
2005-01-29 15:52:08.492601480,1111.6371831392553,221.6015562816066,33.92550981900334,127.26095260233195,64.11988309929002
2005-01-29 16:01:25.976053179,999.8928052454553,234.6425368012627,33.20639821411232,130.9511287942461,67.11968516243635
2005-01-29 16:13:06.137302135,1068.411832317454,240.10035793480318,33.13992808721067,123.51573009519852,58.88795685615994
2005-01-29 16:22:52.410054851,1031.6812488681505,229.99273618576817,34.519049608901774,133.4077942753703,67.70694344938747
2005-01-29 16:32:03.930551342,1060.776195150733,241.71116989948086,33.876338410919786,123.39770322228867,67.59405564279086
2005-01-29 16:44:02.866586139,1034.3381128493677,246.97604210450513,32.53186389211396,125.78790185518565,69.06036669662454
2005-01-29 16:52:17.303709133,1076.154167440814,245.65935947991082,33.230008708226976,121.96629053270507,64.4636602442684
2005-01-29 17:00:42.686272143,1028.0360367441804,240.81145067510843,33.508804865018824,121.67275818668807,69.6654522980124
2005-01-29 17:12:24.642442329,1063.053054480564,226.1416176061589,33.428506754052364,124.54460274546314,73.9007379931632
2005-01-29 17:22:08.503852406,1048.1392017250287,222.4239313735529,32.2242541000955,123.0382260902107,66.69334398754518
2005-01-29 17:32:32.246410057,1073.5073902295992,235.66694163709417,33.47282171251859,127.29298588483007,78.52694565555761
2005-01-29 17:42:04.362821898,1100.4206512171177,232.5092361390852,34.518460617953934,126.57737278275565,68.09039274883492
2005-01-29 17:52:24.129794824,1013.3557960347915,238.18428585348119,31.459292590707687,123.42166143764166,66.77931731417544
2005-01-29 18:04:24.650189112,1117.9954257900984,221.9800486542562,33.14500777291585,121.6978451227897,73.62139468020263
2005-01-29 18:12:08.178621983,1109.8564996984355,247.11391484183176,33.366184616995106,136.81996886406097,64.78757374957155
2005-01-29 18:23:12.826007457,1113.986889144269,236.80934577548226,34.47574671483607,119.79981528198796,63.268196293800415
2005-01-29 18:32:48.036389068,1120.3990725959293,234.1545568262318,34.89934111104714,126.98163703807593,70.72066624983319
2005-01-29 18:42:53.524727882,1100.7399172146654,240.82482520564298,32.55553347480108,129.66955082172134,72.78859735712182
2005-01-29 18:53:44.561583632,1020.5908031860492,222.32738384603942,33.625393220207094,128.84191380159137,67.77912397571109
2005-01-29 19:02:06.289219683,1202.1434903387844,237.1645384381087,33.77737485969522,127.41999184111211,66.14655544460359
2005-01-29 19:12:45.492741547,1027.7210253045469,221.8844227260497,33.310572934488576,126.01348429093825,73.63248329313133
2005-01-29 19:22:27.962254648,1111.792173458316,240.91734041264235,32.50643580958912,127.71103929652853,66.11987821416464
2005-01-29 19:32:42.428398743,1020.6228168100615,244.34297528850968,34.54602630395704,125.44178148233448,73.87275804768144
2005-01-29 19:43:55.487685791,1008.6988517855456,232.05953803489808,33.67574988038997,124.52094136865324,67.97347119230713
2005-01-29 19:53:23.403032447,1017.449579717032,249.62244624515722,33.55252912299069,135.34005378667075,63.373692706425324
2005-01-29 20:01:27.733618591,1137.8120082469306,230.5667614435195,34.32500492933574,119.81903560191726,71.50094680214633
2005-01-29 20:13:44.467045738,1006.2404188713901,259.69462833876037,34.51920079650393,128.86107320392887,72.11839968990735
2005-01-29 20:21:44.566619311,1148.8362300784645,230.00203551106455,33.90986038447467,124.47237528231004,65.39652324308206
2005-01-29 20:34:00.646832497,1140.375718457196,250.27268255267546,34.27486325656918,134.1020547089288,71.01532048413056
2005-01-29 20:45:35.600383160,1067.6820345818535,246.1643072912177,33.56791602398632,128.33223275453813,66.30212356720143
2005-01-29 20:52:27.589654971,1062.1922474763683,233.35281642604767,34.91821176632006,115.68465914014658,73.13408247609699
2005-01-29 21:01:39.849385507,1026.5346267679763,238.0986530178367,33.227224737394835,134.50144654336768,63.77692065519963
2005-01-29 21:11:10.242193368,1077.843325449488,237.8899421076481,34.37834845051657,124.16624606787155,74.17451916954212
2005-01-29 21:21:22.155970692,1015.7829644035794,238.4421396319399,32.78977595303143,118.26671728973555,63.218228543615666
2005-01-29 21:32:38.198462051,1048.8897474877642,248.36734226165947,33.05625797705594,124.70563716127016,67.79267167200197
2005-01-29 21:41:52.722255223,1091.082040391442,245.10414771366067,34.75253934810407,123.72253087127777,73.86131518892358
2005-01-29 21:52:30.267441933,1012.5574319932555,235.43102503446795,34.5914827887651,128.6644667578292,76.65377139850496
2005-01-29 22:03:08.773861590,1054.2937375414476,246.44237879435286,33.848333768564785,124.77988857705944,68.56411189610154
2005-01-29 22:14:12.457835094,1093.7394528157186,247.55618819808768,32.857112821223296,121.25729160362135,73.93433876241018
2005-01-29 22:23:16.336887208,1045.9193435376435,247.698539031053,32.4371381523669,131.11612580044357,66.1545549000661
2005-01-29 22:32:59.867713259,1041.1880716874775,238.32165667962698,32.95723241476569,121.48629021460357,73.22860456781183
2005-01-29 22:41:56.567412064,1098.8981091757455,235.29637752565583,30.599245912313098,129.50895464317634,59.25849012190254
2005-01-29 22:52:54.422359380,1003.7758243013626,226.0362746988027,33.94205004735608,132.15367675111213,65.0505553875677
2005-01-29 23:03:00.292452034,1003.6298402437122,219.8476843892399,33.767042122365105,117.09445504963202,65.42863231640449
2005-01-29 23:11:34.116632132,1139.74739235336,237.30426801694549,34.60542418604678,127.01814835743514,64.70832525335828
2005-01-29 23:21:33.479692498,1049.4334915722663,226.43465193592905,32.88870161817437,125.35899069985315,72.97430733605106
2005-01-29 23:32:04.711443866,1094.4679606985114,216.74916044720828,33.992722761391896,122.18443523444328,71.93510353542331
2005-01-29 23:41:44.980422643,1051.7116171545035,232.1286382500376,33.79389427168867,123.84369689987477,62.310867767108704
2005-01-29 23:53:32.177683611,1052.5862539326758,228.69332881457507,33.1893843889663,130.73184247469175,60.63939603350075
2005-01-30 00:01:31.007113912,1083.1558014314235,239.63121599566654,33.36685794859696,127.3464644299245,67.32540309269719
2005-01-30 00:13:36.269295577,1068.0113641396308,235.47619832557194,33.02479893186807,123.00944557521677,64.39292181950285
2005-01-30 00:23:08.375581393,1047.616855349423,224.1761869223032,34.104226587903696,115.85592021476181,65.76896468007541
2005-01-30 00:32:42.541435541,1075.723234477823,244.84352885376617,31.525100975350323,127.70732634554022,71.6431112917689
2005-01-30 00:40:52.346079286,1026.3691959669804,227.49012709252895,33.29839642183574,118.21129985115762,60.690859932985596
2005-01-30 00:53:52.714070859,1091.463734208193,236.67858869402977,32.88581434070284,118.4734579525449,72.7821519624336
2005-01-30 01:02:00.295486060,1104.2412741780672,224.9524846375395,30.728932596410097,134.25680394427033,64.00334490141238
2005-01-30 01:12:12.493217324,1062.6892996262193,224.81109639718662,32.54328202945662,121.34714568414431,62.12494298898934
2005-01-30 01:23:13.709939474,1009.1032624262234,216.31196975935484,35.03465389981938,117.7434811115302,64.61715075004456
2005-01-30 01:33:49.450956497,1076.0317615640508,227.19717386281832,32.25698787974535,110.81069173500069,67.24475999768777
2005-01-30 01:44:37.407162363,1064.707011969871,222.56934677311102,34.40975799087466,121.97411870615103,70.87748936126083
2005-01-30 01:53:38.229266290,1063.960933211705,232.5902344767023,31.772522474117952,115.91123699099842,63.82112051989194
2005-01-30 02:02:31.288894862,1121.2298033858576,221.49019249127332,32.66628872431802,118.76150531613824,60.76295065259991
2005-01-30 02:13:29.656257771,1098.0582257512242,234.32186154083647,29.883763038886624,126.88126572547502,63.87154917604828
2005-01-30 02:21:06.767448833,1100.0619680629934,230.27576513252276,33.085705566504544,115.08172713597045,66.97929363694237
2005-01-30 02:32:50.710774907,1027.9570931716692,237.75699292105176,31.802680841088026,112.64762815953394,64.7206108381652
2005-01-30 02:43:30.423987320,1073.1851476017491,234.66513483024315,33.00746738968497,120.90117712531014,63.63256520550105
2005-01-30 02:52:30.935777311,1053.1501840709432,239.60698844393565,34.51834752712648,123.5227666284224,64.22427358124857
2005-01-30 03:02:27.148179325,1110.4270097288836,220.38229232298116,30.761304279721738,111.93571585726338,65.36094028117391
2005-01-30 03:13:24.332832139,978.6774266330755,228.9938969878508,32.50246228004089,126.63295795305184,56.05178510121218
2005-01-30 03:24:01.327982754,1000.4433665233149,238.79569800121845,33.4826909523608,113.34120730694293,60.34913497454436
2005-01-30 03:31:54.424279001,1081.8546743007469,245.73866447940776,33.7331177637524,119.68085953265624,62.829550472779744
2005-01-30 03:42:48.498809225,1046.5384234481212,232.81292744604994,33.74251374617765,105.10954113319397,53.10623406273872
2005-01-30 03:53:19.153796295,1039.2862572964332,233.45838935296308,31.492476891214785,115.99041605748131,65.92836576843078
2005-01-30 04:02:21.713726773,1054.7226645725814,236.96644893934132,31.760163748484622,113.83034836475676,57.94723257053447
2005-01-30 04:13:08.178514586,1026.9578469399628,237.35062091281102,32.72985213407966,121.91246876461915,61.753654233093314
2005-01-30 04:23:48.290161891,1016.4042192707263,247.23552292326445,33.62431016376762,119.62355098469521,67.1009895625178
2005-01-30 04:31:23.319421211,1070.923647352285,224.2332639476208,33.11183295175338,127.92941084098089,64.45961135711251
2005-01-30 04:41:25.339616931,991.7571032059684,230.21831505384267,33.3040989181971,112.66932386560678,60.83904028664424
2005-01-30 04:53:42.246890348,1107.5646177351011,221.0199787721541,32.692943106055715,113.51436454876149,61.828307724225546
2005-01-30 05:03:29.057112075,1044.7148224845566,240.7998151854019,32.788762419121426,112.54218801123129,63.62686571131691
2005-01-30 05:13:36.089236962,1062.0763927824503,238.62176819368878,33.770869545625764,112.51744849008568,64.05810140055384
2005-01-30 05:22:43.982303283,1082.3608933509265,238.5712736357248,32.16755777338688,112.12231391251322,55.28621203266769
2005-01-30 05:32:14.493553802,988.4718234600582,228.6786257877223,31.0883369188638,115.7006394449754,52.69045330654079
2005-01-30 05:43:07.573816925,1021.5608914451343,235.69019064455938,33.9184315064394,115.28116426686485,60.51711771529107
2005-01-30 05:52:07.895534272,1037.3207298255052,214.98083760259152,32.09592508217973,116.32431962290453,63.406903067280254
2005-01-30 06:05:38.423175380,1099.0643357693782,245.7472442753763,32.77517983340528,114.17760684572686,57.73940301553931
2005-01-30 06:12:46.891273671,992.6803960354785,234.2322951176554,32.29424209800635,117.9455888093673,62.09335576301864
2005-01-30 06:24:17.484018625,1096.542522458444,235.57990220759257,32.45488107067574,118.73467367646136,63.25954530906296
2005-01-30 06:33:27.059614204,1020.03596502281,214.07606685053253,33.023166944648395,109.2067750547387,57.4989022586841
2005-01-30 06:42:33.396250538,1098.2133720176657,235.20195170452533,31.41319338670481,112.95425020315376,70.165282032328
2005-01-30 06:52:53.070055628,972.0916643072147,225.72824072702835,31.744295792005545,113.00087971782969,70.86807153942692
2005-01-30 07:02:09.547636705,1106.8442220240968,209.0633259582948,33.867110036005045,113.82942871326162,53.29050616581715
2005-01-30 07:12:08.766850493,1067.9180330782128,232.2589942016351,32.22229636592903,116.89520713381206,57.30575013674734
2005-01-30 07:23:32.059168601,941.6292668865588,225.58006154469345,33.83883666965415,106.61853696344669,62.302662417803205
2005-01-30 07:33:43.550819738,1063.5581914453523,229.12122999785774,33.12538158607822,121.0097811223258,56.30376891508972
2005-01-30 07:42:33.907875103,1067.0251147427562,234.89839493697812,33.73207164648421,120.21350102774304,52.68750349924018
2005-01-30 07:50:20.255725230,1086.6835139160241,239.62159699994825,30.153391111768048,117.40871138215697,56.14132184251769
2005-01-30 08:00:55.115026647,1044.697840869445,256.54780120531956,32.61258540781837,112.85544526489713,57.72830582180109
2005-01-30 08:12:25.263288672,1136.3454156570936,215.75795025104975,30.932473727455342,114.65517322717676,66.55802186379753
2005-01-30 08:22:33.782240978,1112.4384933806282,256.6568348356539,32.220857805907265,111.73735641046387,63.38745720540374
2005-01-30 08:32:06.904328484,1117.2285690327342,226.23867685432333,31.867369096828586,121.1170401018339,61.91035372517441
2005-01-30 08:42:02.883667502,1006.751637549244,238.81171567699457,34.31925789848496,113.25988467225874,59.980864423479325
2005-01-30 08:51:48.841885152,1073.355023401144,227.43598735670327,31.655104333032714,108.74223757401819,57.476909345550425
2005-01-30 09:02:30.113692909,978.1263306870911,231.0273883332436,31.2296870317312,124.36903838307359,62.46037113023129
2005-01-30 09:12:29.227595193,1072.7914074039543,228.6609908931641,31.211987320367378,109.45433220201362,60.22873024115399
2005-01-30 09:21:28.099120932,1090.8075149226552,248.40792994600358,33.3735836449569,109.74390424437648,55.34160082869644
2005-01-30 09:32:06.408123403,1031.4047263283876,246.98327873154068,32.04886390629499,117.51724520354824,61.44778281614989
2005-01-30 09:42:50.577152014,1044.3844432080255,220.25807611686628,33.09251070871115,113.68375746864858,64.85425726692537
2005-01-30 09:53:08.368415218,1099.076523845447,234.32052889089866,33.47851299230765,117.19516165473509,69.61006452857269
2005-01-30 10:02:27.977957189,1021.4909455968793,219.54412446588182,32.68571702480265,120.26631046708087,54.90748245510481
2005-01-30 10:12:00.197499581,1026.8282826327252,238.88868249917897,34.08454333888829,108.83783110850412,51.62491209691422
2005-01-30 10:23:39.077187953,1100.53067156368,239.42794324495432,30.903588875961336,108.97237354049658,57.995745643761154
2005-01-30 10:32:14.358150167,1088.9601675516014,240.56316896211615,32.94952534824551,116.52283934158923,61.61582852223105
2005-01-30 10:42:22.760281339,960.5702949490062,238.0749142707251,31.82299954965962,109.63528026096546,64.35360111259855
2005-01-30 10:51:14.753297992,1132.2092313919222,248.42244957470993,33.96462039365017,122.08109326188699,65.1526653148639
2005-01-30 11:03:09.194473910,1024.6747546027386,230.53330504872972,31.971260169074135,113.40548746047328,58.58820249640287
2005-01-30 11:12:31.235870776,1057.7863792014077,235.2807621257757,32.994742488202256,121.52469859403341,63.0950820832614
2005-01-30 11:22:39.893732686,-210.5676686587476,1321803.9304309092,-378.92679811542865,5.00521175142665e+40,-1.4053590326778405e+21
2005-01-30 11:33:37.131201941,1043.5940401428002,233.0884339731927,32.66945842528821,112.78983202385037,66.27510553353852
2005-01-30 11:41:37.836537432,1023.4447890247859,218.28213251018002,31.540305972001136,116.72373174766298,59.56467002081584
2005-01-30 11:53:19.942751530,1059.0209699684515,223.51525618931188,34.03037403002659,109.67895002943031,59.91730074995062
2005-01-30 12:01:58.248943453,1112.5418037703814,246.56764522502934,33.11804800727537,114.2197761979343,66.74982455744392
2005-01-30 12:12:44.786324683,1030.5789512187923,215.75108912424741,32.32567983953982,117.4548207452472,62.32647844113779
2005-01-30 12:23:40.197444885,1060.2393016026617,240.63160984532203,33.954842627802485,126.56443482807681,60.656062355034095
2005-01-30 12:32:36.070398342,1132.218483047613,235.61002937384796,33.19774366343095,124.16028446548793,71.12217516107528
2005-01-30 12:40:51.074174611,1046.9364443776267,235.50667304698,33.479761929860715,121.84802038573443,66.16403472335199
2005-01-30 12:51:40.047434816,1023.6095415043264,235.8405941037871,33.15684327415747,124.40010470746384,71.09894169382784
2005-01-30 13:03:49.749769651,1049.2841443445448,232.11742645731354,32.35448360656927,122.61491029304163,66.51384539104865
2005-01-30 13:14:15.305983206,1062.8662997061504,237.17977500598315,32.351505368908505,121.6916253315933,60.23087428625734
2005-01-30 13:22:44.414484464,1056.99352131035,251.52278667865713,33.442754655510015,113.56382962093556,68.35995262266218
2005-01-30 13:32:17.006743620,1057.5237098705131,243.15370995169258,33.03306508188803,112.5792648526595,61.48746512391452
2005-01-30 13:43:16.161072623,1.5556495872973994e+19,-3713.9723767626692,-5.070530999912975,23662.37084452715,21.580265222686123
2005-01-30 13:53:08.847401682,1048.7897555587701,237.77274812546787,34.25066869211664,120.45358800282236,54.43829524659625
2005-01-30 14:01:57.222609562,1085.3588529941583,243.79762252373317,33.07316836959663,122.7355315525108,74.70306701717766
2005-01-30 14:10:58.926151278,1047.1737734139526,223.29134009321348,33.56004932928783,120.50296978879425,71.52267140763692
2005-01-30 14:22:36.505072272,1029.789120084443,241.58267889185234,35.46081355393432,120.33279028854851,60.36215386117343
2005-01-30 14:33:21.572039046,1013.6481760238156,233.1515740167823,33.24135030340456,124.82579297367941,75.23068044279785
2005-01-30 14:45:35.197909941,1009.9028109247002,250.69235001169136,33.06924103931041,118.78217974733948,65.80229449070394
2005-01-30 14:53:05.162105708,965.9972635339523,235.37674034255477,33.005434713649905,120.91894438601453,71.94897591300185
2005-01-30 15:02:55.170692402,1090.701672425764,240.33825309555252,32.766720542462885,121.53747570051377,69.61341476708863
2005-01-30 15:12:08.766360030,1133.7455383124727,236.80162573382484,33.990105266363784,128.13584665787246,70.3183418791037
2005-01-30 15:22:51.406636469,1072.0221341722597,226.1535481135086,34.45144291294097,129.29247039565934,73.90723690627553
2005-01-30 15:33:18.927640081,1043.0282308635803,241.20020723823345,33.11794670548697,122.35309186586656,70.53441373513716
2005-01-30 15:42:57.403158921,1116.2405072336155,239.88422294268784,35.318152630482246,125.16352710696512,71.60391678234
2005-01-30 15:53:04.333653524,1087.3386920412363,233.95543390901676,32.95057519081098,123.22598597223741,65.77658295367401
2005-01-30 16:01:41.511830686,1009.7198932369826,241.5891684705398,33.379441367652376,125.07088485387544,67.97057372922227
2005-01-30 16:13:02.831037202,1081.6431699919628,235.61260582118908,34.698947666178185,132.50765313471257,77.42569860719998
2005-01-30 16:22:21.571573642,1045.9837209498514,235.29001248055866,33.1531850720334,124.71385818586832,72.48722876518596
2005-01-30 16:32:33.740730653,1040.3046051178985,230.58113122150465,33.442076049536794,133.96338893573025,74.33932720295627
2005-01-30 16:41:44.730183299,1011.6867736746549,236.78245561538472,33.19356523564235,122.06202983216342,70.12066530315482
2005-01-30 16:53:04.242612150,976.2250463066047,256.3475285499665,33.39172697165951,129.24891971495703,67.0286894787988
2005-01-30 17:02:38.325040590,1060.0388761445317,221.2670769798902,33.73334130333216,126.56333148341513,68.36905135510975
2005-01-30 17:10:26.674113090,1051.6583058075294,249.09414364471743,33.09024682467543,130.21928846117262,66.6727693931956
2005-01-30 17:21:26.237006530,1085.6546965224832,236.83988936848047,33.9992287131346,124.65006748301833,60.60588726499104
2005-01-30 17:35:07.124764357,990.1807296542169,237.45358623865098,33.957853498069326,124.59172827827342,74.55419685406119
2005-01-30 17:42:54.651271648,1153.2941150684806,237.5536866629118,32.19599271425782,125.89399883157309,80.86390554218949
2005-01-30 17:53:14.641074894,1004.101828950367,240.98308348471355,33.50435270364847,120.51646395360262,70.10782703048349
2005-01-30 18:02:14.781475178,1157.2407362858426,233.3595811445113,35.75696673072168,134.4269306585152,68.85173216889389
2005-01-30 18:15:25.986620768,1081.4547716716709,231.75053470376739,33.294483366089885,122.73620645281808,73.18367892840651
2005-01-30 18:23:45.100326347,1051.6678549468734,238.41191266243627,32.11916433930571,126.21573167304251,74.81065360658081
2005-01-30 18:32:22.433460642,1156.1138436788435,247.2827037543081,34.449342252131174,131.1228280861521,64.56153587508176
2005-01-30 18:42:05.050056631,1117.5153700949031,238.4760615683207,36.01737314670921,129.29477235289707,69.04280793254183
2005-01-30 18:52:26.846245245,999.3425715092792,221.08537791965503,33.60375547859893,128.42423157315125,65.44936602188908
2005-01-30 19:04:01.960628116,1044.3690254053001,243.8713250990808,33.38565862068017,130.78337185139557,68.40148278047934
2005-01-30 19:13:38.872455571,1065.9768936189073,228.0133967283944,34.3097851707767,125.31218186852627,70.25280893373854
2005-01-30 19:23:06.583918471,1077.6150818141264,254.0912309576301,34.238892539021734,123.5179898930226,62.9677731606939
2005-01-30 19:32:44.607208696,1014.4756948863309,231.81675843445473,34.75061231534631,133.72470826864966,76.74382828170796
2005-01-30 19:41:56.139937561,1041.6728853713207,224.61862089467238,31.43863540328884,131.44189734393774,71.32047523190022
2005-01-30 19:52:45.117845093,1042.1665791155458,243.2306307315653,35.207896955087385,131.20169036684138,71.54410694587158
2005-01-30 20:01:56.479886025,1068.709062649956,231.21731507145506,34.14902475393657,126.18225283062046,75.47169776432102
2005-01-30 20:13:32.131814575,1076.9641356109557,247.52723995250744,33.77772697096262,130.14103700182676,78.68677809844839
2005-01-30 20:24:14.961898996,1092.55568952436,250.52062029507036,32.017934447936724,125.03436383309472,69.0475049749671
2005-01-30 20:32:37.618042555,1058.571481092377,245.70803478680895,32.18596113527599,125.21154966511058,73.7476353671915
2005-01-30 20:41:44.871699165,1109.8923203693178,241.1982873577603,32.2334353617671,137.46206963964795,73.72200602541427
2005-01-30 20:53:26.975046511,1030.0434130745684,247.3542674291239,34.51072282188031,128.99673520745284,68.34097869824545
2005-01-30 21:03:20.451572734,1105.3290543266883,242.43443497133322,33.1213740184276,126.47960739415564,77.95777750318858
2005-01-30 21:13:29.358209687,1063.6281211696996,220.28607015610984,34.406182542277904,130.16539832158145,69.03714583937996
2005-01-30 21:22:28.456397153,1053.529165249532,236.74799397260747,31.904308190481945,118.74675768046407,67.89303733695786
2005-01-30 21:33:07.388532108,1060.8087054533316,220.72738358582174,34.51234357247029,120.66643849540839,72.9203147318806
2005-01-30 21:42:38.166698855,1034.8134828726638,227.0088237373202,32.97213096947162,124.41851081884388,65.86182285801996
2005-01-30 21:52:27.492209941,1096.3631871759846,225.0192186548244,34.43249165919714,117.09463038291821,79.13804814256346
2005-01-30 22:02:25.576384029,1061.6082866642992,242.5283020664485,31.612546101623785,121.83985343952833,69.40142704267988
2005-01-30 22:11:28.933231945,1009.7453148802732,243.90681158877015,32.54556602976725,131.39497714603522,68.09863161463234
2005-01-30 22:22:21.457845875,1087.7225296769793,246.647120471454,35.17212609108714,128.75272359461664,64.08602446138224
2005-01-30 22:35:00.341479437,1105.3670973324824,236.79181189527978,32.61106987247625,126.91384730540237,72.93767542687164
2005-01-30 22:43:17.689610895,1128.3907094990636,248.28809486484812,33.764610099204916,127.51238077842748,61.61748259278657
2005-01-30 22:53:38.861015222,973.3991741638467,246.18444887842656,32.95363550611995,126.89303360273277,75.81478639983928
2005-01-30 23:03:18.034379559,1168.3753080006675,241.35376117736507,34.993588358152735,126.56530693185111,66.03115164750845
2005-01-30 23:11:35.991847880,1101.4907193976671,243.84580858199544,32.3627681301017,125.52485738186289,63.03893731264933
2005-01-30 23:22:49.049544796,1004.3149254412723,237.82581685573854,33.11150131373749,137.53757559602167,77.54540025832196
2005-01-30 23:34:15.580803708,1010.9275827518418,242.50931263781177,32.92960457769641,115.51898646599285,69.59313121964178
2005-01-30 23:45:46.760568864,-101.0916818118267,19063422628.10626,83235598.10600317,-1057.0861006488046,-21.661513643610803
2005-01-30 23:53:29.775606652,-52824324949.0769,-69.28483739044957,11633.98651855529,5077774144684804.0,5.298815304268511e+26
2005-01-31 00:01:50.696518963,1002.9161693072869,226.56420148507445,34.90863015969686,120.30876168762443,60.06324440969665
2005-01-31 00:12:49.536043338,1038.596833539017,226.10976437351857,34.350223010499676,134.11410309401887,70.64375392174686
2005-01-31 00:21:12.282286202,999.9188939327715,217.06379205043538,32.48176647830688,117.04719706852212,72.73751366880202
2005-01-31 00:33:04.561935324,1094.3913646788524,244.97796356609513,33.95649400667573,121.22932549360941,67.275116359323
2005-01-31 00:43:58.798734022,1047.6843944211903,232.59094406555442,33.86590573453515,122.60110486213715,68.27474411707281
2005-01-31 00:51:32.338382120,1090.338574222625,243.275979509897,32.364295506135306,124.53496506033247,61.7243079468472
2005-01-31 01:02:52.711604137,1013.7068333187657,229.68668643941274,33.752913333909824,120.7200273081856,66.69769476350967
2005-01-31 01:13:07.551605407,103397.64309661734,8.625977270717497,6612385.686634308,-379.475332986381,-25834482515119.18
2005-01-31 01:23:45.835600793,1004.0661978692012,226.91501182773177,32.65942243520021,126.5314699704039,64.05198238715266
2005-01-31 01:31:49.860322432,1079.2331502050897,240.308947325556,33.74004432130354,125.74276341327834,69.97886194425764
2005-01-31 01:42:15.969775255,1113.0672956604722,229.43747810583363,34.64826010670227,123.43868608221756,64.25096631059483
2005-01-31 01:53:17.880573124,1036.133687487611,239.89605163309272,35.238977779876464,116.68606645099851,66.27348625444883
2005-01-31 02:02:52.578604567,1028.412417658827,246.5947776107331,32.78101665224229,121.34550715582762,56.90312093975607
2005-01-31 02:12:32.683501010,1040.342279529957,227.97976555516794,33.07478771561546,121.1917846107472,60.80162154709104
2005-01-31 02:22:21.966423322,1085.2683219955393,230.6436134209102,33.90300831538694,121.2211090118235,60.08906583125209
2005-01-31 02:33:06.258007506,1099.6609598252858,235.5839254501709,32.15352965091656,124.87690750714127,62.330571484314234
2005-01-31 02:43:06.265728096,1008.5444176127387,235.62739081958833,32.62554164650554,117.77988942207169,59.45657503327073
2005-01-31 02:52:34.693554586,1117.8053424707941,249.32683157566868,33.539360144225974,127.25112628952778,64.48353034116609
2005-01-31 03:02:54.826328629,1008.9182402884368,244.65058652641758,32.52024621978222,125.8922270887478,60.08207782482401
2005-01-31 03:11:38.279719240,1103.6012765912403,226.7126666730934,32.7920587363286,114.91568314856606,63.64946592984225
2005-01-31 03:23:48.845998686,1075.347187040257,210.78872408293296,31.56962388308398,110.74611530656476,62.59581242628219
2005-01-31 03:32:26.357951295,1013.7367925676374,247.4260302131067,32.58274445370036,113.66282127331979,65.5398370620183
2005-01-31 03:42:40.546281810,1137.1183418461226,219.71463543010637,32.30639133572847,120.08927402699294,51.20930572892384
2005-01-31 03:51:56.249892341,1122.6874774770379,237.78143315746638,33.430429851464915,123.56548466460403,69.4637573292631
2005-01-31 04:01:57.554679633,1062.061217020284,236.59585083455582,31.784763030140308,118.94909757219885,66.51527864159229
2005-01-31 04:14:03.935620430,1122.5553021741248,234.8665654548086,32.19331443842591,112.39616728773598,56.93546351394812
2005-01-31 04:22:23.583641656,1114.2285083416787,247.43440313348995,33.48440048752398,115.85174258620218,61.973406226953536
2005-01-31 04:33:33.726204661,1059.3459123658379,235.8565704238438,33.27185191553295,120.92242969531031,69.81231208508214
2005-01-31 04:42:53.461347831,1040.5395129346114,253.16327493545492,32.60846141303285,118.8091387467113,65.62295577836205
2005-01-31 04:51:47.351607405,1059.5516210438998,236.45490108628266,32.97048792299176,110.14079096843918,57.80182534630835
2005-01-31 05:03:19.530271605,1148.9471770658342,231.9993768762279,31.49859743239007,112.43809391681248,65.16457402350578
2005-01-31 05:13:19.210245098,1043.9647324097314,248.19324283117408,32.81446873167993,116.47319956819918,66.20000202900536
2005-01-31 05:22:16.104903717,1130.1344206363835,237.5727417398272,33.42281661559633,117.65695607574511,68.3149583983113
2005-01-31 05:31:26.542338942,1076.1016594401347,231.99359032033504,34.98368221528965,114.83017652367651,64.39195131251829
2005-01-31 05:43:00.846024363,1103.9829157457145,247.65114975078689,35.14302280270483,115.16276230335373,58.94337250881267
2005-01-31 05:53:48.526152982,1044.3394169186995,256.1990365823316,33.009686983898504,113.46480471616651,67.73870960064941
2005-01-31 06:02:38.934975426,1031.9356253595706,244.64729166995966,35.442327768735694,113.69049994671833,56.977727671579245
2005-01-31 06:10:33.230943648,1056.8598981522703,236.43882231820518,33.479045385144545,120.88112440944434,57.73143828040849
2005-01-31 06:22:38.206602197,1103.2101314698277,246.6794093308633,32.89267595093948,113.65792370065296,61.6116988540199
2005-01-31 06:32:59.765433940,1008.2558300347263,229.33566260910953,33.43086428665426,116.10740961379726,59.34975504029692
2005-01-31 06:43:12.552005936,1153.4046342258082,246.19652347909675,32.79496404275507,119.20229470088464,61.88308149222614
2005-01-31 06:51:27.739194171,1113.056006421444,224.75804176544014,34.3686171420494,113.12428232244841,60.649336715879905
2005-01-31 07:02:47.314059337,989.2708171621531,228.85939251992457,33.85211506051712,109.10276008876652,54.640823898729465
2005-01-31 07:12:42.012113908,1061.4436991181224,230.65262722019625,33.878762780302985,105.05524269710884,64.06435574545881
2005-01-31 07:22:24.494005458,1109.2882208436938,234.53744381344902,32.44607372688867,108.55694902851067,68.85858273518673
2005-01-31 07:30:17.336773774,108.47829747351197,725933963059787.5,-1.2945920289329865e+25,699202.2984111742,-86542.17921464912
2005-01-31 07:42:14.356255132,1058.1650091535032,237.73108722024523,32.15928286573802,111.90302292101723,65.03982504888712
2005-01-31 07:52:36.848194061,982.2113066177247,232.1307239837108,31.658232689420434,114.1184944688987,59.93924136127843
2005-01-31 08:03:08.497515001,1099.437329088355,233.46225819638056,31.9759198341528,115.55003448140302,56.91556152413054
2005-01-31 08:11:54.603630131,1154.8704864914514,240.8229470158583,32.24697951522018,114.75933357147719,62.50186658286209
2005-01-31 08:22:46.419352907,1064.5152946758487,220.75807464167136,33.24317935648594,115.77797782620216,61.34966315780512
2005-01-31 08:33:55.094656717,1042.3296708879266,243.71631150518934,33.29733111915918,109.87144387838586,60.13206141481601
2005-01-31 08:41:00.398806371,977.9541093599329,235.3069830949188,32.78043782936455,119.64860672130747,64.00389657083369
2005-01-31 08:52:47.097973912,1046.9481135717679,238.26214538593936,32.64571967900948,112.39936346967463,67.00749258292299
2005-01-31 09:02:21.006090001,1094.6043067338358,235.19389195452504,32.39392954940503,121.22965727375384,62.62240483453274
2005-01-31 09:13:25.424794500,995.074184712376,232.05546882062276,33.99632745802485,113.91632435475759,61.448648766097776
2005-01-31 09:22:56.185370738,1036.4850118607062,232.57045958650684,32.71302898120822,122.08666145886937,60.82521151336607
2005-01-31 09:33:01.537960175,1174.3495494140113,240.16457902378724,32.32133064456611,130.2935545761708,66.82491655584522
2005-01-31 09:44:31.663278118,986.6453287908843,236.7543281768735,34.53885945982133,116.59001277115254,59.58434465462084
2005-01-31 09:52:16.689132748,905.4800491660999,241.484648025542,34.4207622053747,112.83088531325397,58.87922462890257
2005-01-31 10:03:40.558190068,1039.8850130513754,241.88060641512993,34.3659988299544,112.85845914202575,59.87787936349365
2005-01-31 10:11:11.659901901,1145.4180957415542,234.2869309754307,34.47455256159506,118.5539796660437,69.31628771665572
2005-01-31 10:22:16.787488978,1038.537273096961,243.81222428674894,31.854613624871334,122.19624019468473,62.30640636139151
2005-01-31 10:34:06.343267290,1112.3958577061794,209.56477189109054,32.56627476654656,116.6577823672459,63.44482020841882
2005-01-31 10:42:47.566236376,1051.553444408746,238.76818517029525,33.31692669845509,120.15783140001226,65.64682853329477
2005-01-31 10:52:55.643630987,1043.1873205410925,237.10682903114252,33.005244071136424,125.07257434668719,57.08801166393959
2005-01-31 11:02:43.881200790,1059.2874302587443,243.02324273245628,34.55684856428481,121.04260080784965,58.87161257025193
2005-01-31 11:12:45.399323201,1051.5908556239951,223.25614809173382,34.04985941795127,117.08256648512325,59.16326228173116
2005-01-31 11:23:09.306275042,984.1885708994917,238.27656070189303,33.12016336938281,121.48125678733776,69.65737969243791
2005-01-31 11:33:40.764482780,1070.5978739747868,210.66452313776713,34.060578553672386,117.97025574096557,56.33505241689865
2005-01-31 11:43:46.412742016,982.6184532126448,240.47062089463037,34.447009792923204,129.3986192057055,77.50447085676335
2005-01-31 11:51:58.513511847,1001.5222279224017,229.9456065267276,33.217653154930005,122.75706690192494,71.28625100776144
2005-01-31 12:01:55.000787043,1030.1017976502637,216.11989445387044,34.674400541177434,128.8192089659831,67.56884216376469
2005-01-31 12:14:01.421869746,1030.127666057323,250.5608848756394,33.88553624102966,113.66400998153284,60.39451296596798
2005-01-31 12:21:22.573898727,1080.3388826199523,243.83214875220327,33.48168597672132,120.09277656006951,54.81634988372845
2005-01-31 12:34:13.450890755,1033.5821025756952,246.3653467436887,34.27710264210745,121.00529622895142,65.43759418682073
2005-01-31 12:43:44.527419573,1033.2898762318428,232.02482541219743,32.752556170285196,128.81879962489361,67.83418563415239
2005-01-31 12:52:49.543553316,1091.9183681559275,246.97098461325882,32.78761546503806,108.61514719782387,69.77124187834553
2005-01-31 13:03:26.223902294,1003.9940525942292,240.23886864757787,35.13561219321828,114.12120816654135,55.42614755585994
2005-01-31 13:10:23.945275083,1130.9917853875133,256.787124432947,34.006298355181556,125.60750408603596,67.17343311089842
2005-01-31 13:22:54.203184012,1084.3542410420616,239.55894685627422,34.23645623134012,131.91897079358762,64.10216597648137
2005-01-31 13:32:49.915647286,1129.9642515550845,229.98696267878668,33.03133544389602,129.43048247640098,66.5177948413745
2005-01-31 13:42:45.556284273,1142.3759101369164,253.22306188913558,34.6322543377666,126.76120371799894,69.84739591852636
2005-01-31 13:53:27.701524240,1091.9422828376164,229.32944139377767,33.77453189121224,126.40557128440284,76.14642374951688
2005-01-31 14:03:01.795076729,1009.2647700983318,244.64549494835958,33.71455113145385,125.51179553448871,72.14475431556467
2005-01-31 14:11:27.719457310,1061.6890677078673,231.25158600473162,34.91764901335008,125.06484410577876,61.6662785468676
2005-01-31 14:22:34.942530750,1042.4524751116132,232.32229478061086,35.205407605531086,118.55295246819678,69.13684445087816
2005-01-31 14:33:05.794284651,1118.1788798747968,247.88254880976126,33.59435132188842,118.60970117396234,72.035932719155
2005-01-31 14:43:47.328356656,1014.4990086313472,256.92666993192785,35.025088534450056,123.97409564605213,71.86432235403316
2005-01-31 14:54:00.981011815,1076.0416973501533,232.87148503208576,32.448870230428994,130.77505729506709,62.204096251780065
2005-01-31 15:01:43.162553864,1089.2788019637276,228.18669574478395,33.50437287386433,125.47574843402491,70.84292760451513
2005-01-31 15:13:46.313255294,1058.1726246890303,240.3046343183959,33.31702518730859,121.94942638589595,58.34656876004842
2005-01-31 15:23:36.223444057,1081.1497925265523,245.6315743906747,34.34500328965017,120.39057109604316,61.78002168054922
2005-01-31 15:32:21.761968006,1067.4124409746412,244.54368736831924,33.627454890615105,133.58069427152628,75.15567106973467
2005-01-31 15:44:14.530271957,1033.8975518524262,246.77476682857503,35.49612063126078,129.64679952450174,67.55093212409452
2005-01-31 15:53:19.077804202,1088.3168462718147,238.8016291427281,34.58553070119732,126.08285528600341,64.10982583854096
2005-01-31 16:01:49.938787389,1030.6683620862061,237.29932590633618,35.12174608235973,127.25691472811796,74.66330971564338
2005-01-31 16:13:22.436016428,1063.1659361465734,237.29318892193282,34.44930128207696,133.24966064904962,67.26861494608065
2005-01-31 16:23:45.827214280,1053.0758387605115,246.6075246723953,34.00951187899079,126.55823108176655,58.974924711986105
2005-01-31 16:32:37.254253468,1040.3260016703487,240.25032840011977,34.82327466443842,123.17166009141461,69.27118321352505
2005-01-31 16:44:19.452627220,961.3973679072633,249.37081982050364,32.65254789708949,128.8989947738948,67.35146735431732
2005-01-31 16:52:21.591547554,1052.6254932569545,233.72703497877836,34.38014297667836,125.0186329553887,68.47082378019883
2005-01-31 17:03:47.134414269,1031.0982539365828,238.59714366177377,33.1548669883988,133.13981323412926,67.65040055894502
2005-01-31 17:12:31.470163932,1029.301309852878,235.7830061266767,33.210364638512836,131.33403163774847,77.72673425647147
2005-01-31 17:23:25.669795608,999.2453181067824,237.99148862495989,34.44830839048424,126.87653696159701,61.79042770818117
2005-01-31 17:32:58.550990993,916.9420740863496,263.5968359748889,33.051413290405925,124.35782514643037,68.52373383837687
2005-01-31 17:42:32.111441803,1048.4262581098894,250.7528604956889,34.35656814221597,129.92887154820673,65.43347280111534
2005-01-31 17:51:30.134001237,1034.7204182595558,247.88028808172342,32.7707826806329,128.93926827006172,68.07455563453553
2005-01-31 18:04:09.724664624,1025.3818424020428,239.08638708208636,32.82565433666,131.63007307285847,78.91567130960428
2005-01-31 18:14:21.719406676,1082.5696176598187,239.1508238690226,35.026595354528645,130.71668329009955,75.00905887071156
2005-01-31 18:24:02.296039822,937.8346541186604,245.97377038885222,32.93708096116683,137.29299005667787,69.82768821615588
2005-01-31 18:33:51.883855124,1106.0451325194147,246.82804261419543,35.41086275139518,126.59496859471116,71.7743765042718
2005-01-31 18:42:11.280532565,1032.5476678165412,230.54122728260768,33.830280237018506,125.6493065074217,70.47659916363689
2005-01-31 18:52:13.510587582,1117.4530287532864,253.82898452567744,36.02212311179625,131.3960348892939,71.11631271153307
2005-01-31 19:03:22.909567955,1014.4369128956008,226.50991271222634,33.579451053714685,131.44399267099735,76.35196574057997
2005-01-31 19:12:46.592590572,1042.2926878465132,231.11625231172738,34.2260409124428,134.7793198675248,72.73457352964138
2005-01-31 19:23:47.220584911,1050.1172962402284,229.8713473653111,34.763630326961454,125.42911015757666,70.34689618200635
2005-01-31 19:33:23.213380592,1032.8360496139646,227.39754796866342,33.34780516089238,138.8203100616163,71.95667993068827
2005-01-31 19:42:58.739204205,1216.7475780632835,243.7879626289926,31.767537769998512,140.7038283366706,75.71598839522606
2005-01-31 19:53:48.523859988,1128.8747445703139,244.24088875467754,33.57372451265497,134.20117971398332,71.92151870036047
2005-01-31 20:02:46.898324671,938.0709819983007,238.27111835509555,35.004997594792755,131.6998346321354,72.84545290459637
2005-01-31 20:11:28.351090245,1015.4110323067817,233.91881606672857,34.59381118876837,132.68247411774723,63.910070789716364
2005-01-31 20:22:12.377300695,970.290965665827,235.03816175254764,33.820634473007374,125.83717312626028,78.1786996921158
2005-01-31 20:32:52.333547100,1114.2296859614482,225.53156784559022,32.89502667033564,121.75848631921214,79.10823451630709
2005-01-31 20:42:28.376347353,1041.2927956403596,253.78365636218817,34.192742955275186,135.14923077784817,81.52517338816845
2005-01-31 20:53:54.507928886,51.20828044666166,102.27842116253177,20.43779840609623,116.56318708700425,70.16275778579791
2005-01-31 21:02:54.647657332,40.86490463253129,81.41142865437205,16.44487606386044,102.66089510217468,68.20839333502865
2005-01-31 21:11:58.191601486,31.3996522426089,63.1585941435087,12.70287412303464,91.21747852579489,65.8404328014018
2005-01-31 21:20:28.101243198,24.775049105266294,49.69641158520613,9.89280345654956,83.435365018271,63.46694138096644
2005-01-31 21:32:48.644702399,18.343136199300694,36.277475287824565,7.426092199231213,75.11786426094898,60.19351059882214
2005-01-31 21:43:52.700591712,14.635139992230078,29.039667248875055,5.835482942411863,70.47744262740228,57.78040706726051
2005-01-31 21:52:48.268618319,12.789374885459363,25.322659234288558,5.1967140627670805,67.1078040605867,55.68856588479885
2005-01-31 22:03:00.732770347,11.30373831119233,22.587798823788734,4.568268945900151,64.1252549572088,53.61900577407522
2005-01-31 22:13:10.344220917,10.329288614230391,20.924657898900048,4.271264313405362,61.55845014765,51.65333681803471
2005-01-31 22:23:54.060391665,9.977557682756323,19.767571992346383,3.9411728328721476,59.438178469425246,49.45848968519526
2005-01-31 22:33:17.945354718,9.464363880332813,19.187753917948545,3.8566666032882364,57.59721767609481,48.22875670357504
2005-01-31 22:43:12.437223725,9.308125369366124,18.71729124371107,3.8058894177069527,55.89608026529896,46.45823425866425
2005-01-31 22:53:19.835925867,9.381970206177762,18.637611253614846,3.595398017906645,54.47243516571704,45.10676631484051
2005-01-31 23:03:53.968490300,1008.4237657615784,162.52781561091797,17.017644726755208,53.43578515722045,43.375289151140414
2005-01-31 23:13:05.915213151,1088.7161713861678,175.56297518828447,20.354245330247114,72.36710442247787,57.397350757857346
2005-01-31 23:21:36.290032095,984.5485235729161,187.18954743632818,25.066737121379816,72.30029171315677,39.77534146445263
2005-01-31 23:31:57.583253418,1078.937036455456,209.30429718627195,27.151649774230023,78.26976616280233,56.64246052157338
2005-01-31 23:44:03.839278142,989.1242157854243,218.0869474295816,31.63771872728851,88.48897751752965,48.11819906398706
2005-01-31 23:54:42.613914819,1033.9157119460367,218.05262145578382,31.494554912812035,102.20273188079206,51.68215469873187
2005-02-01 00:04:21.322373140,1045.02122379084,248.62457420861344,32.44965076596706,107.24108539854731,53.795655732341004
2005-02-01 00:14:07.320923267,1004.5739441135925,243.3701407574677,34.39855379426766,107.1444245931748,57.87213462540164
2005-02-01 00:23:00.023683397,996.9824633446021,231.6879691986695,31.65823152204416,95.37874329346955,53.49150467682789
2005-02-01 00:32:28.624934274,1063.5688663715634,241.95714491426727,32.13182885149773,112.75625121919596,51.29410356979827
2005-02-01 00:41:22.645087873,1043.5621751545452,226.56467505731592,34.042874400762344,102.95942548023692,48.577914380152535
2005-02-01 00:52:58.635807895,1049.410415452854,248.07457342792424,33.03582964243222,111.7225681470304,67.42921447529653
2005-02-01 01:01:41.101705180,1144.3376681185873,234.63229286398675,32.610144375644204,123.72172623046359,54.60627297954086
2005-02-01 01:13:42.566361352,986.5935297794894,241.97019066070794,32.939104431398185,110.84193964493049,51.031288076025106
2005-02-01 01:24:24.917463520,1110.3399074600268,234.3103289313967,34.364181379383126,114.33730638132802,60.38062851222099
2005-02-01 01:32:24.599647961,1103.47251863376,240.5750864148348,32.16373880205273,119.49106254485967,68.41511599501945
2005-02-01 01:42:57.376788167,1034.2061968626174,241.75017040947702,34.92510485288841,115.88237767937228,57.18444412047632
2005-02-01 01:54:46.289448821,1106.9933602898711,228.90817332458164,33.166330796566285,106.85466055375343,49.90127230532192
2005-02-01 02:02:59.249926986,1023.5922721911518,229.523182808827,31.329880485966918,117.34096294852829,50.93081430159593
2005-02-01 02:12:24.948688134,-251.15379975206957,1779.8581126716535,216314184577098.97,-91.83845034084096,-1.6860642772976961
2005-02-01 02:24:38.932216884,1017.0932014093221,241.26304950956245,34.63164141429397,126.72087674175562,70.19334403793432
2005-02-01 02:32:33.004423992,1052.1441343523766,258.0320652578737,32.37145621489262,119.58714013286045,57.216278710448414
2005-02-01 02:43:37.033718003,1108.1890818055476,248.2143901881899,31.117179678150322,118.90446262597116,63.409048389450845
2005-02-01 02:52:14.226205196,979.9929401725072,222.04465641845974,32.95416383732674,116.65177100609748,64.83923796020952
2005-02-01 03:02:49.715740290,1046.1058164477872,239.69552990672548,31.997004525267723,118.1901968893971,66.00233891095975
2005-02-01 03:13:25.292630034,1010.1511370846549,228.01509470750173,34.899211023668194,114.32720302131551,64.74651499470146
2005-02-01 03:23:37.726225366,980.806859669096,235.51007599076345,34.03458735918552,118.44305370484891,64.21655728305635
2005-02-01 03:33:10.505317003,925.3477322849938,233.10038407192172,32.984798046140206,123.16651862547211,57.294705478826046
2005-02-01 03:44:02.589861490,1014.2358350681478,215.70560230558897,32.56206783046808,119.03068896484568,61.62822968050222
2005-02-01 03:51:57.945024531,1032.7754944681074,233.30319246914672,32.59160243187935,114.19130320644855,60.46229223229336
2005-02-01 04:03:28.252034848,1060.6205262967499,254.4129166296056,32.55749731703442,115.26271093589298,61.82155394084376
2005-02-01 04:13:51.544016149,991.7290006466048,221.66989757066216,32.77624058537619,118.54570746591332,67.20008383956116
2005-02-01 04:25:12.455730132,1044.4946796438398,214.27613408937333,34.55556755913584,121.47570977922068,64.51980249674939
2005-02-01 04:30:49.376894527,1039.921584525964,238.42889620918172,32.156689796168386,113.27429046131199,57.61205165080813
2005-02-01 04:41:37.571966766,1016.6872432016274,254.28951860580824,33.362863587308254,114.05757680816167,58.76112512250888
2005-02-01 04:53:10.576146935,1097.192623381854,232.1887443591743,34.867805025055596,120.4313130361072,58.280608400647566
2005-02-01 05:01:39.203940326,1012.7016834938731,242.8403330881625,32.63782359669726,111.90011341685704,68.37850176923612
2005-02-01 05:12:57.938694388,1032.5586558080113,223.40759187826296,32.66887216933644,113.98808232367945,61.074289349362054
2005-02-01 05:22:56.736692702,1120.248102297515,225.1702560634429,32.88363448406722,116.38688982056351,55.06632539116676
2005-02-01 05:34:55.858149800,1066.999842042717,229.96221244381553,34.41338662335805,115.82623027683545,67.90559363833374
2005-02-01 05:42:11.429166749,1020.625100201091,226.9006011138024,31.8938957323624,109.01635975369564,49.70935216421604
2005-02-01 05:51:29.101258955,974.7548047509129,247.69790953846868,33.83594156009759,117.43306553143815,67.96861429458207
2005-02-01 06:03:35.423004050,1011.38950001713,226.031154150319,33.79453941339827,124.34997038539461,68.76412633523745
2005-02-01 06:12:42.429557648,990.7255175197005,225.69027694170128,32.004844285946994,117.46706171544899,67.28384874294879
2005-02-01 06:22:09.682358906,1002.0845391977853,240.34912722696336,33.44493216718891,117.75190255965143,65.58264787729652
2005-02-01 06:34:19.162363340,1062.6455065395214,241.2614382970755,32.91516418184221,128.55663782899828,64.6466206722256
2005-02-01 06:41:38.230704152,1055.8712494508256,246.3441963153316,31.496701494817867,119.91272641356667,67.02099301973286
2005-02-01 06:53:04.201221657,997.372404152974,228.5694307705814,33.703733698977835,117.68090546492974,60.4580229180595
2005-02-01 07:02:43.988919741,1019.9555818402894,238.0925431202762,32.62960269505504,120.97846880294513,60.35850174040604
2005-02-01 07:12:39.957100580,1046.066728722909,222.6205104802522,32.17588123746268,119.86966486933517,62.296285621883435
2005-02-01 07:24:20.390118436,1084.4744162084673,229.76941271570294,33.60291142017664,117.57592414067172,61.4212642475795
2005-02-01 07:31:50.582874330,982.3054687724023,223.63653323707456,32.496160546619286,114.8960444004063,59.54683419127144
2005-02-01 07:43:00.682344491,1007.9357836717114,231.22264304340035,33.51524826684467,124.4197708371494,64.73073145231393
2005-02-01 07:51:11.580474747,1117.72147548387,223.69964787651173,31.598299355683938,119.4599713010324,65.3381171540593
2005-02-01 08:04:34.307564263,1099.011329374928,239.12633589099852,34.187662682554546,118.01023903841933,52.02276399356252
2005-02-01 08:13:39.646240275,1087.138365580914,237.89023804994193,32.94842379252305,119.92711634469498,65.73034572555328
2005-02-01 08:23:19.535246922,1075.6486103684913,233.72888475235308,33.71274486920051,112.44103868102431,64.49041330926269
2005-02-01 08:34:26.473382850,1094.5976756863804,240.41316766644647,34.05384575624614,109.94821927268903,54.63185099884522
2005-02-01 08:43:38.211280575,52.15979355882895,104.54027164592814,20.76542419873452,109.00334886858147,61.055653183303875
2005-02-01 08:53:17.169975812,41.42831472901951,82.72092541872732,16.505823558406263,94.49373979482988,59.37132400541994
2005-02-01 09:03:33.318246644,30.980180979374012,61.70410725508457,12.407265143285805,81.81431859943036,56.72499229134814
2005-02-01 09:12:37.381240843,23.977600423003416,47.45947154168538,9.69578422102532,73.59570564010791,54.719125383353116
2005-02-01 09:23:41.010219040,17.709573727944424,35.4868758970673,7.158012904347346,66.60005740131244,51.98647830176248
2005-02-01 09:31:15.677250963,15.070340362812818,30.084354256551116,5.876759969701866,63.120070423788995,50.12631440271258
2005-02-01 09:41:56.998816626,12.52515594332173,25.101042526919773,5.06650895319113,59.20571729041644,47.88722483535427
2005-02-01 09:52:15.760019900,10.966620821279164,21.977843193648855,4.4394947467941615,56.4563723235166,46.04177237265564
2005-02-01 10:02:25.426308365,10.134172224537076,20.158795344195173,3.869404734499463,54.23101970561594,44.36683156523129
2005-02-01 10:11:53.392105153,9.715329303892137,18.885250654587093,3.7411441567848414,52.39843693468566,42.86782068968658
2005-02-01 10:24:32.516651344,9.146213717635353,18.51495187071824,3.800248591617497,50.529460608247085,41.16798745146849
2005-02-01 10:31:57.510858123,9.172413710523303,18.023923499771836,3.518186632326922,49.32857432681176,40.08890480088695
2005-02-01 10:42:23.852985429,8.926691815694484,18.048259277604988,3.665236577185174,48.160052904830195,38.996304517988484
2005-02-01 10:52:28.829670199,957.2167684439323,158.57318184891193,17.249253857913025,52.92272998554553,44.51012806480792
2005-02-01 11:02:53.829347759,1032.948841031131,178.70296369183072,20.639671274082374,68.98502136205985,34.815868393984665
2005-02-01 11:13:37.371055516,1027.8304043017788,192.89445871911337,26.211032844609157,74.78485123850436,41.02170540098043
2005-02-01 11:23:29.531623022,927.0740021669665,194.13457736167484,28.740610142499893,78.94759823820851,42.411172068858406
2005-02-01 11:31:25.718000847,988.9128475333679,233.63243286689323,29.19444263676096,88.41285123254752,43.62847362004704
2005-02-01 11:42:32.668068429,1142.5689803013229,234.21285782323412,30.844823643742274,98.25989723383957,50.37166370258703
2005-02-01 11:55:01.254224230,1039.726051739503,218.80070234539528,32.95418204301722,103.97267015715838,36.08794582109567
2005-02-01 12:02:07.586091853,1041.6034774833606,214.79362369591664,30.80587643757975,97.16710035510783,52.16847230655083
2005-02-01 12:11:52.488097987,1098.51135394625,237.14231667682515,33.8752194783239,103.42867693900257,53.6434541467344
2005-02-01 12:22:23.448800082,1002.0230207699979,246.19405981979435,33.34427371091711,102.65665383796829,45.544583376844685
2005-02-01 12:32:50.218668518,958.9565185489053,229.8240681865099,34.739905120375866,109.11515165162011,50.91843272464277
2005-02-01 12:44:33.296830889,1079.6619510517437,237.3645227089185,35.42251218526292,107.51480125452625,49.55152049234187
2005-02-01 12:51:58.985641953,999.1434637640377,263.1707560501387,34.64406030534312,114.87617504788945,61.736816042008805
2005-02-01 13:01:47.970856943,1027.435923548561,250.9926742638885,32.865360327405455,107.84672816260789,56.46259055926
2005-02-01 13:13:37.083162571,1045.5179292475366,247.48048377028235,31.775225951452384,109.3845981422981,55.04062774772478
2005-02-01 13:21:40.461594778,1084.2148333106034,242.27956987487553,33.92854307876432,122.28504517047904,59.36758364721463
2005-02-01 13:33:43.080715185,1051.9819334278948,236.35480965528768,35.172134841518144,111.74575992102871,60.01698239203391
2005-02-01 13:43:03.755175790,1075.0593947171249,255.23370442189244,34.80887270616136,120.15598514855022,65.72307992094946
2005-02-01 13:54:10.459501597,1158.334733840703,247.69280287302956,32.244461699354616,115.56225158582494,64.32899518943938
2005-02-01 14:03:54.871997299,1050.6064625335632,248.61942800647898,33.65073034964648,118.7515275146183,66.74811622799645
2005-02-01 14:13:00.759301384,1120.7224131681637,221.1286610462951,35.367905791974366,113.12039455163597,53.76205290054844
2005-02-01 14:22:13.491712918,948.2093431232692,226.6410159784136,33.208145871000134,117.48562599142906,55.84458005865136
2005-02-01 14:35:25.187896840,1035.9173817509811,249.99139107648995,34.72198130480472,124.17567006001948,64.03735282469161
2005-02-01 14:42:36.887603994,1002.8053760148816,248.73393010096822,34.14857285460776,121.19591593990442,58.879356597180305
2005-02-01 14:54:00.846718685,1038.536189546482,241.65171267487642,34.266518761633975,128.5839222610864,69.23878896143874
2005-02-01 15:03:17.855308855,1017.1580818357936,251.56502427856836,34.306105246937896,121.92628392380931,61.360529126921286
2005-02-01 15:12:17.640455220,1081.7769151208436,255.51781943488842,33.06802504976199,124.38559817969569,67.25365305315334
2005-02-01 15:22:47.822944378,1018.2637426792887,233.5553738943767,33.897366015168984,123.50542841484969,71.93938945064082
2005-02-01 15:31:51.667195573,1169.8657303708958,233.87984959986636,33.8021189144943,125.90921616614435,65.03066288861598
2005-02-01 15:42:42.462233385,1075.0321162359412,245.5081652885611,34.69391960016321,127.5893570893707,67.06781346539546
2005-02-01 15:52:45.680516641,1036.3304307638866,237.40723074562277,33.18703541479135,130.70718816680588,62.353001669184565
2005-02-01 16:04:07.319074861,1050.8091436875206,228.56662067525863,33.844639518851935,124.30605595088512,58.724193185179885
2005-02-01 16:12:44.075454500,1037.782301793478,248.4858539089465,37.22097958622897,129.82992586860917,68.83387595944122
2005-02-01 16:21:50.731399852,1127.1621138953776,240.15710250215037,34.53955797551824,127.45814951846884,59.23196114908266
2005-02-01 16:32:17.745969146,961.685929048914,232.33825731357916,34.97376953730849,118.5253657863889,69.04634947616223
2005-02-01 16:43:37.112876513,1038.325013937876,247.26566462571324,34.723572798250274,130.0532219061761,72.39384964364721
2005-02-01 16:53:40.229665056,1055.235852036688,242.89000137782915,32.80556260160978,125.0484609370167,75.71646981980876
2005-02-01 17:02:26.788652865,1115.3399250520697,243.77894184172996,32.769205223332264,123.93294906006696,61.45297768306917
2005-02-01 17:13:33.055856736,1006.6085182996142,217.61280201511454,34.0693079485439,121.73317004206773,65.9513801463667
2005-02-01 17:23:11.384461828,1039.4578657918426,243.479617425312,34.22464024835179,117.12495464234652,70.63833316251952
2005-02-01 17:31:57.052390518,1065.0721102535013,230.98278078556814,33.76291493555384,127.4109589594325,66.54475391868024
2005-02-01 17:42:30.449884594,1012.2311238273307,242.50255638785484,32.69006586669717,138.0088778846449,78.06367566153841
2005-02-01 17:52:13.408299992,961.2020610643763,238.05921371301764,35.48455169195643,124.8447287862683,73.29024285168805
2005-02-01 18:01:25.080530369,1118.8270428304352,235.50810906479222,33.10434178070025,131.71513594143198,69.40951368809108
2005-02-01 18:12:39.437350890,1102.6665913821073,241.94616106964432,34.62719737736401,124.46921709708042,69.02717716244666
2005-02-01 18:24:36.095561037,969.6525810609867,252.12148309621026,33.63073330966625,132.9745248830599,72.88785210546808
2005-02-01 18:31:30.537096985,1071.3024956147856,231.5009118494387,34.5039471409392,125.88564262653767,68.38823877217096
2005-02-01 18:42:30.980903308,1135.545377645924,233.6264264315784,33.55300370006046,137.90480998490162,71.12016549365795
2005-02-01 18:52:44.251974436,1052.5803542046856,240.40654305761885,35.01112694391926,131.7040093163087,74.86364497636905
2005-02-01 19:03:26.030614044,1016.6448675258704,229.29704303925138,33.260897451582025,131.89095119846914,77.42797975518131
2005-02-01 19:13:35.382626388,1009.5458091070652,233.56618680649626,34.2977821181488,134.97365448915377,68.27413683846585
2005-02-01 19:21:52.379634931,1033.3752698176688,234.19416140345785,33.607922383340664,134.21754031718626,71.40122612514935
2005-02-01 19:33:42.176606495,1044.1434016365342,229.21553779311148,35.43401666643442,126.58696270569381,78.50738997104786
2005-02-01 19:42:41.445096076,1081.5484388604898,228.26978413190162,33.69030125969588,126.68294975560144,64.29567709470074
2005-02-01 19:51:24.609675840,1105.640477275851,253.86166522353244,33.795836216193194,130.82446657532546,65.60851964622677
2005-02-01 20:02:31.397429035,1027.0121333631853,241.13409876083543,35.13473874820594,138.45237131176827,71.40766203782563
2005-02-01 20:13:20.654556968,52.773834213732044,105.58724701038948,21.179332965967095,119.77250954170793,71.40369701157299
2005-02-01 20:24:05.695041921,40.4405393826677,81.0666985575847,15.967318607457214,103.34967160999877,68.95523530978845
2005-02-01 20:31:02.114059030,33.395532734011105,66.53837029556149,13.34648112084411,94.53152101186723,67.16876076168974
2005-02-01 20:41:20.094254586,25.275000304355544,50.70111694940972,10.23076622757223,84.91006214026403,64.50513544351907
2005-02-01 20:53:11.354064982,18.952281726943394,38.00274897478107,7.565677537375522,77.02433124865246,61.482590352605655
2005-02-01 21:00:52.607761355,16.477825393142535,32.88012329136348,6.687863048257682,73.28402150205481,59.706301338052796
2005-02-01 21:14:05.581274033,13.402602395570478,26.943340721579943,5.393301706575327,68.74314149999519,56.56587812148855
2005-02-01 21:22:55.651661836,12.347381409787653,24.66815643536803,4.910599361194867,66.0487986382614,54.88403490740268
2005-02-01 21:33:16.074230336,11.449847642699096,23.237627206708286,4.509828485005819,63.67136862320323,53.00128050349978
2005-02-01 21:43:40.150846393,11.015775867590676,21.871892507608163,4.396053664466831,61.55649485320228,51.12646854690428
2005-02-01 21:52:23.556924270,10.620590084907992,21.430943029508246,4.520823324051331,59.80456598796019,49.60196579576048
2005-02-01 21:59:51.717946432,10.788036993692726,21.048245597649235,4.2448815457610305,58.482643236705144,48.32296412573065
2005-02-01 22:15:41.381757415,10.415244753139346,20.41506019728526,4.012313347872382,56.081204682378875,46.29518767606271
2005-02-01 22:22:55.139148247,10.157870144689547,20.41108582819862,4.149798470640175,55.08105613793475,45.27255970885452
2005-02-01 22:33:35.058881480,10.171502827847517,20.183852461814528,4.083048226448185,53.80318634656836,43.77716027143593
2005-02-01 22:42:51.689019828,9.982478223237422,20.109532396180043,3.963233065704617,52.667705437039736,42.895110059881176
2005-02-01 22:50:24.380823991,10.078920519776673,19.879480106637214,3.9302706396547236,51.74969388393563,41.938263345596766
2005-02-01 23:03:00.644745152,9.942871077677765,19.83197023288758,3.9590956120201826,50.380692072911884,40.586056887760726
2005-02-01 23:14:05.364994283,10.088313827167443,19.699315510132006,3.931849100987096,49.33518034006473,39.6210474196731
2005-02-01 23:24:52.402887180,9.938410218794237,19.762565117245906,3.982131295283591,48.08146724523698,38.36963859870595
2005-02-01 23:31:27.765485415,9.800752294639302,19.510938228868085,3.8010614084768024,47.64655393694655,37.98646109720339
2005-02-01 23:43:04.454459107,9.489995378702243,19.39892255294318,3.7678852561465765,46.69161183635847,36.87989986853694
2005-02-01 23:52:20.836526266,9.810790879784538,19.18775129295328,3.7578214045825704,45.724442214027825,36.38522158329274
2005-02-02 00:01:14.348203244,9.456013318988617,19.21715677704589,3.7010311990427076,45.27114908485162,35.727388730948384
2005-02-02 00:14:22.879976383,9.68949837179013,19.22086317070989,3.971201210796925,44.29232530015926,34.66132405901918
2005-02-02 00:22:06.073169802,9.743667609305904,19.20141578403729,3.7749136950092645,43.713260626598355,34.11880205417183
2005-02-02 00:32:48.798142660,9.794576698382631,18.911200058567967,3.996903928849937,43.04919852379529,33.562507521940404
2005-02-02 00:43:42.134364099,9.460113686014216,19.006822673134856,3.8262441704967736,42.450229051489686,32.97960760324916
2005-02-02 00:51:16.654223779,9.512100021514213,19.049304250041658,3.7302854687114366,41.85711904552453,32.480227495397244
2005-02-02 01:03:12.274195106,9.447424270250568,18.95057414780439,3.6432400001576895,41.312950096266476,31.895557495696586
2005-02-02 01:12:30.369574329,9.488597279535508,18.607499806102886,3.8350961200007707,40.58166775980876,31.16889069162134
2005-02-02 01:21:48.765443389,28597260031.643997,-1390418486.9923363,0.21414722259604377,-1142249955318.6125,-49181770.32771178
2005-02-02 01:31:50.588047784,9.278511957952741,18.742980115363068,3.680989850616,39.84961572032098,30.180857325174205
2005-02-02 01:45:24.273283834,9.234119166383016,18.541218176698276,3.6792172562986023,39.01786177192101,29.847167825693603
2005-02-02 01:52:45.860189282,9.259030274286152,18.33758378653733,3.6453822957928224,38.79034795102748,29.462073365264846
2005-02-02 01:59:59.047247435,9.145939020387562,18.41919141479393,3.7117915009173768,38.71313327623104,29.24573597930283
2005-02-02 02:14:37.192303561,9.07710351378427,18.23136029199077,3.4711903720940898,37.95628651160533,28.461044891461196
2005-02-02 02:23:02.044847767,9.161677189078667,18.371183121471883,3.707362266668456,37.474691845840944,28.165103827389075
2005-02-02 02:32:20.073226467,8.982959821880945,18.181871573173773,3.619019569510219,37.2180924967587,28.030572775831992
2005-02-02 02:43:39.137222368,8.960921805831067,18.248038362820587,3.467619683157099,37.00962204953747,27.541229660679644
2005-02-02 02:52:54.494017594,9.064523969848386,18.190738948979824,3.687846503944569,36.474907072927124,27.305141368712228
2005-02-02 03:02:40.850721572,9.11790964400115,17.986339245413735,3.6381786437320596,36.12706361304318,27.06315827261662
2005-02-02 03:12:59.168185367,8.899386671937444,17.918157990672672,3.5595072400446357,36.001526006302505,26.791252690009685
2005-02-02 03:22:00.242580463,8.997869875975974,17.870468258296317,3.798258863745654,35.64885192700666,26.4941528915787
2005-02-02 03:34:26.154611749,8.664728962084435,17.79775293845871,3.703479819962881,35.025111426921676,26.017365936305428
2005-02-02 03:41:49.676902400,8.911199040508734,17.80186112863724,3.4680159416246497,34.98112643461607,25.614483592096448
2005-02-02 03:52:05.411085839,8.931665770609857,17.664027090915752,3.570879865440919,34.787379129565345,25.48212010942503
2005-02-02 04:04:20.228140622,8.859364526140794,17.815202356068262,3.39536257199586,34.49351150949803,25.254242570330728
2005-02-02 04:13:00.383891512,8.92302770871639,17.649346562891868,3.393035716485116,34.31881568009138,25.154985692918935
2005-02-02 04:20:22.351949506,8.80910735828134,17.600241802510617,3.547326122379648,34.1048640906355,24.856294845387513
2005-02-02 04:32:29.641248466,8.918286158322273,17.66679884004874,3.4403074347746174,34.000453098888094,24.54840877243258
2005-02-02 04:43:43.372228362,8.55309773673247,17.611338016137157,3.531502935064375,33.55096387021991,24.491150785226687
2005-02-02 04:53:45.330491060,8.746000126822322,17.51235293881749,3.5326300663328007,33.55964059961961,24.13786499430119
2005-02-02 05:01:51.661363590,8.785001587024174,17.401942958605993,3.6480515258709016,33.3861271379433,24.213480186590356
2005-02-02 05:13:16.174512668,8.626836770681374,17.36840236163369,3.6359170397439895,33.2225694905999,23.991822716079806
2005-02-02 05:23:25.623426441,8.68437027988264,17.590195595047298,3.530160904275493,32.901022320810114,23.91238957326535
2005-02-02 05:35:35.885666140,8.582010121029949,17.54876738418416,3.642561373037592,32.66239902354992,23.66142847395035
2005-02-02 05:43:11.687433493,8.729387714872786,17.323157458533476,3.553779752859139,32.71618184857919,23.65580063953845
2005-02-02 05:53:23.526844412,8.773178327305985,17.52784783909799,3.525487912300465,32.539613567427345,23.363437519098074
2005-02-02 06:01:56.607892733,8.742658033361229,17.471204402086624,3.447162797016358,32.35093661213406,23.629707632119135
2005-02-02 06:13:49.796708112,8.76231372663591,17.495039375464458,3.5247783685522602,32.27921493323324,23.34656750574728
2005-02-02 06:23:11.853339479,8.726831030375049,17.35204292814762,3.486193577560809,32.16434849641626,23.163604395291394
2005-02-02 06:31:54.833020564,8.963917379597051,17.64198304563206,3.669829971316558,32.252442549400755,23.262136064403496
2005-02-02 06:41:38.377758114,932.9501206672003,163.2598857139053,17.411463791693564,35.746459521179574,22.928041417748545
2005-02-02 06:53:58.642252609,1030.888243963419,165.74140984416096,20.672263776327817,56.791925913998895,27.443626308547515
2005-02-02 07:01:54.049857986,1084.183436369119,191.19601714513175,25.9071081063838,62.651863162644936,35.296990380695085
2005-02-02 07:13:15.303464922,995.5155987281802,218.18653823503644,28.83023983966355,68.46684091554177,40.54998683148788
2005-02-02 07:23:00.264529970,1040.9641473715199,205.49898550907548,30.781280371355116,78.78405361766389,29.74783338620906
2005-02-02 07:32:27.540070855,1094.0674898217205,209.37394103935324,31.573098230700307,83.78196415184043,29.86378840668065
2005-02-02 07:43:50.659362693,47.49725520161584,94.90083144475842,18.941571179951502,79.19098151017026,37.22550628714473
2005-02-02 07:54:00.250421263,37.06826503260926,74.29236007951175,14.775567950360179,67.6148225094543,36.774300014828526
2005-02-02 08:01:43.783675912,2405.345930960129,31974357289945.277,-106853.65673558452,2755064216934.496,-3.737841791710499e+16
2005-02-02 08:14:25.235279588,21.251395410139853,42.34230890958177,8.61750975444034,52.27305272398238,35.15130637922298
2005-02-02 08:24:22.164712595,16.69945939671981,33.65549273191297,6.8369755719723795,48.2331107400194,34.44093055361372
2005-02-02 08:33:16.912839676,14.200942822393156,28.35143839652491,5.745143737603533,45.72675317552302,33.56266871319365
2005-02-02 08:43:28.272008846,12.037219686299167,24.59398414019977,4.85055322687969,43.834146760351736,32.65535521484892
2005-02-02 08:54:03.028745646,10.932012587708511,21.911007427194743,4.448645056671451,42.525359656325115,32.043352200771416
2005-02-02 09:04:05.972391338,10.407622259019172,20.453117771755092,4.221574434063997,41.38321944794374,31.346431186730133
2005-02-02 09:13:02.498042916,9.96028909281914,19.77530052216191,3.9538760059929694,40.66635961938188,30.759204821812844
2005-02-02 09:21:55.918420960,9.73576424264964,19.557603279483125,3.842985925609218,40.084363719156784,30.365060726260253
2005-02-02 09:32:21.419054543,9.464698539650778,18.916836411150378,3.7895156448050304,39.54284172518162,29.910882635469115
2005-02-02 09:42:06.387516418,9.497293137086201,18.797507401633045,3.8123517749954767,39.11887867015238,29.583948552925442
2005-02-02 09:52:50.721407028,1041.8365434118807,163.4197175947103,15.286574253066584,45.36693202230262,34.765527053175376
2005-02-02 10:01:21.016632265,1033.5624254271943,162.03243367456827,21.594011852986384,56.16032544610461,35.27637340610634
2005-02-02 10:12:28.503944199,1084.6637912586953,187.96084963708918,24.357471287524856,61.78534532179037,32.46943339690615
2005-02-02 10:21:46.529584949,1063.50431704909,200.5280558221034,28.75023734449789,71.03032391919994,29.93310825359269
2005-02-02 10:32:51.675072257,1133.7079735307211,210.3322843453294,29.85765784529683,87.01689655784195,47.03011091384694
2005-02-02 10:43:36.524382130,1065.7583024286266,223.94013578303534,32.902450240908394,93.2429137313439,43.52975869781425
2005-02-02 10:52:42.411334997,938.3079157744448,229.97537532206903,34.34310677292086,97.79282045030945,48.800352839358524
2005-02-02 11:03:41.511095836,49.90481596214428,99.63443282658893,19.935009316900057,89.07212651630957,44.15544227603328
2005-02-02 11:14:03.121423603,38.754563034711545,77.67752652235474,15.357917219917793,75.9475114990783,43.75833380048881
2005-02-02 11:23:12.337261930,30.463942991161844,60.51955083815392,12.148919939798086,67.27931853723199,42.80750164983318
2005-02-02 11:33:21.458161410,23.043224408410243,46.51970228632118,9.254253635935907,60.48034529215963,41.65454028094497
2005-02-02 11:42:54.325788603,18.684660215686527,37.33167017490467,7.617064838001297,56.04791542524219,40.72691511917555
2005-02-02 11:52:43.913619268,15.370112033259437,30.988465922411436,6.118393421791408,52.88591011958345,39.75090686844477
2005-02-02 12:00:45.919467738,13.651750615913006,27.46794432765343,5.498770056420723,51.192089114773296,38.999888480075434
2005-02-02 12:13:57.247048804,11.927869506915854,24.080395710551393,4.967649382051002,49.02630785348726,37.97065176877196
2005-02-02 12:22:56.711633185,11.270902270056467,22.901825995834972,4.595605794545145,47.93583047098788,37.22592034609751
2005-02-02 12:32:21.057695776,10.91792891762333,21.93293214944647,4.358160560817189,47.069492580582384,36.894342643499456
2005-02-02 12:42:18.511059361,10.749624350591736,21.35479217643769,4.029856961457158,46.42027742939242,36.32489474891621
2005-02-02 12:51:45.766744424,10.581514497838894,21.20749111041434,4.128715974252614,45.755971833674664,35.72668415606139
2005-02-02 13:01:39.888938130,10.313657887141046,21.034048590948903,4.191271160648796,45.53981012735613,35.18066059040254
2005-02-02 13:14:07.933898279,10.603129124035148,20.71036616018314,4.159887930383235,44.800665702698026,34.83011489001623
2005-02-02 13:22:59.461876043,10.524162331766671,20.731525807199592,4.051280895141137,44.71063878705019,34.437661140550084
2005-02-02 13:33:23.137194842,10.569523336425247,20.882035757274288,3.9157748724835217,44.2555800676662,34.1797212666493
2005-02-02 13:41:18.163599455,10.556093371049322,21.043938135432175,4.092475980459919,44.095109579957125,34.1064772796603
2005-02-02 13:52:49.176861590,10.624340538129971,21.10833912653336,4.264492609075996,43.8507624231678,33.74413489394023
2005-02-02 14:02:01.817534968,10.611729275474714,21.257195635683644,4.1933518492280655,43.669131806609634,33.49570729202252
2005-02-02 14:11:35.197741335,10.592882033039015,21.19699998588503,4.297571426066765,43.65104628138238,33.5383344771204
2005-02-02 14:23:44.785524500,10.822851383219236,21.464248219663624,4.279873136839794,43.474622564660045,33.235615198578905
2005-02-02 14:33:50.315435202,10.635363663029084,21.40652686937916,4.389536294945411,43.54172732040924,33.28340313445218
2005-02-02 14:42:34.650296789,10.790935485419515,21.501774146313004,4.374446500248425,43.528403450248376,32.81645909800452
2005-02-02 14:52:01.611339795,10.882862548624946,21.58022677491845,4.333035538487136,43.34734182641837,33.01875529703531
2005-02-02 15:02:49.710373354,10.78514099470057,21.763307663630492,4.349965706504777,43.43819459268479,32.953659835572786
2005-02-02 15:12:13.547686314,10.994052619880923,21.747902091192657,4.1914941061950515,43.2971044176133,33.03375277167991
2005-02-02 15:22:38.216308130,11.001092322845597,21.7163634920942,4.31777930320161,43.38319179318378,33.15444564530004
2005-02-02 15:33:11.217420576,10.951396448576057,22.206941935084537,4.321003295370158,43.23581065912284,33.21669960895022
2005-02-02 15:42:54.924604691,10.891726342080467,21.86175958872498,4.425326435925177,43.407587038232954,33.084067726915194
2005-02-02 15:54:03.378669032,10.658240811654938,22.042602065783147,4.315459950943045,43.51836652680628,33.22126492871084
2005-02-02 16:01:48.472982555,10.79746067819411,22.05388706111096,4.282719435791615,43.52705402380595,33.09287643778082
2005-02-02 16:12:29.570459743,11.105278083225873,22.22155413434038,4.429185763006094,43.40558687036314,33.163970251164926
2005-02-02 16:24:47.431954959,11.145250969436876,22.247771145158634,4.364022656333491,43.60698659155296,33.39364972791953
2005-02-02 16:34:15.971734723,11.339216612862904,22.294975472123273,4.439825065070948,43.533279906358295,33.07149848886961
2005-02-02 16:42:45.720887832,11.138801164931406,22.18436682845229,4.407239949917243,43.91794526009435,33.32833053975004
2005-02-02 16:51:22.147905023,11.097247236331052,22.171793004158573,4.304432236439403,43.691742123025755,33.510391042318325
2005-02-02 17:02:44.947368149,-1.6260143773488704,-965498845265303.8,-1.3264139088822287e+25,-2.914230907841429e+17,-177761.9666882054
2005-02-02 17:11:30.706243936,11.075601473781113,22.227874521013725,4.411569913177074,43.95088833828496,33.41829567301043
2005-02-02 17:23:22.860018635,11.137694306912506,22.403466972516483,4.565321160616224,43.84884330156625,33.29015715739753
2005-02-02 17:33:27.389041717,11.139216420676746,22.525779037594823,4.545452276212,44.1210973136126,33.485001661345194
2005-02-02 17:44:08.071280950,11.187450962932106,22.607362246740717,4.423745264771135,44.08404738324302,33.59101238764662
2005-02-02 17:54:53.475175506,11.242992727936963,22.414423809780008,4.460903785755344,44.15059504143129,33.52291812390243
2005-02-02 18:04:23.203455320,11.285932840919385,22.494220814431777,4.530544052662715,44.084353092374066,33.53882204918679
2005-02-02 18:09:24.324409703,11.056975070294344,22.510601007016202,4.468013713554281,44.17336018979736,33.80099421192424
2005-02-02 18:22:44.526115459,11.193229199955606,22.48189810024886,4.429863528620005,44.38520541857395,33.61635293358838
2005-02-02 18:32:22.382874222,11.287361913562822,22.442050691225404,4.552045779006504,44.4785274449154,33.6089813071873
2005-02-02 18:44:21.117987538,11.259679898705,22.32673716147839,4.441131557612963,44.213830437318556,33.793408233921355
2005-02-02 18:52:42.862907093,11.169706403615345,22.442670851916866,4.52004553175133,44.036754987854856,33.80749867275857
2005-02-02 19:01:05.396439568,11.277903664695588,22.294859862106268,4.6646211614923185,44.279200690670656,33.698703282862766
2005-02-02 19:12:50.569587734,11.225295494435786,22.554252789608526,4.386505590735744,44.30207604321081,33.423455515284054
2005-02-02 19:21:50.534056601,11.155381946251039,22.36412791816667,4.45347416543005,44.13529401306984,33.74664772301752
2005-02-02 19:31:31.065254316,11.058000682958612,22.34171303919928,4.515053024222288,44.13048544627455,33.736824090597544
2005-02-02 19:41:29.089228710,11.118532819226974,22.38061647026012,4.470186047219892,44.07553260992085,33.65330317248488
2005-02-02 19:54:07.384595506,11.108960938318607,22.33154676734209,4.37272645044079,44.06679703277513,33.35218828201292
2005-02-02 20:02:08.943398484,10.941436940395146,22.23097880417801,4.508612658865878,44.0875322230091,33.42738437346164
2005-02-02 20:13:25.194565118,11.044487854674447,22.19792687021175,4.275761431448273,43.86014953417622,33.40515950763763
2005-02-02 20:22:36.669331707,11.21065014617517,22.241413434155717,4.374657723978895,43.77592623235981,33.57702824559155
2005-02-02 20:32:12.990310374,11.009509300525592,22.325230759251596,4.382230408900699,43.693604262759045,33.313263067243575
2005-02-02 20:45:47.490282913,10.938911041316027,22.023726780949023,4.419846669830241,43.67090667680765,33.292272181136674
2005-02-02 20:54:47.096368666,10.973709882936006,22.09677351718313,4.296272415327962,43.50528783537955,33.18043189811062
2005-02-02 21:04:44.365661912,10.781833776985684,21.941012681739743,4.618244534821842,43.37790670394811,33.123595323129514
2005-02-02 21:13:37.279213524,10.846217829722343,21.86034762990084,4.33953881604525,43.29891702833376,32.978229289753116
2005-02-02 21:22:07.364141714,11.03246542926636,21.877610281471657,4.4564365131361985,43.192141542917916,32.89498865587561
2005-02-02 21:31:20.793230927,10.833194995955727,21.946654256690724,4.427367705376953,43.11326018140888,32.742719692225876
2005-02-02 21:44:41.870070566,10.86276277707134,21.59266781689288,4.237553544500126,42.88145120042553,32.348727492009566
2005-02-02 21:52:40.698115975,10.87864293203982,21.50572619482888,4.332452307736741,42.60708727549301,32.40156642704526
2005-02-02 22:03:33.212781640,10.730656622215745,21.329787514429924,4.336201245611174,42.60298449163281,32.192507918319706
2005-02-02 22:11:52.389587854,10.770398713931478,21.526204173332797,4.26320557469666,42.27716085700621,31.90193543987022
2005-02-02 22:23:01.958315153,10.638623671142783,21.278405045775454,4.146971059732275,42.263598125586114,32.01508410310193
2005-02-02 22:32:40.113633332,10.495874186320712,21.353867079713332,4.486840259067586,41.883144315660935,31.73507210472937
2005-02-02 22:43:09.876527180,10.474000932721227,20.96258753627885,4.32013305217505,41.78008551366901,31.809744164478918
2005-02-02 22:53:57.379598504,10.530516033633894,21.194472271263784,4.130876362414494,41.502045588176564,31.333069462005813
2005-02-02 23:03:21.567830858,10.41753008042782,21.018893140353892,4.2327569519883514,41.19904409293183,31.290037650758343
2005-02-02 23:13:17.329857716,10.314626756301681,20.95784518496214,4.127184823501798,41.072233371534836,31.076488556514736
2005-02-02 23:23:03.436758094,10.506133075715663,20.848310009180867,4.0962657719226225,40.962407966649124,30.86878966731491
2005-02-02 23:33:14.567127941,10.120215883183139,20.66503697017844,4.029810128310525,40.73602752631352,30.515572249399714
2005-02-02 23:41:45.725476678,10.30739600033974,20.51476346995603,4.189568148772199,40.42102814203462,30.388851337730333
2005-02-02 23:51:20.248161514,10.199336616109617,20.691648195439768,4.123483829469427,40.145763217552535,30.363199208289025
2005-02-03 00:02:56.117054807,10.335478622012129,20.413625234039547,4.240278314622,39.98826138490955,30.02454365030314
2005-02-03 00:13:10.487769984,10.220379716908107,20.261801249446656,4.062481406671486,39.70869272939541,30.033737371573366
2005-02-03 00:22:07.547144493,10.069790505288944,20.251991141774926,4.056256693312343,39.48247483869392,29.441226849693564
2005-02-03 00:32:42.951757667,10.064360755948675,20.063905445472873,4.098695103411382,39.12542982486795,29.32101105421289
2005-02-03 00:42:47.978397842,10.024565875657077,20.014991533775294,4.0587754207159845,39.06688108787096,29.145023764306202
2005-02-03 00:52:54.714489427,9.992629928444602,19.921365965680987,4.023715917068287,38.87651619940639,28.909836052890103
2005-02-03 01:03:23.831023570,10.072677260954368,19.866280492496614,4.028771956706829,38.53897814122912,28.632164293884568
2005-02-03 01:12:30.833589587,9.798257960565905,19.692162143143968,4.01080619248525,38.41353164672326,28.611303481208513
2005-02-03 01:23:18.114416438,9.914770050976383,19.754342508611504,3.891328133527191,37.98087424251147,28.313886486166634
2005-02-03 01:33:05.700205350,9.82779244312007,19.8494500159869,3.7884592068121212,37.91318209625297,27.984457693483495
2005-02-03 01:43:25.649815281,9.857598840550057,19.667370220808497,3.9828700592609776,37.43645975446427,27.84015628292793
2005-02-03 01:52:02.006091992,9.687843573497586,19.427547904317922,3.8429875028330485,37.18530193821718,27.599405300497242
2005-02-03 02:02:22.222979025,9.568098088295022,19.55329054362605,3.731884357082364,37.17647806450535,27.57348254580729
2005-02-03 02:12:14.305810185,9.656892032550745,19.215740297746883,3.7858371090931913,36.92578435118171,27.247755060358337
2005-02-03 02:23:04.861561562,9.692497416913838,19.42580365728111,3.760088706152013,36.5403442854655,27.18150070663165
2005-02-03 02:32:54.612239009,9.394669892639044,19.055093125049662,3.829807200764544,36.281196496387395,26.935333473965095
2005-02-03 02:43:17.993123519,9.594864713548207,18.93510779909917,3.770961363504371,36.23246858711797,26.500642560362813
2005-02-03 02:53:46.348538935,9.396286225825849,19.153196617998454,3.896891821583268,35.84127900087904,26.389373563980516
2005-02-03 03:01:39.525759322,9.431011904562133,18.890543109692317,3.834132645438309,35.622696167086644,26.14694283301025
2005-02-03 03:14:26.548260164,9.39333104684013,18.90567862133764,3.7121407331310117,35.44911720437681,26.009495155549246
2005-02-03 03:22:49.344238794,9.424017264152107,18.99611228007428,3.9099510034307974,35.366946054014825,25.962411584281202
2005-02-03 03:32:38.166562040,1055.1298291941996,137.8516085700187,16.777327427184616,37.766286833126856,28.209952142409385
2005-02-03 03:43:08.028931291,1063.511719113202,167.7652147212792,22.530569445664277,52.33485501658336,39.200500241853305
2005-02-03 03:51:37.041757257,1059.4078204644902,197.77916557270123,24.432803450139957,64.97142572628451,35.463218303695314
2005-02-03 04:03:15.623854698,1088.4080228643884,206.49225863336898,27.93564657841078,82.79080582256944,31.332510581661406
2005-02-03 04:14:35.453485555,1141.6393760917226,234.53077705763002,29.14950759634886,80.28978997224796,36.034266661500574
2005-02-03 04:21:44.215637431,1050.5475786620823,234.64403907698906,33.27695429143247,78.78768092593519,36.61850339202473
2005-02-03 04:32:59.618723230,1057.6305683310884,248.23059233816883,33.13403454757012,90.47406806088662,36.17254772732636
2005-02-03 04:42:36.382348689,1027.625610584164,230.12354536898556,34.85357834774322,91.57333475460482,44.05283055910185
2005-02-03 04:52:08.762913836,1004.8055746906418,254.20673754399922,34.83765908824039,99.6944383309228,41.98759288503663
2005-02-03 05:04:02.797357071,1057.7916093003976,237.79040540208587,33.368877794578786,97.53803885433206,43.288635340742175
2005-02-03 05:11:06.489261443,976.2889423761417,259.5665915336818,32.982555697651726,98.54625421738032,43.47761784819325
2005-02-03 05:23:06.556871283,1053.6782609392437,212.06853787581915,33.08934963477018,103.21085436828542,52.63538906057663
2005-02-03 05:32:10.318085634,980.448791065856,231.27064232243706,30.98758572287203,94.62038767906986,48.18527405925538
2005-02-03 05:43:09.486589915,1084.6666365712147,232.64068243914693,33.89672863396598,107.7739448159403,48.01774928390825
2005-02-03 05:53:36.177981897,989.7583836883274,255.06713973038623,32.62971117513615,110.10157377546781,49.561551541498744
2005-02-03 06:03:27.639801475,1096.1634010729806,237.26964240861074,33.49409932601984,113.30134720295649,53.83479686294944
2005-02-03 06:13:51.564827216,1123.0072069534615,243.42408933906412,34.551915053213385,107.01932863659981,54.724403411323166
2005-02-03 06:22:36.561652611,1042.8581869103346,233.25345266362535,35.99760417931001,109.82469024363436,60.643432113423714
2005-02-03 06:32:21.900638410,1062.779654744568,255.80525796933517,35.77183195927387,115.18043036695633,58.14691035814522
2005-02-03 06:43:37.924455271,1165.2623235512815,259.31849929358356,34.129845291029696,106.65990626432033,53.68993921338745
2005-02-03 06:53:38.364525830,1069.5357152900526,239.64875211574028,33.99127576094394,113.85799205921082,48.57530784917005
2005-02-03 07:04:03.695557341,1135.7562496540793,225.71908182815756,32.16415434670998,120.31405645394473,66.5034761508469
2005-02-03 07:14:11.825392606,1059.0498810641063,249.6290984058848,34.93994121668867,105.83747857220587,51.80769479342342
2005-02-03 07:23:10.710452729,975.3715853150509,239.7144042143638,31.696390189955043,104.00559967162245,55.67803485506742
2005-02-03 07:34:42.605775489,1107.4481712888698,239.97573613380064,33.37541954963723,119.93535200957686,64.70788048416124
2005-02-03 07:43:44.827161990,1100.5017960937164,253.43118682618098,33.87192615869896,113.63781678019303,60.270044560890774
2005-02-03 07:53:26.704029126,1033.1530809492983,238.53030654480273,33.42168606892916,114.36285044208415,62.29879180671792
2005-02-03 08:03:31.807588186,1048.4108140234696,239.5623057565808,33.476348771223094,125.2065672636237,62.39585956012918
2005-02-03 08:12:47.344816160,1078.4382671192207,224.79357237929034,34.37509304954175,114.87116970672339,57.312179724715655
2005-02-03 08:25:25.247705263,1032.4429038786216,221.84490161297853,34.99825142579461,110.98101060233299,53.117115536380346
2005-02-03 08:32:27.978980577,1056.3413005684365,237.79023130740248,33.659891403055084,118.89667497098227,56.58221330597203
2005-02-03 08:42:37.229932340,1052.76041753417,254.98226112354502,34.47226472089803,119.15703278359142,70.63342677108719
2005-02-03 08:52:25.976143545,1189.1969993268851,242.22622585701524,32.56709071208716,110.3671327441493,66.36918633709607
2005-02-03 09:02:18.338582064,992.3695431886804,236.70483634723536,33.02215735144119,121.85333500986003,64.86215063765654
2005-02-03 09:11:17.381895894,-133844.27958072416,399.2296933919602,-1.2434578707661388,7309.732200744126,-4406.441496818973
2005-02-03 09:23:49.433878996,1056.8499334979372,246.17043341093057,33.93048028722138,113.12343492916878,65.75456992036165
2005-02-03 09:32:59.594429511,1033.9722730406904,247.20972379072273,34.87766166576894,117.35046704936904,59.86674944157866
2005-02-03 09:43:37.952780069,1066.9501371162048,222.14060595378584,33.901604624039734,119.4874354949337,65.87821418911554
2005-02-03 09:55:13.157757343,1082.583937662575,236.13259446495016,35.40273133357466,126.18556962683847,64.86069892914534
2005-02-03 10:02:00.006034070,1091.9114050004907,255.42286068475752,34.57374965358089,115.10978070631876,65.52496099924836
2005-02-03 10:11:39.610797268,1017.2428200820024,232.07256514264623,34.247596718039276,118.67698412389592,60.6961211708024
2005-02-03 10:23:43.901358792,1033.7727928817435,234.09220186150523,32.431633904465144,119.74469024868742,51.88998740384087
2005-02-03 10:33:56.802040664,1145.1512797874068,234.5300908063981,35.38198815985314,117.11787957343452,69.72563063912276
2005-02-03 10:42:32.953835103,1014.0791545273835,226.02066189042176,33.45369583939951,117.930813697667,68.7346017566961
2005-02-03 10:52:05.186241970,1130.8964583331638,250.8653659622599,33.2688644130168,113.9450065692196,58.59231659993625
2005-02-03 11:03:46.733477286,969.5169292661177,241.49752249710426,33.63114152064352,127.88799205984168,61.94122150326507
2005-02-03 11:11:16.767721831,1072.1875860456025,244.85547530282705,34.282849502848684,124.42336329594853,69.3471140186934
2005-02-03 11:24:19.776616807,1046.251230590049,230.87738721977365,32.26059867676435,125.24634091641781,66.36429513343447
2005-02-03 11:32:48.059201620,1015.0627456932456,225.91058261729032,33.12730250389222,124.72475447306216,74.66944517719512
2005-02-03 11:42:41.226710016,1046.2475402094117,256.3267001500613,35.35179674658177,118.94068202486187,64.39132613457905
2005-02-03 11:50:57.142442228,1047.7049046379911,259.9376252331676,34.018650441774184,123.79256808861098,66.37470736518173
2005-02-03 12:02:56.247348408,1110.430616591012,239.62011320686796,34.03069937932522,125.00482376496333,63.6783888070501
2005-02-03 12:13:36.351381609,1047.1615454969806,225.27820222610308,33.60637764514172,122.59903151428398,66.40474309710227
2005-02-03 12:20:12.994815284,1072.7737589979272,233.1045555274368,34.547498046700795,121.44879069790102,65.29013254885426
2005-02-03 12:33:21.397525473,1063.7021830651895,238.67712348648837,35.021227446535384,116.88836714006129,58.916826303937924
2005-02-03 12:42:14.375775104,1015.6419619250661,245.57565448539236,35.06864937988652,129.18423724807042,72.16100847847494
2005-02-03 12:53:36.222183014,1186.6773287767464,245.59356321477418,33.860413587178556,132.36557793102946,63.35199357601343
2005-02-03 13:02:12.753500849,1041.6170673802433,237.48730501813787,33.24975649759404,125.78424188992528,68.66478849825235
2005-02-03 13:11:40.018645480,1034.2255315189445,216.78532757475574,34.05740642396413,120.68057134158781,64.91486215281759
2005-02-03 13:21:20.262846958,997.5644458894424,229.48766545095006,34.529218964786814,123.45208191203096,63.98361154061878
2005-02-03 13:32:46.200110169,1042.2851098842198,249.3894862721898,33.89258858884068,119.1507615384645,61.48313848491859
2005-02-03 13:44:06.815474152,1088.9824021134284,243.25361740846267,34.587640313093644,121.29523470468799,76.47453909720942
2005-02-03 13:53:40.732886678,1137.9034524034669,259.38499841484077,34.85143720676041,125.19146024411663,76.50563504547542
2005-02-03 14:03:01.635063652,1177.2237073613815,248.91800923130307,35.5098936715166,126.35130660672814,64.17811632495032
2005-02-03 14:10:54.282929335,1226.427748559848,229.84289535321636,34.77194079221513,123.35821590873996,70.79927783642832
2005-02-03 14:21:42.693704014,1037.9331192143545,219.7141401321127,34.76334621075503,134.69393135763053,70.36150936655345
2005-02-03 14:32:40.841246534,1109.5670076399695,242.7808450138369,34.343926065047015,127.18795908501176,66.02531216405966
2005-02-03 14:43:35.489192154,1064.2998196884453,244.27461021582678,34.424574201990836,132.01997180765332,73.66404232501908
2005-02-03 14:52:21.849502196,1064.7057368820108,233.90565155033943,34.31725392653941,129.96346994164415,74.09764042925843
2005-02-03 15:03:22.543797697,934.1846714736951,252.8573846122157,34.52817811696865,132.61252855004238,60.81075276612049
2005-02-03 15:12:06.988880364,1113.0138801388016,245.17670960091266,33.897892112469066,130.91381317722966,73.22881223235416
2005-02-03 15:22:41.132027033,1028.3844318733209,254.47121079554682,33.22724934726537,129.18072759283316,77.31227423932134
2005-02-03 15:32:59.421468782,971.4043903633114,241.5652486651693,33.35919585266833,126.61474135974015,75.63011420694795
2005-02-03 15:44:07.919206978,1152.056314984916,254.56424795189633,35.80277053217474,116.9255740458868,70.41878667222494
2005-02-03 15:53:47.800165839,1067.787110830054,229.573465789158,33.705231686901485,132.11273556501337,72.622111371801
2005-02-03 16:02:52.330971993,1150.918035717944,234.69201161523895,33.709766101966935,130.43470864861638,71.65676141898118
2005-02-03 16:13:20.895370261,1164.8661251119047,240.66218935018685,33.95277594531717,128.22253446834586,76.72264771546459
2005-02-03 16:22:24.795238939,1055.6283178228423,251.57673866246677,34.381896910122045,133.8706234751188,65.74894439668597
2005-02-03 16:33:24.367651614,1035.8346135908168,251.14429884967217,34.594324653012784,134.80803924636803,84.37891170516089
2005-02-03 16:43:25.592737302,1130.5702329842968,232.05333648691877,36.18127341088576,123.66509258642114,69.50470759608557
2005-02-03 16:51:47.677427947,1051.795672668898,253.6412432126309,35.61415435085444,127.81642008607804,79.27829089950633
2005-02-03 17:02:50.867300874,926.64829507666,236.36709900151004,33.982519971530635,129.41312969177673,65.68214137267981
2005-02-03 17:13:32.631189523,1021.6802014587913,246.95790639728622,34.13181538407638,130.36085126932093,67.41151448108312
2005-02-03 17:23:54.370711464,54.10434318561267,108.36535685431862,21.589462019364788,121.5745824215358,71.53976571755366
2005-02-03 17:32:55.311117610,43.91918388093613,87.72228397136601,17.642125638800977,107.52300017420794,69.4852146438304
2005-02-03 17:41:53.049491416,34.56944415788745,69.11768357892062,13.950963811163342,95.7016793914684,67.5464235209939
2005-02-03 17:54:01.222050997,25.023551127538624,50.231269669380275,10.011811121369226,84.53942436765983,64.43754496134612
2005-02-03 18:02:24.207465662,20.61848133902491,41.63515740992453,8.168173972616586,79.51687107793228,62.739785200274866
2005-02-03 18:13:16.579509076,16.972568128384914,34.01703828989872,6.768661985604216,74.18336785917333,60.07308687523762
2005-02-03 18:21:03.832925419,15.140766421932291,30.501653812106508,6.148276702695727,71.42295660121344,58.53320954544173
2005-02-03 18:35:06.076836164,13.202932589322415,26.379196660542885,5.364632504510071,67.3648205593238,55.89196479427255
2005-02-03 18:42:17.571267505,12.638509670371686,25.245509341487974,4.988905550371597,65.9252647964179,54.44928630048599
2005-02-03 18:52:23.213610565,12.195055390185724,24.208162533562568,5.075429472215503,64.04640326907024,52.83627208127081
2005-02-03 19:03:36.828847031,11.66294976903317,23.581071306482475,4.768924505202943,62.026620811638885,51.181963020983524
2005-02-03 19:13:20.318190254,11.451066042537006,22.999281098114167,4.618201921722883,60.57872268852936,49.91336917259049
2005-02-03 19:21:43.076756880,11.39946898440567,22.98105489790035,4.396544586587197,59.192128162537855,48.7207268808248
2005-02-03 19:32:34.621356903,11.103167991460204,22.638561565263696,4.509414016079695,57.80496269435457,47.36871607484505
2005-02-03 19:43:54.424189208,11.200708857322256,22.522117715379366,4.503830432672341,56.75318307153235,45.976436262240625
2005-02-03 19:53:55.757383510,11.376795614187,22.373592037956865,4.440807709655237,55.56553320507313,45.11845867386772
2005-02-03 20:01:58.045080725,11.111393355157933,22.350229538772762,4.519273904915406,54.746724823458145,44.32576262719386
2005-02-03 20:13:32.344939486,11.106937932054668,22.327583966205065,4.366666828118616,53.5367813753781,43.22248110179272
2005-02-03 20:23:24.865604709,11.119316067245743,22.22932755858175,4.38373847776456,52.95504696952432,42.51495713702423
2005-02-03 20:35:18.144289266,10.995180058761596,22.12370425210468,4.387084645466387,51.88604991844257,41.47388338348345
2005-02-03 20:41:09.187913239,11.010299562018126,22.10444313577542,4.361928019554311,51.77766149260066,41.06340624928236
2005-02-03 20:52:06.087208904,11.030440529132616,21.901868501830137,4.410974176996453,50.76976344379789,40.24974561145508
2005-02-03 21:03:07.830763261,1043.5245692141214,164.02436779255854,19.7677314787092,53.84584351007322,34.49828616564126
2005-02-03 21:13:04.934571663,1035.8061947845515,183.36126070897856,23.158640769190136,66.2936083537316,51.938425850240876
2005-02-03 21:23:33.377972062,1030.4707694121705,205.95285396554848,27.207103268520555,86.11692094543695,45.352055242358674
2005-02-03 21:32:36.537972799,1018.540638727851,210.37283067971183,29.624648297396735,85.67047659511097,40.53547821071986
2005-02-03 21:41:27.565735779,1120.7753785502105,254.20959844464184,29.94658192546152,97.0088599222668,58.988070788246645
2005-02-03 21:52:16.507796578,997.0109554016111,234.53524087273684,32.78789509051103,97.29836289306223,45.0848472848045
2005-02-03 22:04:22.376115812,1082.8818129187898,250.94898913476072,33.39099476851764,119.48611302234457,48.25696832173488
2005-02-03 22:13:31.811426900,1071.9389162025918,231.9371119582537,33.99165692614443,113.94917278233024,45.26844862293085
2005-02-03 22:24:19.984588897,1033.086094143792,240.67596006455813,33.931755924523614,114.14537824282014,50.63579607673259
2005-02-03 22:33:16.494563097,1130.4366813857248,245.54282506584946,34.31349852557012,112.42019418387657,56.29231833781762
2005-02-03 22:42:33.674784201,1038.2265336100536,239.1548166782355,35.81188689487771,119.44221922766206,63.723362284510436
2005-02-03 22:53:17.719922989,1118.0528618807289,249.71796312054786,32.53742378515594,121.47932736340289,62.48183740920734
2005-02-03 23:02:01.851881236,966.5887651888446,218.89623840773055,34.197372954461166,119.69425332266611,58.76477083128255
2005-02-03 23:11:57.398904001,1024.4055244749097,263.75234057768785,33.308191729027676,109.89336436722057,57.88646981762782
2005-02-03 23:23:03.167757092,1058.6299643107268,250.4448866141051,33.68936964947154,113.92555473331004,59.47589738423313
2005-02-03 23:32:46.532139646,964.7185170694606,229.21164747883572,33.18949946491951,121.8241708995255,62.31497552923241
2005-02-03 23:42:56.272371025,1028.449711371221,237.8639488567472,34.14644277546133,118.82614244951725,61.69034321268823
2005-02-03 23:54:02.296608101,1044.9572400028933,260.91895500053266,34.15566727051769,118.9252915701457,59.90059936277306
2005-02-04 00:02:22.912492794,1063.5492852849486,243.83044286120474,35.44215381820248,122.44336290347601,70.99776498972881
2005-02-04 00:14:31.062646284,1030.987848530672,225.6875654551787,33.19952366641553,125.76440451231808,64.29463648563727
2005-02-04 00:21:32.169182052,1078.0604728643752,218.97740495047478,33.95205395408468,127.19222975335629,61.670571982585734
2005-02-04 00:31:08.739441762,1059.407506119056,253.92864981615,35.20769727158791,116.78543113017395,66.26626556864967
2005-02-04 00:42:01.033207484,1050.413768166371,242.82613415849025,34.347823119811274,132.19825583777885,63.41578486577954
2005-02-04 00:52:07.292966867,1050.4148797993053,249.45800219891433,33.72416499274762,124.7630039486185,67.28459697991708
2005-02-04 01:01:54.762595445,1023.9239113586403,236.70980355232098,34.47321027181523,128.87882624191255,67.45996172709097
2005-02-04 01:13:28.825434754,1043.7202003201535,236.27254765409214,32.76313297610357,116.64380159386937,57.343211879459446
2005-02-04 01:22:24.453859499,1099.960231309745,230.15507562972203,33.73582276089184,129.9314109326495,68.67541806768608
2005-02-04 01:31:07.816226642,1135.4016702100653,233.9335000814099,33.71094578540414,122.75728551516102,67.21337870152745
2005-02-04 01:43:04.903313073,1059.6124123347297,239.39752794357193,35.94293592731075,131.47565223700218,61.71867663452065
2005-02-04 01:52:28.215750278,1072.171175155197,235.65747390684228,35.143235463797936,125.42010454959592,61.79227347545731
2005-02-04 02:02:09.747098435,975.8988993311308,227.26301989947152,33.31456571783126,121.29878685438139,66.8952839836361
2005-02-04 02:12:35.814220532,1084.5244828255384,239.77110865130518,33.50512638031314,126.52425098814872,57.586629816669834
2005-02-04 02:22:35.112675799,1026.875550680987,216.99066672349193,33.24705062664837,126.92446104182439,69.36151906349998
2005-02-04 02:34:04.787057154,1041.349863996459,247.5310828575913,34.58989596958645,128.80745806810674,63.56007556502697
2005-02-04 02:39:33.551910048,1061.6459384850975,247.87692311962863,31.73830281725873,117.83260032060949,66.37794287185079
2005-02-04 02:52:36.828944486,1034.6218597818565,235.1347949127369,33.62853621098065,124.18596451650662,62.266311702765954
2005-02-04 03:03:03.300569565,1080.8993908591272,236.8491077882877,34.41098999171069,115.25169816088736,63.5573686276873
2005-02-04 03:11:36.140140548,-3463.457130816069,-75.75529697121607,-1377075.0201565828,4.486187429534908e+19,7.6542062957897805
2005-02-04 03:22:08.003881478,1026.759249770321,226.45977098912613,32.235275026657085,121.87965007775368,68.13515268182248
2005-02-04 03:32:14.830333956,1010.5161517202396,228.65771554190226,33.736300632388236,124.18914682972631,62.44036737434734
2005-02-04 03:43:32.413326763,1056.175388971622,244.85415799816252,33.98471978384581,118.63436140115647,80.49299994874245
2005-02-04 03:53:17.060738257,1066.4735854671237,230.15800553250295,32.3505168472379,127.63746071882188,64.72692175311035
2005-02-04 04:04:31.891506878,1068.9876984002774,230.88758116157675,32.82655471932132,119.71845934292824,62.55038854627136
2005-02-04 04:12:58.520028596,1080.656365638918,238.60010535852462,34.48615777536617,123.6888882344588,63.73243288380456
2005-02-04 04:23:35.234336422,951.2632230555494,240.9835851365726,32.591206113861645,129.89670987819653,52.74324629930843
2005-02-04 04:32:10.649464979,1127.7680160827256,215.4635526590028,33.84472044976812,112.25662611707662,60.96052706736105
2005-02-04 04:43:05.567371883,1040.580984975202,251.2823021481035,32.79260288115547,120.47477634281813,71.35472464816593
2005-02-04 04:53:21.598482637,1103.2614496874398,247.2154283788792,34.27169403553601,117.89006809229168,60.77274707987307
2005-02-04 05:02:11.381123753,1076.3191457306461,247.0233364866853,33.3143017998009,123.5577309941059,53.7565543536033
2005-02-04 05:13:02.921456354,1068.568591653217,232.01117570823388,33.51702784202906,110.05762830693003,69.08951886121899
2005-02-04 05:24:15.486555323,1003.6063716414008,242.52982971793102,33.27652850389848,125.41908161480781,63.84283666224801
2005-02-04 05:31:45.811757042,1011.1993550177674,228.40376601266541,32.6344309898156,123.56653666914212,65.86970733997818
2005-02-04 05:42:41.647905137,1059.953061240332,243.98679279125983,34.824471852939524,118.78652522728899,57.972155039145136
2005-02-04 05:53:47.532147191,51.0288466165177,102.21757087849808,20.363089203325064,108.12778094596754,61.82467692020451
2005-02-04 06:02:05.271738716,41.60329955320371,82.85643452766439,16.595457527525543,95.2991835745145,60.10428731287893
2005-02-04 06:12:44.826674487,7.663480091166284e+18,5006178.201617446,3923690.114997007,-213168227696437.34,56.034835240313015
2005-02-04 06:22:02.821282161,23.596174098588612,47.20659129160821,9.329423321502535,73.64920416284731,54.88148119297829
2005-02-04 06:33:43.643102652,17.538585923806558,35.11404704524724,7.009025657550411,66.27588716020304,52.078884083644404
2005-02-04 06:42:19.561298109,14.69602985952394,29.54738649166446,5.89128418304971,62.47135253952676,49.909651996799525
2005-02-04 06:53:08.682925950,12.60566732741718,24.961828988472817,4.990318535936195,58.872890734851815,47.572841432215384
2005-02-04 07:02:26.308554184,11.237261116091481,22.455988420269954,4.438597229506568,56.458837927434736,45.84817861953048
2005-02-04 07:12:46.405281467,10.296204218409658,20.83616759370541,4.150069411836348,53.600592308699404,43.85345618300214
2005-02-04 07:22:08.690887926,9.88178694365321,19.926944123033202,3.8845810557068083,51.93395596436648,42.36099985710183
2005-02-04 07:31:21.496442745,9.656468299117568,19.044818551050387,3.98848438489597,50.55833221867322,40.79745359468125
2005-02-04 07:44:07.776328072,9.301664345938208,18.745798948650094,3.855016976736743,48.42238431685392,38.99376398286862
2005-02-04 07:54:00.907443273,9.220568213461952,18.31687084758848,3.6853324411623407,47.255206519310384,37.81877313801877
2005-02-04 08:02:15.874465207,9.156460854471906,18.551161255196657,3.5201947616408966,46.07660778170643,36.81207233289448
2005-02-04 08:12:53.624971068,994.6491048838433,150.9416248790484,16.63636329428098,55.31492103677996,33.43617868906573
2005-02-04 08:24:18.034918242,-0.12280648546655895,2.2439387899101706,-946820044250005.0,-21539040.8963092,2.313949733129578e+16
2005-02-04 08:34:16.074242421,1057.3953251824807,194.9544530467343,26.00433024359687,67.98182419325319,42.613744723818364
2005-02-04 08:44:13.483559499,1052.134976909558,223.99554733007773,29.239506341915728,86.20972097714674,45.66405154014134
2005-02-04 08:52:36.759562186,1057.8451604473616,226.47043668970252,30.436646765141372,86.48144079599436,46.68455671330314
2005-02-04 09:02:51.629557890,1148.36748531715,238.22099151572752,31.53835668195422,88.24140960054994,47.55515879565658
2005-02-04 09:13:47.743810748,1152.675016823346,250.97362812753005,34.32936433215877,97.52794402922999,48.04003560646149
2005-02-04 09:22:51.818276820,1027.4848783702464,227.190984317495,33.14390230816616,98.8661010106406,45.812621559982496
2005-02-04 09:32:12.303270372,1120.462094465847,235.6253841407842,33.53525829764179,113.85065229115028,42.73839642931922
2005-02-04 09:43:37.250152074,1079.7740123740432,235.87760218937402,34.92562849979232,105.54572861536083,47.02491965638855
2005-02-04 09:53:48.527309786,1033.1338565007552,238.23318287180314,34.27819990989922,108.68338111436333,48.579610416093246
2005-02-04 10:03:36.822661291,965.787799836831,217.59206875366928,34.270426353176255,111.65731448033908,44.20515999790148
2005-02-04 10:12:31.579040435,1098.941550108642,231.7777245009706,34.951629884630776,114.92321024072922,56.503938484689186
2005-02-04 10:21:04.587658462,1025.9888813369457,245.8746060144015,31.992396479075023,112.2281383574762,63.63842946088526
2005-02-04 10:33:48.134604023,1040.510521532084,229.61277985423916,31.089597001470324,110.80355217489658,61.28378289800655
2005-02-04 10:43:35.421605148,1044.7720602103168,235.80038504057035,32.56563282846502,122.27819370271692,50.59974454866378
2005-02-04 10:51:49.527933835,1062.9124333635318,229.53323871688983,33.98028211950425,123.71116263761809,61.11436580294696
2005-02-04 11:03:45.069169399,1007.5851815864231,227.2777946307613,35.5536409099254,124.13567432587317,54.70609810668563
2005-02-04 11:11:56.628861052,1006.2819005097617,243.1916736703668,33.2969126960193,115.9763769219635,58.61053955843725
2005-02-04 11:23:35.253089632,1037.0621534963502,253.03197678938062,31.701152949015473,123.66035997721502,65.49468669434367
2005-02-04 11:33:30.908995470,1070.727041263003,239.61255973130432,34.67524432597643,110.49545214595773,62.917768059216726
2005-02-04 11:43:26.908191388,1081.9326438705084,243.66462091118055,33.31086321756472,116.37390305980007,63.72788106881414
2005-02-04 11:52:33.129851062,1065.5612381086885,226.87096246993045,33.84169287768376,113.54474978947611,51.24192823086439
2005-02-04 12:01:45.870869616,1057.7880110607719,239.00814789690807,33.67866220882369,116.0221931355098,53.021542800304445
2005-02-04 12:11:28.996165020,1151.6868412744395,242.46033238784182,33.540369676972645,119.13729246986064,61.08022391407344
2005-02-04 12:23:16.940544404,991.1351052682876,224.38512010162503,33.289984368332505,123.11647326879468,67.44845950410476
2005-02-04 12:32:37.633776367,986.9253053010775,247.24377612762467,33.40454341888726,124.36520632917428,64.37090436672419
2005-02-04 12:41:24.874904714,1059.8124076592142,247.58108803285373,35.186644145256444,121.59337411768783,64.75423927157998
2005-02-04 12:53:09.377633359,1134.5622445967776,231.2061618908098,33.457755870511136,115.59403036272013,67.09005767681555
2005-02-04 13:02:37.221218940,1011.6155012537183,238.98957519744718,34.82993591582532,122.28312634212121,61.265534511485946
2005-02-04 13:12:01.584830157,1017.7778371553866,239.43752809440002,35.63464404127118,131.20513189006476,60.783625287490175
2005-02-04 13:20:39.329550615,1157.705052439707,239.81541761166517,33.53594698175701,113.1808384196137,54.84905178377958
2005-02-04 13:32:54.794763842,989.5407523178062,224.782621153467,34.30556579635791,118.57247550559141,68.06533743110138
2005-02-04 13:43:34.352601475,1135.6834274308962,247.11486885546577,36.833176100796926,128.50458135472311,67.80820126886178
2005-02-04 13:52:37.819736117,1055.4949008823369,240.18681114380763,36.02977349790693,125.63319561741874,68.53385053563525
2005-02-04 14:05:41.997139723,1129.6078492080417,229.82831892757096,32.52848505290587,121.60091551767867,67.76045979882048
2005-02-04 14:13:55.975858855,1109.7564494920268,236.0864180494269,33.82612584783053,128.04256447199728,66.16143427609056
2005-02-04 14:24:37.476099044,1073.4102550050316,241.50610074424696,34.029480504256064,127.59203006560818,71.02158146351715
2005-02-04 14:32:49.201971835,1083.4142412740814,251.91054743662406,33.717363630316456,129.4545370494176,68.61814818361184
2005-02-04 14:44:05.426689074,993.3809270289285,242.16064728274685,34.44591891794238,124.33032614543238,64.13553277114035
2005-02-04 14:51:09.984348777,1082.8091531525145,245.2870292791081,33.15591596020833,114.12788520679759,67.98196456057208
2005-02-04 15:01:57.677850504,1069.3029058177874,235.24136138039518,33.21266615120482,123.76298468929546,63.23206358109306
2005-02-04 15:12:44.733480450,1118.2122978961395,233.44529245745088,33.79859703300174,120.30338182688638,62.57137087597527
2005-02-04 15:22:37.888724449,1069.347824447773,240.70932847778673,34.46657212444927,132.01031376166196,69.2898820339723
2005-02-04 15:32:43.232957236,1117.6550879614156,240.66059700523883,34.35662922662613,140.34858213114083,75.06452597839701
2005-02-04 15:43:01.707762072,1042.6454086107458,251.3078281385199,35.00246068260623,134.0951233541333,79.66410862768447
2005-02-04 15:51:59.780719474,1070.630384217203,232.7241159589013,34.79930003623038,133.013207557752,78.2633373526965
2005-02-04 16:02:23.845609000,1014.7690950304103,227.18758661435285,32.64881820412284,126.30396258901604,67.22850762520879
2005-02-04 16:15:05.844075106,1048.212417391229,249.6997575702692,36.48136302730955,133.240257829332,69.47062297487652
2005-02-04 16:23:19.531121827,1125.5989571423454,252.3094366752428,33.50314711119813,128.46403748427056,75.52573616302814
2005-02-04 16:33:13.666259654,1068.3509886361333,244.3214094730787,34.803779705439254,136.30341948122168,71.20762569856826
2005-02-04 16:43:33.820125999,1125.9226954881851,257.8309700565779,33.691928745811936,127.20730830661076,75.9201259278968
2005-02-04 16:52:22.805614425,1071.58798997943,244.0834939033747,33.63925164061325,133.96004967118478,75.75045616172572
2005-02-04 17:04:03.602565159,1045.8286177844532,222.49295277461002,32.93798669724082,128.30970323242298,68.80237593949107
2005-02-04 17:13:12.297703080,1104.412391329028,246.64657847979697,32.869402973283165,135.57233241042036,68.42711710577255
2005-02-04 17:22:48.852690515,1028.9205431557727,247.63667047958103,34.77494430958109,130.90240552316166,70.70038962292988
2005-02-04 17:31:56.223982035,1074.0045307582222,239.88799168718373,36.58855703515476,134.03109926778396,76.51009200221834
2005-02-04 17:46:03.201634347,1103.827184687408,249.2866050102982,32.3618492396573,130.62583018383887,57.029484012798775
2005-02-04 17:52:38.615020738,1099.1556269083246,248.68386990407808,33.35396353782012,127.03528739131715,74.18568581307943
2005-02-04 18:01:52.738085137,1177.7551127374284,246.97627289750608,33.9342079753845,133.7882895557364,64.96117080048116
2005-02-04 18:13:04.326150216,1017.356595956875,234.5865789643724,33.66066306248638,125.52157257322068,74.508838276538
2005-02-04 18:22:00.997676205,1010.1532597987384,237.69903626372212,34.17447266021023,134.09283186667022,79.05799235692838
2005-02-04 18:32:50.000511366,1174.2277232241252,245.43539328685,35.14155201469987,136.21093054837314,73.91349931163938
2005-02-04 18:43:44.424430610,1097.835087086306,236.44772053569872,34.24389408967576,127.8313308857418,72.52434545009842
2005-02-04 18:52:17.317021587,1079.9965811686855,239.56841947807686,35.32521035748577,129.5220181356654,68.18801092114225
2005-02-04 19:03:44.278311438,1071.683736013379,255.9801041680776,33.53844158015474,129.1173238176745,77.90991955635432
2005-02-04 19:12:26.067885996,1119.9455794195933,228.0759080574444,33.04494397303205,130.05527581516768,81.25127850676637
2005-02-04 19:23:05.242255596,1017.3107316910744,229.47530569679014,33.803955187890026,125.16449809560795,67.21820016534305
2005-02-04 19:31:48.050043452,1099.8182857589964,254.02691583856284,35.13870737338867,135.7657460363324,77.72408703046182
2005-02-04 19:42:18.289295773,1052.2504739963297,237.63861534608625,33.319315661825634,124.76291197878331,71.10889450645794
2005-02-04 19:51:28.177612787,1006.5897548027356,252.55756168073927,33.8219307741751,137.46412616231817,77.83766915942871
2005-02-04 20:03:25.292041436,1018.5727645392458,252.02299890560613,33.261781289537794,129.62758153142983,80.39771278181557
2005-02-04 20:11:12.340694049,1106.8268362499343,248.61933950292192,35.64707032475099,130.48871396129735,81.01295823011495
2005-02-04 20:23:32.442221963,1073.4007990455184,242.33813085173418,32.45195304294582,138.5760311901465,80.83222743514231
2005-02-04 20:33:41.532807142,1096.116053818311,248.99716287432338,33.883991706232706,130.83078878481012,77.96175317450614
2005-02-04 20:42:45.164142779,1078.9068038257171,238.02618199742852,33.371292898689454,135.32821374462947,69.98360658808659
2005-02-04 20:53:17.716398101,1018.5480448471312,240.47271770947,32.56964961508804,127.6259285658323,74.94353594677771
2005-02-04 21:02:18.955914082,1085.8527937186004,236.16308617086446,34.3544354113241,132.02952039696436,70.8619009101965
2005-02-04 21:14:46.359521803,973.9697173162457,241.4395069356582,34.81216979047458,134.57123062217295,79.85448096038394
2005-02-04 21:22:44.458752300,945.2530010422029,242.3041779893303,34.50146590731149,133.82439314376418,66.09078731593168
2005-02-04 21:32:49.096016613,1089.9281278674232,228.88141892089112,32.954493277585414,136.99846111521012,66.81740433759424
2005-02-04 21:43:17.745907997,1105.0118907526282,245.61188699972837,34.81418990609425,136.38051408222233,77.15658987619472
2005-02-04 21:53:29.115555682,1054.913552408775,255.3228363369376,35.3181956818387,127.38644369175029,71.78218877695319
2005-02-04 22:03:22.672746524,1124.3549353315425,260.466913444717,34.9592771834193,125.44092146666483,73.915249968459
2005-02-04 22:11:16.446067516,1057.7614279803947,232.77679075510946,33.22873630858532,132.07598557054337,78.03844200158349
2005-02-04 22:23:30.413873989,1075.1062781397295,226.67556765230972,34.65005535434357,129.73938298893572,65.84006480756257
2005-02-04 22:33:11.509080198,999.4169230761297,251.16181062870706,34.15519781421598,132.4002784184978,70.7454159752968
2005-02-04 22:42:45.524360369,1062.9681762309488,239.2940246426669,32.86901198937774,134.15142424126768,75.09084639445835
2005-02-04 22:50:49.760458193,998.0841876266414,233.22464806899578,34.35021747893524,125.65479042470905,78.36365898107856
2005-02-04 23:03:37.011963291,973.1879036164071,242.11713807228693,35.341331991608556,120.73676018135491,70.83905572645929
2005-02-04 23:11:47.537556260,1022.1150359412907,222.26029055504745,33.859613100089206,126.39967639237851,73.9483602785805
2005-02-04 23:24:06.094844763,1046.833140900953,231.64925987628015,35.914344741789506,128.0017037320822,70.03379648904131
2005-02-04 23:32:07.993620355,962.5614518017089,245.1917057243645,34.39172537662141,127.65724907948616,72.35443934875667
2005-02-04 23:42:14.481571381,1112.1766554376964,248.38395613938658,35.13802764737711,124.33895190895761,72.4279952845586
2005-02-04 23:53:47.035396559,1083.6578321960556,222.66147181241243,33.99438687631341,126.36360158826399,63.382412427923825
2005-02-05 00:03:39.536529789,1109.7432900164629,234.6343636212827,32.864950442497346,127.79154338377418,73.17280050831558
2005-02-05 00:13:05.335591964,1061.3971383766966,244.27240820812432,35.962064869632485,136.19884688389809,66.67481953396148
2005-02-05 00:23:10.481802423,1058.0715243195225,249.95065165786016,33.17337644778027,128.99682518203502,58.746188921411594
2005-02-05 00:32:53.392448025,975.0709363792482,227.5403238645242,34.08214652331262,128.42611082808295,68.57575866802077
2005-02-05 00:43:19.844557610,1020.1885377570333,240.3879922150338,35.418080057704856,126.88619471112669,62.374444188951024
2005-02-05 00:52:56.881014504,1109.4784669141522,233.92390632747777,34.99295834226485,120.2997493992476,71.35320004147204
2005-02-05 01:02:41.310835820,985.9534619408033,249.6811847632663,33.88013447342344,120.6577141401667,62.85271786004213
2005-02-05 01:12:20.634781072,1042.6795312900094,242.63307963730276,34.43870542427437,118.17107749061071,65.22428482901624
2005-02-05 01:22:15.467965309,1112.3291660263608,244.04032156813656,33.73005980526745,129.22506430113233,75.72257882337705
2005-02-05 01:32:47.927685589,1066.095674669088,239.99967886641338,34.987086139112364,125.98588274301692,69.79297245802903
2005-02-05 01:42:17.382576779,997.1485928566208,231.02889704986342,33.41182562839565,130.03445454302576,74.8663601321941
2005-02-05 01:52:47.201619602,1107.5307209291293,261.9569946290338,33.77324035629114,120.28075392719332,71.76366174127568
2005-02-05 02:03:36.371108717,1022.0636160054654,245.57362490727255,33.86425136927199,119.79358971343893,72.52285022559538
2005-02-05 02:13:08.383266983,999.7254680167501,233.51672448650586,36.29599790459928,120.09746029514044,66.7961756679641
2005-02-05 02:24:03.294191260,1009.2379243247915,220.55997887003127,33.60910225610186,119.64863591029636,59.51685063798394
2005-02-05 02:32:57.711822360,1137.321055577358,237.1702502412766,35.505827168474795,119.8623489860191,60.55746909694389
2005-02-05 02:41:53.173664321,1058.179321038904,239.85910419975613,33.93299686050927,118.65728138667173,68.13739105900063
2005-02-05 02:52:52.566914324,1050.0587095562762,234.4932602611063,32.68204757384269,124.83813593496917,70.70564786360757
2005-02-05 03:02:35.894085562,1040.8442129708358,240.01132797161233,33.57733897388056,125.5839471969561,71.4341811506727
2005-02-05 03:13:20.408668752,1057.1072188137503,240.2986184404731,34.71958028277116,120.5963722130488,65.12329553031717
2005-02-05 03:22:01.388663680,53.66125262222905,107.18828385221097,21.54179913854207,113.80183291724218,64.43235168556005
2005-02-05 03:32:49.560837927,41.13531383978153,82.8612783819111,16.645717573697482,97.11347451368896,61.82975768146013
2005-02-05 03:43:54.538569282,30.1904608714104,60.380587821167815,12.070896331145073,83.16531625992829,58.79320053342433
2005-02-05 03:53:37.357661156,23.08863213022754,45.98163429058688,9.024035785423548,74.83014932953314,56.40215648050788
2005-02-05 04:01:47.865265284,18.686464874776785,37.19080812164309,7.464187973169849,69.2079909384359,54.095461895257046
2005-02-05 04:13:39.730991354,14.435479310281917,28.826869764203376,5.930579083775969,63.42500479505081,51.1725461709951
2005-02-05 04:23:10.478564636,12.447119818464927,24.86394014432775,5.00894010293768,60.200843535868074,48.73313003468564
2005-02-05 04:33:14.527327484,11.085672323137294,22.156119918055705,4.652860325509694,57.19304998657015,46.80210040913752
2005-02-05 04:42:32.072818633,10.338316164673692,20.524176448712556,4.220411561465334,54.92393496569707,44.96123913261476
2005-02-05 04:50:58.802572134,9.658614724081657,19.31543337421974,3.9317153805582032,53.14868592363641,43.245316921443084
2005-02-05 05:04:25.911043897,9.239286190707887,18.45881428916975,3.6961861616793796,50.438181801597636,41.10866500471203
2005-02-05 05:13:03.143672619,9.030728193303975,18.12872201519627,3.636294681952009,49.22971799386396,39.855990684125636
2005-02-05 05:23:16.218266119,8.866545149784674,17.898384184162694,3.40437983103349,47.55578653275364,38.464578914371124
2005-02-05 05:33:00.089891084,8.9370738773101,17.64391754246351,3.3591769537941203,46.32949945968096,37.14067390653053
2005-02-05 05:43:17.872668259,8.848530479017635,17.575205704770752,3.597715226772153,44.9789762475646,35.88593946824597
2005-02-05 05:52:18.741046565,8.785184659537558,17.596369833935512,3.570174754282564,44.03496345339699,34.85270433185969
2005-02-05 06:02:14.619017957,8.712763499550457,17.32046708249243,3.4900511657368436,42.91255857500496,33.90821321603354
2005-02-05 06:12:47.561858686,8.748875877422043,17.522115018345293,3.4704847981539273,41.919721933185585,32.989422158377096
2005-02-05 06:21:58.705348296,8.932325980663103,17.368307395983162,3.548721519044646,41.26970287586544,31.908518179332773
2005-02-05 06:31:58.449842157,8.851979660987409,17.36365542020929,3.436675937343812,40.2584776349793,31.201124214171703
2005-02-05 06:43:13.531868201,8.701688437618882,17.336930580595407,3.404084161707217,39.57262007439707,30.545275292707128
2005-02-05 06:52:13.053689553,8.703396305759442,17.459540086754163,3.4327140230396718,38.952185606289305,29.790896470067516
2005-02-05 07:03:20.790584645,8.684980206206907,17.50900501097002,3.4686444218866956,38.5141965330065,29.24149074462893
2005-02-05 07:13:27.683253939,8.752644203820978,17.54473926492669,3.4284493323704153,37.773136342687565,28.60317835337886
2005-02-05 07:22:41.895303062,8.587598468773361,17.51361321300788,3.5794786273187675,37.47464278892145,28.28993116145356
2005-02-05 07:32:55.504975244,8.845050459811906,17.506349406872133,3.545438524030983,36.76973363999403,27.62406923146311
2005-02-05 07:42:47.365028562,8.996849027596207,17.608580865149612,3.461728268902327,36.60372298981225,27.467621451525265
2005-02-05 07:51:38.975884041,8.854942891410067,17.608221329910545,3.3564927146180112,36.18619361410763,27.16879413512835
2005-02-05 08:00:09.962315880,8.874776427941741,17.889744951452407,3.4523951919780442,36.0900847094388,26.96377710583215
2005-02-05 08:11:16.961491741,8.804286591254314,17.55286450282934,3.4687685351658097,35.70603020536985,26.539166353523967
2005-02-05 08:20:47.245104838,8.941796659531283,17.746595724124205,3.554941107246406,35.55155655644337,26.38728095140807
2005-02-05 08:34:33.878364135,5.235025175195522,-235599201005.32605,66.45863363440337,10520724012.0551,-1.0699558697712351e+19
2005-02-05 08:43:06.513529358,8.91150656817744,17.995068646845535,3.6546057686125786,35.09698205551724,25.917415894032356
2005-02-05 08:55:05.721997419,9.11529016223243,17.87725531361874,3.634697458301762,34.65411538487565,25.597729435135516
2005-02-05 09:02:23.624492762,8.852243494427874,17.984489976077246,3.5503938025376542,34.73719104377799,25.48099971587396
2005-02-05 09:13:10.235941799,9.054083710728658,18.017570771367595,3.512905855885649,34.89654624656993,25.57322943031656
2005-02-05 09:22:21.865234413,9.212960537627605,18.23713198754739,3.8065892950337434,34.79104217402753,25.530929081316334
2005-02-05 09:32:48.715941916,9.205675184840675,18.174631024024965,3.8091171561729618,34.78389039557966,25.476227189159566
2005-02-05 09:41:37.263491184,9.144400252352387,18.256866138549952,3.685068220297167,34.752281619248095,25.376414618458377
2005-02-05 09:52:32.891214087,9.212754101401265,18.242428298468504,3.7256075075920494,34.638674801548696,25.43737048516019
2005-02-05 10:01:57.370344027,9.215260431050325,18.198039537210576,3.8226097982235605,34.5462627620828,25.247921325457366
2005-02-05 10:14:48.394525078,9.3055157442527,18.41240415888576,3.771795707788657,34.89948627693718,25.4928206543192
2005-02-05 10:23:44.545092414,9.35399592719077,18.835670709978437,3.957817701609022,34.97370077043095,25.6881830708321
2005-02-05 10:32:49.270940722,9.264696925511364,18.70568947411559,3.6170779341964603,34.96697626446331,25.601061646294202
2005-02-05 10:44:20.388774247,9.263560951065998,18.76548395277197,3.6761970076119233,35.203930413143006,25.716135823182388
2005-02-05 10:51:58.722203436,9.395970683662117,18.92304914156374,3.7147820054036096,35.21684789931994,25.59250113614788
2005-02-05 11:02:26.526298251,9.45721722184935,18.96110820728125,3.6962399780172994,35.09361931942895,25.855159287243243
2005-02-05 11:11:05.384705526,9.422279414350838,-11.199812098090474,12309861680809.09,0.024403377314799413,-99815.09541633703
2005-02-05 11:23:29.012074706,9.58819685518621,19.29295460227596,3.95191938660231,35.7862131559019,25.92168246899378
2005-02-05 11:33:31.864700081,9.594326677647686,19.28680226703937,3.8916834383956287,35.838108524704225,26.418616571835553
2005-02-05 11:45:06.896117060,9.72990791811118,19.416292412458915,3.769171334063172,36.03442911776397,26.39290229840682
2005-02-05 11:53:21.819757254,9.738799979721742,19.56548294288145,3.9035449582193498,36.15557076667717,26.61347159196761
2005-02-05 12:03:54.888179146,9.760704465223345,19.34192478349322,3.9032009729398407,36.45072268996099,26.856539998868257
2005-02-05 12:12:54.381046923,9.838788013707767,19.673149682517646,3.930090108844552,36.47170053878032,26.865923591126336
2005-02-05 12:22:53.915606266,9.911306430973987,19.890481056182605,3.9799215249919357,36.889893457674006,26.90816899234771
2005-02-05 12:33:14.398980010,9.772592579038394,19.63573808965596,4.0481722946902625,36.8345054595519,27.37584039381534
2005-02-05 12:43:44.166676020,9.934180892077865,20.161709755762274,3.9855126375896397,37.01215111831227,27.282379212304683
2005-02-05 12:52:32.061039572,10.09255607688982,19.825066534333768,4.066844920148433,37.19762137255033,27.479869145148434
2005-02-05 13:02:06.903061050,9.8029598968917,20.219476891109284,4.253295188173342,37.62939283295051,27.694911997109177
2005-02-05 13:11:40.890251719,10.2657197666005,20.274498265854454,3.797147906094238,37.84921291392036,27.892219694020323
2005-02-05 13:22:04.326521562,10.156792077391914,20.31713085190194,4.118133626540778,38.01433247878746,28.157668379258958
2005-02-05 13:31:52.802785972,10.222052799879082,20.461969894900935,3.9878586339142714,38.24770486200737,28.217549802070003
2005-02-05 13:43:14.354907161,10.247332627440962,20.40489568356442,4.0813158820416096,38.456681301016246,28.462723002999486
2005-02-05 13:52:20.051430792,954.3335650314144,134.12033976501218,16.29584602354898,40.116520392300096,31.54581996343857
2005-02-05 14:03:52.792466563,1051.5809088520762,172.91896913314602,22.937448392159286,53.42690404559373,25.260713289437174
2005-02-05 14:14:22.657892073,1043.6508817784108,188.2223531471706,26.745205800505023,78.36925717715577,47.375999976199026
2005-02-05 14:19:39.090601739,1015.2095559026113,216.07983447413463,26.900801954757757,67.40786624127898,31.06575807500687
2005-02-05 14:32:24.498190629,973.0121809638456,229.48623645185737,31.064034126577745,88.69951725463088,42.14063088593395
2005-02-05 14:42:18.867953605,1070.3135760673997,236.40538513754925,33.59816769981896,102.82871469946234,49.08727938435819
2005-02-05 14:53:39.659126355,988.2821347781091,228.69968023515972,33.02400728641706,105.01168510786593,49.681227160959395
2005-02-05 15:05:07.950274287,1143.500976764947,242.15004773549353,33.07251279718508,96.61798474123805,50.14030171746904
2005-02-05 15:12:36.428007389,1150.4875102322817,243.89651298220753,35.55030682236104,98.14423194219519,44.08631758989103
2005-02-05 15:22:43.142648981,1060.3682429548662,252.1761642944091,34.38790369161968,103.12605953414214,44.63613076329686
2005-02-05 15:33:18.554727707,992.1901264607792,227.656768574271,35.52572029025131,119.06851235397176,53.851481767062026
2005-02-05 15:43:50.213472481,1057.8745858672996,255.12834028609728,34.94776396950308,106.39903005493179,54.25877186586824
2005-02-05 15:53:59.199512361,1046.941991711538,245.8015577109898,33.368469120578425,105.4931270316433,53.10106591060918
2005-02-05 16:01:23.326807313,1067.8686378912487,236.41677574515873,34.86706446095006,105.363090533098,59.98090214474546
2005-02-05 16:12:54.278063788,1072.1734182806608,242.33741333155933,33.136965072551675,114.477630552009,56.39231569248351
2005-02-05 16:21:07.497309873,1071.8679219791827,242.19225397890077,33.6388585275493,117.35484660886715,66.79027430619254
2005-02-05 16:31:47.544784330,1041.7459383414061,229.1959843142001,34.119259222114664,113.94637272315433,56.7033600331278
2005-02-05 16:41:48.708719513,1002.5705569294753,242.60762858510478,34.07204149309921,125.31397763919638,56.565859018643835
2005-02-05 16:53:33.320607804,1038.9976697246238,226.06409008400877,35.52113006933712,116.78089897131292,57.278645225847974
2005-02-05 17:02:25.491919543,1035.5926851000454,254.06265832954855,32.758334151604295,121.57845461633966,62.43594564622146
2005-02-05 17:13:02.547228221,1090.3749600617662,259.8743500513761,33.587945954320375,123.75044107313856,64.00912586836309
2005-02-05 17:24:58.429878293,1043.064273468564,205.08422644683694,32.08284374511543,122.37281257699846,61.18718292203273
2005-02-05 17:31:54.160428216,983.266747458968,254.70284242515396,35.60436942463866,126.28351262831531,63.16635783997711
2005-02-05 17:43:57.523833018,1005.776965671757,244.2796415841151,34.83083860245319,130.65429363036165,68.81152882689575
2005-02-05 17:52:54.049682095,1152.1296833864324,250.26600513701496,31.79651191614812,119.88990037016322,63.39161723176282
2005-02-05 18:03:28.846302454,1067.413931028904,242.77370943037533,33.899387520652546,126.83189303986232,66.25873047260346
2005-02-05 18:10:40.206898083,1019.5999756251349,241.0177437960974,36.26654958741116,123.69861193873611,64.18592867039834
2005-02-05 18:23:53.888817068,1086.1549984883432,253.333172497669,32.8785675401641,126.95671063233715,69.74711942950422
2005-02-05 18:33:48.345664060,961.6171071406798,226.8951656184206,33.62467892727926,127.75221682364932,73.67911625730838
2005-02-05 18:41:57.171968305,1042.0813921729466,224.47709834441994,33.6787996096537,127.35343486320969,73.73518674934033
2005-02-05 18:51:04.444303340,1071.9251085397148,243.39054249482328,32.882791816893985,127.54086662056923,68.2999370078644
2005-02-05 19:02:37.030871228,1002.1740617986062,236.17387939466943,34.387342704712985,119.0714064321017,64.04596745698467
2005-02-05 19:12:45.815066616,1033.142021205058,222.1056659518731,35.047363185960144,119.38643992675286,69.10322818814451
2005-02-05 19:23:13.169591874,1036.4690323240152,257.1684187552763,34.72151870706642,125.62024609887351,74.69123894085168
2005-02-05 19:32:29.184858853,1179.7292069238347,248.0984454874311,34.10475362412798,123.29548121158327,70.5565340288431
2005-02-05 19:41:38.604492956,1102.7186439811746,250.57826828781782,34.495998113500846,135.21156498760504,68.01831978893458
2005-02-05 19:51:39.956649674,968.338828421022,222.88668698431087,34.04660996941641,129.82158777533465,63.81494302321175
2005-02-05 20:02:56.697841628,1148.4117893913049,261.74524149574466,32.58488905702563,126.09653612275679,63.20992958716935
2005-02-05 20:12:42.111377764,1032.3948302395413,252.3097688245184,35.06538716540728,132.21462677929887,72.62378498440633
2005-02-05 20:23:22.731017828,977.9711944401183,259.86960300841554,34.22545225532586,134.10913069312272,65.25826485022213
2005-02-05 20:33:37.641022227,1095.5094580560292,247.65056389250142,33.381418488228306,134.56512038036684,68.58242576930783
2005-02-05 20:41:45.420440379,1027.4435793427438,227.45488209531186,32.659778645193995,131.51398744896136,77.30156168076144
2005-02-05 20:51:53.871009597,1043.9036772853053,220.53624773057928,32.93593133489058,126.4098395621575,76.5971430407418
2005-02-05 21:03:57.646609422,1103.8006692915296,236.22946799348662,33.420702338427446,122.82359589442027,76.55504799838366
2005-02-05 21:12:28.748018058,1030.4965520701705,233.7794241498562,35.05596053080625,117.66701271954354,74.35007997881337
2005-02-05 21:21:18.416763398,1078.6590660716688,239.02752079109794,34.278711113501274,129.64630377390733,74.0066686018588
2005-02-05 21:32:47.291364199,1013.3988560953483,236.3251636953854,35.826022663881055,145.3723811493795,75.58497501487142
2005-02-05 21:42:54.236537532,1045.2097092584927,245.22795886433198,34.873994412137975,118.58019224191119,68.97655545495074
2005-02-05 21:52:28.456270228,1004.1165690972058,260.98569525001653,33.60641880251788,118.83483051896422,57.72166257024091
2005-02-05 22:04:38.621715991,1046.3732774013629,263.5206188943492,35.165943007178974,136.5303599543747,76.2584430395849
2005-02-05 22:13:16.401761361,999.2256011181569,243.78736407665667,34.30280923635079,132.43911976404652,72.00860310403677
2005-02-05 22:22:17.204143272,1120.5131116996336,253.00027683295525,32.23076856240073,128.52348344009997,68.5462448418221
2005-02-05 22:32:42.746444243,1139.8833675885976,249.64171512202188,34.09143083067485,127.47379583608844,72.38428982259117
2005-02-05 22:41:36.952272810,1124.851670182563,235.33922843086086,34.12664529940788,131.85115668114022,79.34354671613619
2005-02-05 22:54:32.524597614,1159.9461602427991,237.84391458701867,34.90814352950051,126.10459122495263,73.18669028266217
2005-02-05 23:04:33.455570524,1076.4675024974974,245.89000690297894,35.3907812317217,125.60710845431953,64.09163772490416
2005-02-05 23:12:03.659296416,1104.4862433908527,236.0075604708651,33.6774056473154,127.06935095327003,69.90780540081579
2005-02-05 23:22:32.856020032,1041.832140888926,236.85659831510984,33.793490250021904,124.72167205001912,72.89397540409071
2005-02-05 23:33:04.630033782,1090.305443151068,245.68231499327445,32.55145364347609,134.11655771498533,64.58956714415935
2005-02-05 23:44:29.567854485,1096.8956622107482,242.32397203859176,34.055225572584334,138.6825295678896,69.39397092647933
2005-02-05 23:53:16.034023323,1023.161954014253,244.35191305023068,33.404499861521884,123.0361735798185,72.15727975729162
2005-02-06 00:02:40.570343962,1020.7450040009627,232.21882979815535,32.250176075239466,114.82418679029908,75.2868164817788
2005-02-06 00:13:42.286015809,1034.4847005700747,221.97989518905808,33.72738788581875,126.64282958134473,70.53172380632147
2005-02-06 00:23:22.666846795,1075.3240326855994,240.38690081513292,33.0882568686209,121.09895822238637,74.73894120832794
2005-02-06 00:33:05.670551260,992.1887252145361,245.02912355833462,34.95000775484241,130.81118016654597,71.90371013529078
2005-02-06 00:43:45.448696264,1094.777656403399,236.54472741102327,34.21410930738134,123.41832495314779,62.56818654638873
2005-02-06 00:53:33.124348007,1071.0511451670327,243.97196268751895,33.940552553594486,129.34981462879952,59.869718039086024
2005-02-06 01:04:13.305290650,1054.9755444508767,249.96954790679902,34.1501341492905,111.8857202538318,66.20895526354191
2005-02-06 01:11:26.894671398,1063.2971288427434,238.51107747183684,32.477395522625024,121.68326568564277,72.96496962452389
2005-02-06 01:23:31.336329128,1063.5211834267093,235.31121999050012,33.89409588923806,125.4316384444786,57.9352880727145
2005-02-06 01:33:58.463462145,1098.2270841120671,249.55751767524498,33.33613827961847,127.38497091245165,65.04436871274564
2005-02-06 01:44:35.183580080,961.4353800128441,230.49602163494046,33.99333082006143,124.63417204239337,65.49769577348424
2005-02-06 01:52:52.174775128,1027.5466637622815,228.7092369024202,33.13734544405256,122.45061625161678,61.19674760500503
2005-02-06 02:02:17.158127811,1156.126179193855,251.74638441102573,33.586367340751146,123.49618646092563,63.17531654144559
2005-02-06 02:13:01.608477963,1051.100551333183,246.42111912348238,33.86388318734616,126.20294013836525,60.79995973746698
2005-02-06 02:21:48.994889702,1052.648934745903,241.49384511079086,32.24512547346157,125.13463849864029,62.10256381928234
2005-02-06 02:33:44.115135921,1067.8327756817905,238.6198923080367,32.92812241531918,112.86918345737004,56.766625748115366
2005-02-06 02:42:09.107396500,1078.2466605283282,215.27020746438447,36.38637161537031,119.64261684576088,60.29764383332133
2005-02-06 02:53:04.189214333,1103.7529446317392,238.8105709233212,33.47878355177514,115.02958918487532,65.16845134649178
2005-02-06 03:03:21.280478833,1150.3631228303273,253.70762712240744,32.213292692639314,123.00754148273444,70.22012924637164
2005-02-06 03:12:05.161536271,1055.2798782872903,239.35630902235124,33.91616795896389,127.70104323203687,65.3503521634893
2005-02-06 03:23:19.503602467,1079.3697012656219,238.79244244440497,32.785825204687356,123.9633490574212,73.41707013426945
2005-02-06 03:32:40.097339378,1030.8952314369,243.85658364944845,33.84279244105916,122.20149844098573,68.51690471108617
2005-02-06 03:43:44.733913231,1073.2340098314687,231.50315599453583,32.28449262493672,127.69369677167572,64.38702261163043
2005-02-06 03:53:12.851096009,1101.9218649690226,227.3770561331648,34.47060520395461,119.80207229743664,58.23807473148951
2005-02-06 04:02:41.313024646,915.8819439552755,238.64307368629375,35.29782633558782,116.87629243669683,61.104756040147436
2005-02-06 04:13:56.846302763,1021.888345694656,242.25896506595285,35.58352222247416,123.96479687276418,73.25879765483276
2005-02-06 04:21:30.635495410,1141.8636629930427,239.72273190895615,33.230485651891094,122.54961781104463,61.84210379140181
2005-02-06 04:31:57.501126529,1004.0652768937493,236.45932614814018,32.94858399577007,114.72444092750575,60.66917522305059
2005-02-06 04:43:27.379860479,1117.6631558159852,249.26233437247205,31.914878444125453,122.43226462448166,62.16363355101257
2005-02-06 04:50:38.286655140,1000.5932224812161,224.23426957410723,33.89955736427666,119.36607703271501,59.412461848679904
2005-02-06 05:01:34.565321839,970.0766371258355,225.49646540458673,33.09585647640416,120.44064975309388,71.44295635008136
2005-02-06 05:10:30.376105469,1066.450929257891,249.2483193113999,35.32627548517464,113.81720390751609,54.06135430678009
2005-02-06 05:23:54.063044899,1150.5151007036404,242.9207676547479,33.153298661471325,110.17513083154392,64.6217457273534
2005-02-06 05:32:33.880635394,4.234428006699206,852250.7784374695,-1.6609893339725045e+25,-18476456510.657993,-42697.38375376046
2005-02-06 05:42:54.398033243,1086.5448200917326,231.42055911647063,32.13777024328538,121.10923871421114,61.775376463109446
2005-02-06 05:51:43.876924039,1079.687287070772,243.3445799712558,33.352480896648025,122.48312257537646,56.46886259470016
2005-02-06 06:03:34.258601075,981.3691001452706,215.94657437697464,32.17746588083622,114.48395171839798,61.549749003303404
2005-02-06 06:11:20.370734755,1137.766672366471,243.53812135894978,33.02564273308266,127.88306701413798,60.78602401427888
2005-02-06 06:20:48.518213391,975.7536011033372,239.05556667047463,32.287063907821185,119.79091110707641,67.81482663351044
2005-02-06 06:33:15.606856200,1094.218344979785,237.96092371259374,32.519469146752364,110.58141545361275,68.37281610349119
2005-02-06 06:42:35.371468129,1029.6020439215836,229.4937204972932,32.30273309205512,126.90128364931726,61.878944780184455
2005-02-06 06:52:47.660885620,1097.0705560159993,243.3892123614416,33.383006713741544,125.40461802317517,63.084426739557635
2005-02-06 07:01:19.703552642,1042.5320689618954,237.00093667241555,33.149650137993035,119.15305677603608,56.72339108358261
2005-02-06 07:14:35.675209755,1050.0383851761849,246.24346398037383,33.33004624479189,123.53342042497644,55.31761808611656
2005-02-06 07:24:36.659773419,1180.281044459934,242.2916775148202,34.536629246255906,123.73491821202532,66.93515733670785
2005-02-06 07:31:18.959521719,1090.4506217719386,231.88476694478993,32.67331594302795,118.71962334563766,63.85245072915153
2005-02-06 07:43:00.505027605,1124.3926352170415,252.92808097695897,33.30446129539402,119.16435523327907,51.20865774376071
2005-02-06 07:53:27.885484078,1148.4669382633322,259.1254024168496,32.61777732701733,114.6482499075437,60.21908620930491
2005-02-06 08:03:33.874447239,1029.7893446160447,240.01681240678758,36.85208539463882,125.09726023610267,72.87348077733303
2005-02-06 08:12:13.333738617,1161.5837389793405,231.68652381090592,33.51537838633041,134.8972523051793,90.61182559704476
2005-02-06 08:20:36.856841827,909.9480811958265,220.29984395017416,31.09949017332736,150.20126428948925,90.21630534667787
2005-02-06 08:30:18.023180725,1016.5632573067254,222.76204027323,31.65698642107667,158.05155211245008,93.47692316350701
2005-02-06 08:42:07.590627757,909.0884070921068,214.32016799454794,33.17459123278533,171.65593012161307,100.59198029062222
2005-02-06 08:51:50.848050704,1037.6092970452487,240.2909097371894,34.15079734951618,162.06301944364736,99.49679081355242
2005-02-06 09:03:16.959736429,50.69732426057042,101.17500040565936,20.214211007871068,144.6062064932631,98.90048194855558
2005-02-06 09:11:30.130463488,40.76096303887934,82.05535030541719,16.469363515692432,129.94683067024255,94.84395914529554
2005-02-06 09:21:30.335583075,30.950709187581463,61.919918927949766,12.479320679406863,114.54808466219916,89.61216248934554
2005-02-06 09:33:07.277311656,22.340457424234256,44.66468963319149,9.001150578569463,101.74284333566285,83.68690051165962
2005-02-06 09:42:25.924997914,17.875685968835686,35.465084638147644,7.027239503553219,94.02995518785455,79.59545934404494
2005-02-06 09:52:48.634699619,14.388973195056915,28.9114514273447,5.881487371885669,87.54121019639591,75.13841648247235
2005-02-06 10:01:29.246920684,12.530922937545068,25.4123368844503,5.215122394761122,83.03369139400154,71.51636871462064
2005-02-06 10:10:55.647807775,11.490231718902606,22.89294102062439,4.474303574311315,78.6743878906283,67.96430472777291
2005-02-06 10:24:51.053394743,10.347576545650867,20.551672295571187,4.255747701999212,73.43925251922855,63.58358438249337
2005-02-06 10:31:49.081054357,9.936989824480264,19.908775348398414,3.9020684744175735,71.1927941366955,61.33659830684583
2005-02-06 10:44:24.236172964,9.725053793134661,19.413785774725685,3.8878441301299356,67.35633490703633,57.919855963552514
2005-02-06 10:52:21.681022819,9.567233424541115,19.228690932215343,3.7688537261421073,65.51088338606552,55.79091588058095
2005-02-06 11:02:39.909234927,9.56098081929401,18.926467421023787,3.8571617342276987,63.00860446480739,53.39970158505826
2005-02-06 11:12:22.688696034,1422.739350125849,189.35660868483419,22.41526951282986,72.07647313079507,51.30417002837349
2005-02-06 11:21:59.992356632,1452.4382525003848,265.45292558507947,25.62414039116369,84.77930966637147,45.87257086141196
2005-02-06 11:32:03.118069079,1548.5415318013509,273.33906883210636,28.885776030137677,91.95876134826158,34.04202441516035
2005-02-06 11:41:44.949059227,1499.4869131803225,287.0327345796869,31.94343250796304,91.18985416918693,39.6590960947375
2005-02-06 11:52:59.721718918,1118.07987881026,234.3078251544727,31.295003666855948,101.73585713174509,42.64333674638013
2005-02-06 12:02:56.288102218,938.3291675125629,243.32741083895795,31.573505654346615,113.77893907208154,64.84461603023735
2005-02-06 12:11:36.711579232,1133.2200371990575,234.1358990006418,32.297610950180086,110.39632876195435,60.941595142971366
2005-02-06 12:25:43.157359381,991.813696926091,218.58240274615315,32.173173915849695,115.931953987334,58.21786793261564
2005-02-06 12:33:37.933032827,1058.8697851028455,249.9559153423589,35.09140539378984,110.70224844556905,67.42550251510204
2005-02-06 12:41:57.081785838,1056.7373850562444,240.78838634225187,33.4194919299412,113.93297704376575,55.993046756843555
2005-02-06 12:54:04.843204518,45.19091924601429,6.146215140977466,485034359.4922969,-127.31350542309795,-2184528153635.7573
2005-02-06 13:02:29.557638925,1137.2904728833582,230.97089629322423,33.33662451999192,118.83453668848978,66.55052235743196
2005-02-06 13:13:09.701965268,937.5716361260132,233.5708666443481,33.47110922769614,115.6122168533806,62.633673216315735
2005-02-06 13:21:28.779285993,1043.5354600431317,243.07001255746547,34.57118647543836,125.76276728453769,63.61756440877846
2005-02-06 13:31:03.021561735,1125.484442542039,231.97871099073362,33.73516384802001,125.61626561393614,62.22185938438129
2005-02-06 13:43:40.769054970,998.3986318824244,241.6864172059915,32.975375787718875,119.369349001072,71.48366049777256
2005-02-06 13:52:28.829846168,1029.7282522577757,236.02156038913222,32.5849130121395,116.63863199643109,56.26234269536057
2005-02-06 14:02:51.208940733,1044.2648763662105,238.319286524964,33.94044255810751,125.94169036006376,75.06606069630381
2005-02-06 14:13:13.830172307,1079.2394559814247,243.99990340565574,34.50346971227921,113.35237096386604,62.76865835428739
2005-02-06 14:24:29.398662445,1114.576168933235,230.85061493452008,33.02470295988885,119.42704282511488,75.59504594855095
2005-02-06 14:32:34.587089211,1015.2294819453297,241.94877295557757,35.73347362224622,117.44808689880207,65.10693254219197
2005-02-06 14:42:38.227684737,1045.0501366104747,234.68593841499447,34.14691279451188,126.84352719047459,78.09627672108182
2005-02-06 14:53:25.486362857,993.6116859874323,245.49210998825296,34.27892614412581,123.83272940737379,67.33294823489118
2005-02-06 15:04:34.090679512,1093.8976241748562,250.57114531135076,33.68356934170906,129.05935788586183,73.63332863853961
2005-02-06 15:14:05.648824753,1082.252973108757,253.21007535871237,32.9145620086162,130.67953295922973,69.52587605343068
2005-02-06 15:24:32.375700646,1068.4763656003777,254.3140027566513,33.01948024002513,128.3353649876999,71.30222936223304
2005-02-06 15:33:01.775933260,1088.5658187209551,247.95798178462002,34.46395697890523,131.5121781962017,70.12998413204531
2005-02-06 15:43:51.190789033,1017.6244333855863,245.04150783030786,35.50252461032721,123.1689990760776,56.998391905259204
2005-02-06 15:53:57.281135816,1067.4928789187616,242.71500991750372,36.36427542654965,140.28036076493257,68.12051126412061
2005-02-06 16:03:51.448291424,1117.038667685845,237.3422356576148,34.37877197411868,130.98671756911952,71.69492678193473
2005-02-06 16:11:14.748260989,1099.8785464251202,230.64210896363312,33.216438167139685,132.08651273253233,67.85149944949855
2005-02-06 16:22:29.346095272,1013.3389928043541,261.28310976484494,35.28117453265363,135.1278184702082,72.92608990119808
2005-02-06 16:34:09.565350076,1135.5728266320539,258.4963295413722,35.4968839720144,126.82663468374498,71.5173922227818
2005-02-06 16:41:46.497903827,1080.7474267004338,227.03522372153012,33.08099837127338,129.47025500092312,62.39132114137874
2005-02-06 16:52:02.079808545,1037.6015362497812,255.44891742309815,34.30370989063844,128.06586139805913,76.19530637822687
2005-02-06 17:01:16.546649815,996.4557451080412,239.49659364759333,33.151993771494304,121.65380585467233,65.64151726409492
2005-02-06 17:11:31.526254738,989.6806211631231,246.30478625380218,33.232376505288805,140.80046653147357,76.26767153258629
2005-02-06 17:24:12.912190139,977.8672578842438,246.3113565617532,35.549520206835595,131.10694147491225,65.14044800976684
2005-02-06 17:34:44.494636917,997.6121233302765,232.83345880876269,34.24031520610003,132.75103368015516,73.5529899349605
2005-02-06 17:43:21.479210150,1015.71549528209,239.71784387796177,32.972663066567215,124.31321561825614,66.36355418718702
2005-02-06 17:54:31.575258685,1008.5304903829705,247.1549101170969,33.591953474454385,130.8244970899117,77.79895850368032
2005-02-06 18:03:22.301949328,4.775859211036244,9.434657249107676,1.6663936066198588,79.0459871572143,71.70223972865524
2005-02-06 18:13:05.742813996,-18.301525574855265,-37.14397092243472,-7.465239106874454,70.86990421572253,70.0963804194714
2005-02-06 18:23:22.914100660,-18.381554266704523,-36.676623782594575,-7.129829990991242,67.42262758305073,67.65931746412556
2005-02-06 18:33:37.613369716,-11.702534236201686,-23.041760817105597,-4.631043982634795,65.36810564055436,64.0055695076531
2005-02-06 18:41:30.871476122,-7.622143176319718,-15.14198904617198,-3.459496474508629,63.67770170879231,61.49043342109621
2005-02-06 18:53:29.425083913,-5.595852698340165,-10.891948888252056,-1.9421904081869124,61.19319805707909,57.921012205999745
2005-02-06 19:01:29.832106158,-5.86716340112959,-11.77295415928811,-2.442855695695663,59.221933100183435,56.06593869057231
2005-02-06 19:13:19.699014363,-6.593570437072329,-12.380396838725304,-2.6117160876243775,56.12828895552062,53.68931915908872
2005-02-06 19:23:53.438821618,-6.738386682929823,-13.408321261089565,-2.3349358804384295,53.8810075508554,51.467299797108915
2005-02-06 19:31:18.355997549,-6.507828694919276,-13.436207960397164,-2.7479400712818527,52.26669417773736,50.10511654777168
2005-02-06 19:42:02.649799434,97.87365264719953,1747638741.3009548,-136.5689332403884,1798398.3208466412,2655843.0977260415
2005-02-06 19:52:24.979926259,-6.738052187384317,-13.143700894344914,-2.59635655806445,48.81303854031634,46.48349788128462
2005-02-06 20:02:11.744968636,-6.41514621367863,-12.952495018791705,-2.685382403233956,47.55296277653764,44.47533752027866
2005-02-06 20:13:48.207264743,1089.1690601506905,130.38120494764496,13.118761470882298,54.63681707374936,36.47094138249581
2005-02-06 20:23:54.783905347,956.6329818142448,148.39332398296872,20.587360266181456,65.67658360480866,44.11545488695537
2005-02-06 20:35:05.990581634,1040.5970739295533,187.2352123227908,26.947583480075526,77.94152566580513,49.52472788950186
2005-02-06 20:43:11.459264993,1074.8304157644059,214.42578978426758,26.762050700430194,85.27589787741263,53.335014296297246
2005-02-06 20:53:51.515908899,1087.990728659606,213.29508693936614,29.499204432854036,99.58293873199914,48.15416926601428
2005-02-06 21:01:40.248081055,1048.6038333134723,225.91492237444018,31.926333286171552,106.24918874182522,50.34473179711641
2005-02-06 21:12:38.656002917,1034.435492819872,226.19401223089187,30.591075904560068,109.41578869211831,46.91280084772318
2005-02-06 21:21:10.242192607,996.639931890951,234.7557782273586,32.730156051931125,112.47427249863841,59.981494596336546
2005-02-06 21:32:38.915822044,1050.2391224680189,245.37673116028265,33.163728960268294,114.76747216525726,61.33109405889129
2005-02-06 21:42:24.473280128,1128.3413056075838,244.98271788987356,32.477167886068386,118.3151647125089,60.068803924579825
2005-02-06 21:52:29.561051435,1068.8111222168257,251.23403349292246,32.8913444496826,96.97662116437871,54.60376408570093
2005-02-06 22:03:59.296086818,1083.1737812612644,222.45600982995154,33.24373170404695,125.73187273750565,65.21067450813756
2005-02-06 22:12:59.143067535,992.7946487518337,254.23077716331142,33.994971944117815,116.8624866422001,50.57518329546915
2005-02-06 22:20:44.951753029,1106.253675611042,248.02502719147515,33.436994168437174,118.54723606224431,61.00809216015974
2005-02-06 22:33:08.008116947,1059.7258503718608,242.16448698906265,33.404274048184895,125.29868408775113,56.38124171806016
2005-02-06 22:44:43.701211972,1061.8644964516727,243.5294811012498,33.64628921183641,120.76655398879637,56.493403915797785
2005-02-06 22:54:25.684909366,997.3075974967986,254.77144436824037,33.05092164442176,115.02244857742636,59.53204255138715
2005-02-06 23:02:57.380898884,1121.1039887424015,239.26136178176287,35.034762965744584,116.14099510465788,63.47533905520742
2005-02-06 23:12:43.348930621,53.3836966974584,106.59626669508025,21.467147274828847,111.95400595251027,62.860105572218266
2005-02-06 23:23:21.532895949,41.1088975754665,82.3213028870927,16.48074834782178,95.87863415740486,61.083954963735955
2005-02-06 23:33:39.336948758,31.05578468148748,61.75946444520945,12.227018141497062,83.32156945027945,58.5219819003772
2005-02-06 23:43:51.885956639,23.361066152050082,46.820489730332426,9.361891011844774,74.83734646534695,56.28364044284571
2005-02-06 23:53:35.174349943,18.527608703457197,36.956613133614375,7.51705747981356,69.13200475092042,53.95975293981643
2005-02-07 00:03:59.279777024,14.920818666924978,30.01264070219666,6.2152355346669,64.46848404938538,51.898751565581534
2005-02-07 00:12:55.691276569,1003.2900843273833,158.9768495835739,18.17732635225648,64.17190240162685,57.986191205961354
2005-02-07 00:24:37.029620193,1021.3023669881222,176.01925581867744,24.46825342657968,73.9606646111298,45.177643190217
2005-02-07 00:34:07.542885026,1044.3119286286576,185.039555585788,26.331414832488854,88.4277736769081,49.49121193025845
2005-02-07 00:44:06.702619701,1089.4942015400477,195.65804683850513,28.430150781155117,87.1751666225521,51.34159839219393
2005-02-07 00:53:33.658337534,1024.3676223356565,235.60460641758704,29.54648130492217,108.45837050651002,48.80231203844155
2005-02-07 01:03:24.424394537,1147.3604818059775,231.88574414209646,30.874909598778853,110.03766022809221,62.20088256859842
2005-02-07 01:13:18.649224664,1029.5064090865444,230.5783942010505,32.16921054837728,100.42063354009039,58.422826594512784
2005-02-07 01:23:41.579549949,1199.7518717682328,245.34893164195577,32.14167135715403,108.76960937108333,57.17798045870856
2005-02-07 01:33:08.219510105,1045.7921250566972,238.63568759978287,33.07182447275877,115.22623491219478,60.44129360493689
2005-02-07 01:42:17.930123146,1061.9803536832198,232.74122613205455,34.54712424275562,118.62235995988833,53.85220563072436
2005-02-07 01:53:12.778592215,1077.290283066087,244.7028857291053,34.94895550028007,116.05021162661474,56.62806094717233
2005-02-07 02:02:37.003144483,1074.3074322675832,238.11890994594174,34.38491573313927,111.67364295195237,53.0933573799028
2005-02-07 02:12:21.511344334,1032.111799505448,234.85489119207028,34.61307193960635,120.90805580880718,55.71649439031508
2005-02-07 02:21:56.216360469,1043.3236561478761,226.096738352445,33.03739005765961,118.67278652635228,58.6009342012703
2005-02-07 02:32:15.014779305,1083.8291458590613,249.5280280185464,35.18901704267612,115.30967293631375,58.985689866052205
2005-02-07 02:43:12.116115011,1048.4358091646995,242.13242051994345,34.79520745061358,109.09919712425658,64.7450180482775
2005-02-07 02:53:27.222573549,1111.1564902195191,249.54952830941585,33.87322691370282,111.4869938874356,64.57149787413697
2005-02-07 03:02:34.679441240,980.374401614278,236.97472681539406,32.76894805783021,116.71942899252768,67.85204578611683
2005-02-07 03:14:21.875317445,1092.5262170124834,233.76696619681888,34.59222143637015,125.59142382213894,59.270120554861634
2005-02-07 03:22:54.679219257,965.5550930693689,230.42715389173142,32.72863812614508,111.47544779026673,58.65527339448077
2005-02-07 03:33:42.106848616,985.5172934599324,216.5893138448934,33.08043524100133,109.83760974032839,55.04941182754911
2005-02-07 03:44:32.947159630,1000.5712777614509,233.68549604439212,34.76620626253861,108.33003557302143,59.0003137081831
2005-02-07 03:52:17.894461154,1012.2135741623324,228.8331382659827,33.02324319921447,110.49881920246631,64.91453072574882
2005-02-07 04:01:23.676307866,1134.0158609760574,248.49027595331978,34.068708880523744,109.91926035519076,55.602756107397546
2005-02-07 04:14:21.141564183,1048.640534502623,227.89866692791512,32.66751427909049,122.76288907283181,62.30936609483493
2005-02-07 04:23:00.599392186,1066.7333711726767,237.5602381584213,33.41696869556223,113.26637781259815,58.018130377139634
2005-02-07 04:32:19.938536900,1122.9425557006994,237.54450720163194,33.08806789261025,113.15207598846732,64.47797806550535
2005-02-07 04:43:23.786017520,1112.4098451275077,245.7120740321277,33.28802309497318,118.75055024787007,58.82145579859799
2005-02-07 04:52:38.904574417,1033.055954781393,242.10537967221626,32.99392388646172,112.2297883553334,56.7814351323242
2005-02-07 05:02:43.739483208,1117.4144086841109,234.46322907831026,32.01116591554296,113.14138818851721,62.728817831100194
2005-02-07 05:13:44.597742931,1003.549321556114,232.80613060655352,34.2495642783042,120.14146907617203,72.58853907766431
2005-02-07 05:24:03.385824912,1013.9716955929377,234.86706000607774,35.05828028654393,116.23085027965853,66.20094381320924
2005-02-07 05:34:12.819340226,1054.702930616781,228.81939100215249,33.926559446423674,112.49635500513826,72.21485794529205
2005-02-07 05:44:12.818204168,1023.7552662401253,230.9334617006503,33.000145892358354,112.32651607038265,67.94909085333258
2005-02-07 05:51:46.582048090,1163.1286344184468,232.15462401233708,32.333951955189924,122.54238169590093,63.01612103702875
2005-02-07 06:01:25.631799599,1082.8943562102331,226.02701914426302,33.27714273575774,117.26954442467282,58.914448266896756
2005-02-07 06:12:33.269717476,1109.4979799462917,240.27464205520877,34.11085567918334,117.8757991641339,64.02469931063408
2005-02-07 06:21:10.854046544,1106.968333448549,228.24130386852934,34.00095117641992,120.92581767154321,58.86390685342473
2005-02-07 06:30:54.610242272,1105.514024935681,231.11210880670686,32.86446841127968,118.67742245170223,53.72098058750872
2005-02-07 06:44:10.443548346,1041.9345490952037,235.5476699120965,31.80390853438804,123.28402401543731,60.96288808148413
2005-02-07 06:52:32.450293789,1050.2856762351184,220.2689233966735,32.95981623837197,116.38062079897006,69.76448803526054
2005-02-07 07:02:46.724540846,1068.8212477938966,237.5530073650409,34.65163731528728,111.19162880124644,61.56019507361818
2005-02-07 07:13:28.304234723,1107.5596682619844,255.4176337736181,34.86564011889405,122.40217229460903,70.39942012060635
2005-02-07 07:22:49.399763494,1019.0732732363982,237.24783487273808,32.84811864542456,119.88322637824822,62.14830039989238
2005-02-07 07:31:20.363258290,1066.9591030883084,216.91543505333766,33.59638844500674,114.69445000317397,56.822358306028505
2005-02-07 07:44:34.874588639,1027.063963377504,235.56622545184186,32.46907311033454,117.9496133922044,62.51585712053365
2005-02-07 07:51:06.089002584,1055.9203350681764,249.49092066546484,34.59132907145614,120.86852634885408,67.63930522582898
2005-02-07 08:01:32.052641419,1060.5505468330546,242.35979092768378,35.139454859790305,115.3417072328749,59.75712890891268
2005-02-07 08:12:00.367630169,1018.9219254317703,245.68653539960556,34.90213844309229,114.68977421823972,59.98864926230925
2005-02-07 08:22:29.355439428,975.9889802909527,236.18407175610724,33.74238289986768,111.54482721324537,57.41010675045696
2005-02-07 08:32:04.373854409,985.9477401188554,229.17983808760684,32.592819983259915,117.22969277303804,55.081407525597456
2005-02-07 08:44:46.556576254,1056.2152996573493,222.18946620560206,32.643425400388445,110.5885936839462,61.57759445606153
2005-02-07 08:52:06.444276271,1037.6970644765593,248.33699477817166,33.03630367812582,113.97155437871083,64.66404716608163
2005-02-07 09:01:55.253613114,1104.6122673450332,246.97239852666115,34.401799058150075,125.16709823327346,68.00421613278952
2005-02-07 09:14:12.755820169,1058.1943082882265,225.80433065098754,32.334069654314646,118.4222878665654,65.74939099071298
2005-02-07 09:23:37.519450207,1025.9157263804623,226.92657509163354,33.08959868876798,118.1816625970549,61.15650947154999
2005-02-07 09:32:59.568277469,1007.9278858942778,229.35871792827004,34.21641276470008,127.37313118803633,61.63572762005041
2005-02-07 09:43:34.228900463,1036.3051056146558,242.73650712166122,31.396650763699714,123.9910387670694,66.26113549096956
2005-02-07 09:54:34.188658786,1082.1400087604607,238.5321560927586,32.75919240240994,120.56671383188883,53.514488630392165
2005-02-07 10:04:24.551826945,52.43419467556068,105.0503265126716,21.09193249695,110.72327556479169,62.72573577334944
2005-02-07 10:13:32.993896276,42.16859394493753,84.14764989921196,16.875296279859004,96.8521705044705,60.77687978697266
2005-02-07 10:22:00.800528388,33.15223672681658,66.47995402821124,13.23143759036002,85.75233428769072,58.89236776737786
2005-02-07 10:32:51.553365839,24.54425868356937,49.01490952616208,9.971666474766874,75.74378237467863,56.26809833013545
2005-02-07 10:42:45.892444704,18.898598317742202,38.17000679857079,7.725613029842199,69.47424644821939,53.790456617658656
2005-02-07 10:52:40.935105193,15.566255926425509,30.98534050584631,6.1685583617583015,65.079378758608,51.87011929738355
2005-02-07 11:02:54.732991472,13.18590282274177,26.293735219730028,5.303831613850687,61.41057946056593,49.86750828979598
2005-02-07 11:12:11.058592782,11.812120611155288,23.758296637177033,4.615525291822269,59.07817870521567,48.13712122010798
2005-02-07 11:22:52.565074345,10.95389702138334,21.74031408611132,4.3429415618921485,56.682916510033614,46.310539465419694
2005-02-07 11:33:27.935977767,10.224757704453047,20.681822123539487,4.0772299186818,54.59953770417568,44.877778552116126
2005-02-07 11:44:01.991507497,10.125365055681801,19.99265905220197,3.9783807070921737,53.208486877188264,43.491443554997495
2005-02-07 11:52:45.884776293,-50.811942519219535,-14110767.08196622,-22372434166.88804,1044.2514813421685,6.947412278733978
2005-02-07 12:02:16.797761163,9.852611994134548,19.51379943591865,3.9887991996602215,50.83140490169879,41.334065964036014
2005-02-07 12:12:40.553376611,9.67313311672192,19.467464388398593,3.9100706498611544,49.834494972942174,40.04730112889215
2005-02-07 12:22:52.458094814,9.683126576222948,19.633212623809843,3.8226494311808303,49.014869097665866,39.28707051859678
2005-02-07 12:32:10.857153027,9.630830050666313,19.577390702398432,3.8329588796086282,48.12336733053439,38.418984002959995
2005-02-07 12:43:30.934938962,9.723576480796936,19.684035107141277,3.817013000484916,47.518289509254835,37.629707107274406
2005-02-07 12:53:30.794145039,9.723048270528613,19.782115286195005,4.052793449524186,46.72810032254096,36.85466370301426
2005-02-07 13:02:11.975421781,9.885029537076868,19.816873493921317,4.183765128498966,46.2524305336592,36.5540385842844
2005-02-07 13:12:47.964910442,10.044673683701616,19.86280665235004,4.045504262334573,45.712557299305644,35.948492919184005
2005-02-07 13:21:43.864701237,9.94759665574259,19.897377597918215,3.993996581973588,45.45862345619395,35.573592440750865
2005-02-07 13:33:55.644947458,10.127783017014972,20.06739706294158,4.133262994394675,44.865811927116596,34.93496515723123
2005-02-07 13:43:26.065543100,10.069743004982293,20.31527654378372,4.124905608239189,44.508682058789525,34.63836342890416
2005-02-07 13:53:17.712777611,10.187635669508166,20.376994342235857,4.191584064525888,44.36410019963168,34.31814427942554
2005-02-07 14:02:10.837015676,10.20363194958114,20.342694096104537,4.014744321602098,44.19487071401761,33.94162635508894
2005-02-07 14:13:58.166260647,10.249314624046667,20.51383559525913,4.034492544368116,43.83843696094438,33.818958693934725
2005-02-07 14:22:51.556162684,10.280279559246406,20.449604591974865,4.094452724413587,43.8752068723825,33.807866785469976
2005-02-07 14:33:28.926819462,956.8278111133145,149.5856898724607,18.186535769187813,48.77223553115034,27.656118866033804
2005-02-07 14:42:35.617034392,1089.9852237597588,157.8197965703112,21.620042410502233,58.35988054855544,36.31911926200819
2005-02-07 14:53:09.107288763,916.0481906961543,215.77279690084382,25.032256905788266,73.72280749706763,40.37573669953905
2005-02-07 15:02:06.045243618,1101.5647495752598,217.48734905389517,29.61116080150389,84.64610456573666,44.693057750160044
2005-02-07 15:13:05.528502676,1054.0748927562702,234.0723940427859,30.778289204705978,83.34650426362447,50.662736705398395
2005-02-07 15:24:11.731037758,1111.9815889920933,246.1678385275971,32.45944011011746,101.75528011845326,47.765203232677955
2005-02-07 15:31:44.550585108,1126.4796987384364,223.49261459501685,31.543890084882467,94.6395177526225,48.255995879696094
2005-02-07 15:41:51.418121334,1111.5872460003313,240.1207844132766,35.63069142882912,106.98065692054436,51.79016935959336
2005-02-07 15:53:51.306703156,1080.0212963488189,247.22702469196685,32.97496966035178,106.45195468485556,53.085730913806586
2005-02-07 16:04:19.533745308,1010.9723520134039,231.47190289501657,34.01373669510161,113.26173266610121,61.24344030809304
2005-02-07 16:14:37.932599026,1171.242735639105,259.952544370222,34.239675125705034,111.1072348249576,47.91486116818888
2005-02-07 16:22:30.426715943,1147.3829737645794,248.75103418670918,33.90178676550549,117.3121775007033,49.54662750000212
2005-02-07 16:31:49.169045905,1074.3017936883655,255.22057583438058,36.74763140445884,113.49588340370546,59.1406085422595
2005-02-07 16:42:29.805851317,1076.4005958993423,237.82633812805227,34.87896808089384,124.04617829476848,58.00224991204454
2005-02-07 16:53:42.626545171,1065.244133450366,240.51746850993797,35.105133725590555,119.12595499076885,62.41330336984914
2005-02-07 17:02:46.255931040,1120.0570783167295,241.22420388927574,34.04532045286262,131.2583243873339,63.538772531982744
2005-02-07 17:14:12.773518326,1102.3368028694188,248.3271638125122,33.64878582972347,118.80736124072875,53.843876294504156
2005-02-07 17:23:05.674987444,1042.8241855239755,251.98888163315812,33.534744600073125,120.11068598495167,61.77203073242494
2005-02-07 17:33:11.510376990,1070.2185088353633,253.37629786067117,34.53416555513237,122.11088343438914,66.51506092670105
2005-02-07 17:43:01.231732385,1103.0658440275063,249.1508607068315,35.60813611279006,123.11372082870092,62.089956582942605
2005-02-07 17:52:57.563844689,962.9677356451289,227.2404301313156,35.16579047477923,119.01839920329914,66.0937980618282
2005-02-07 18:03:06.493171849,963.2569034255265,251.3388684696847,33.81531582977571,129.08852844540462,62.46435458492331
2005-02-07 18:14:59.617549190,1052.3060562835983,244.25673492428533,33.22017558451465,118.35990470891362,63.48414433655963
2005-02-07 18:21:44.774632919,1056.5647540957061,233.73712304753803,33.723341832882916,121.04538688966537,64.89597135118214
2005-02-07 18:33:10.095404792,1004.4687656485727,230.8870862568412,34.46842289031842,118.96861362884215,72.92842982052302
2005-02-07 18:43:51.195019675,-6507.919664341779,-3858778.6924353577,6.121941054998999,0.07950679431270961,9848530.915294124
2005-02-07 18:53:09.489759659,955.0437836011847,236.63290834591524,32.686685082877595,135.87708387885272,59.72468637094745
2005-02-07 19:02:22.293759516,979.6130373022353,247.82451333985634,34.18395164435778,127.62684772731001,76.83315999586091
2005-02-07 19:12:22.700894100,1064.823258236672,238.3298103795987,35.93134399770317,128.9775744972146,68.06470627422911
2005-02-07 19:23:19.314034265,1030.0908080597792,255.50472247367088,33.487536972973594,137.99003796976652,71.46339265060064
2005-02-07 19:33:26.268509189,998.5148814667318,233.22616958100934,34.169743635172566,122.12978803746086,68.4136303875104
2005-02-07 19:42:21.645690694,1090.029747810103,229.45300519825759,34.996210312635256,129.30929539153908,69.01198932522448
2005-02-07 19:53:11.139267790,1034.7343788338178,236.98031746726298,36.38862404481113,135.69507666501445,69.81997990022563
2005-02-07 20:01:51.819056684,1151.531514060363,209.7508486395361,35.464401260486866,127.08468685405525,70.10816953621955
2005-02-07 20:12:17.844142515,1047.1516611644658,238.34053259547989,35.05910953796228,131.92213266379224,71.93124355237062
2005-02-07 20:24:37.791354929,1077.030092099184,227.93474635028142,34.115325193058816,127.10278217178653,71.79446217223631
2005-02-07 20:33:52.121319241,1145.3196908612695,241.58378583560216,33.6294113800381,121.20834537948804,58.01544473696044
2005-02-07 20:43:10.450626927,1112.346656439301,248.1813756686828,35.20468934393584,135.2150992549345,71.88717478174812
2005-02-07 20:52:26.235383663,1064.893787748827,253.09425282077257,34.386902470571805,128.4672568278847,77.99886632155332
2005-02-07 21:02:46.531945717,1189.7898025911848,229.04614409473993,32.911604659931726,131.00136701944575,78.95464518452343
2005-02-07 21:11:45.591899977,1121.8387484017987,246.59643043790865,35.02503848200289,120.73719646471906,69.35554137737138
2005-02-07 21:22:30.949999944,986.5790560164243,215.09010459266548,34.7731357311645,128.77622830288246,70.24188902580043
2005-02-07 21:32:38.478355276,1127.721549633847,232.84958468025985,35.05412280946628,124.42116636165056,76.38461491108903
2005-02-07 21:41:20.590845916,1056.795722001279,248.91132331768497,34.888322254925555,132.1163844834609,67.64194115134427
2005-02-07 21:53:49.302862687,997.2030392061089,255.4217191713246,33.49164856757784,129.59444311066392,70.28117002584246
2005-02-07 22:02:28.634907452,1015.3148735972989,220.69944876394007,34.06309787776132,118.27236156494484,65.94904471216186
2005-02-07 22:12:28.053933822,1108.695698178063,249.91790119895344,33.64845932512096,122.18162335814489,71.05689722731621
2005-02-07 22:23:26.337061179,1004.1525338614244,234.90574722134474,34.2316298998753,124.86373732607301,72.56342444600547
2005-02-07 22:33:49.841088361,1088.7234599224103,237.107180855153,33.82768594562856,132.41654392624923,73.8586361328876
2005-02-07 22:43:28.291040399,1200.1697314199496,229.5027296553101,32.3294345168083,128.92552757896027,69.14873130508953
2005-02-07 22:53:24.016804660,1034.5297881787747,242.39173927702794,35.52065811592523,132.22522828819893,77.8213815039646
2005-02-07 23:02:22.148647731,1111.9464215983253,209.71249528594498,34.95198855331173,121.68495300592795,58.66568931868675
2005-02-07 23:13:57.883582092,1060.5903918004915,233.09571045733128,34.27301116996483,125.23719617023212,67.0874829012826
2005-02-07 23:22:12.287407827,1103.785744884704,239.57170567941887,35.02521670350824,128.96324336206624,62.74803830553518
2005-02-07 23:33:24.985168455,1039.0721740029085,239.37564094065422,33.13843235285117,118.61319083254058,71.30414004240762
2005-02-07 23:43:10.623526110,1075.342740589272,254.60417068696506,34.5494859164466,131.78758687733,68.53480486523081
2005-02-07 23:52:53.430084121,990.9198902209677,241.10379655367856,32.11392352173767,118.84413757480091,65.046645430203
2005-02-08 00:01:14.303696843,991.8944077118209,239.59560712960553,34.93467746967487,130.65479038566733,65.2773778317906
2005-02-08 00:12:05.971835049,1052.2634205039242,256.9398750198657,33.756547537893816,126.90712900797463,62.66846739728641
2005-02-08 00:21:52.568628941,1092.8231820751578,253.8017884031322,35.653367685278525,127.540008125371,70.15642165139695
2005-02-08 00:33:15.768921845,1040.947737425702,235.6294200037786,34.460536009879036,122.47228921583863,63.967067285497905
2005-02-08 00:43:22.660194265,1072.3707327047864,251.26920506579887,33.325523465959726,131.4411093230783,70.33747574265477
2005-02-08 00:53:53.178370316,1075.5748248107293,253.32997457257574,33.72364634176126,115.06012123789957,57.44273089555213
2005-02-08 01:03:46.193214882,1130.912708377656,246.6564459935638,34.22128781193341,125.27962476618656,69.96388557852302
2005-02-08 01:12:16.635249380,1005.6454491122731,255.68145656833562,35.07006983269784,131.91367378178228,66.41792230457585
2005-02-08 01:23:40.048974329,1122.7458558649794,230.76115402785726,34.320080783994946,134.08877881178645,67.72839183613854
2005-02-08 01:33:11.369215585,1023.6812628411997,238.85738706105286,35.65151288438965,125.14302199538366,75.58917751692388
2005-02-08 01:42:25.514494025,1077.4839840929847,236.48710686572167,34.09071084931937,121.17821654069742,67.0367501228012
2005-02-08 01:53:10.048266666,978.6092736690173,243.72157033940096,34.21056444095709,126.1302134059745,65.76300368627636
2005-02-08 02:02:42.494745160,1082.6793448193741,227.22166721930427,33.1958904805051,129.83902960268998,68.23465318579137
2005-02-08 02:13:27.807074425,1074.0445509878537,224.82229484303375,33.01009669676909,128.59802537350512,60.526903116529674
2005-02-08 02:23:02.021123555,1077.478229403625,248.3042334320592,33.92779117961544,120.03298636439216,70.57706552058737
2005-02-08 02:33:54.110086323,1033.4322158808775,236.2087092906821,34.15727348986095,120.37051302266744,64.06921485212948
2005-02-08 02:43:02.820635397,1031.389577011702,235.32399153232635,33.32016620084732,123.5179146035343,65.03110273234502
2005-02-08 02:52:07.194123951,1059.0043327703738,221.5532925653332,33.2450820257075,126.76405181205376,63.818861415875865
2005-02-08 03:03:13.628259210,1084.1188294171418,257.50498890065,34.06989313920139,121.88830543644012,69.97765969301727
2005-02-08 03:11:53.737542077,1085.2877252455016,239.45456066746422,34.53019621192604,120.70280612301137,57.31601700051731
2005-02-08 03:24:10.976386946,1050.9625431364043,232.49298576265707,33.992488148148134,117.66526984596021,60.321140805646074
2005-02-08 03:32:59.330291786,991.9856856713507,224.90696067451736,33.449386370011155,114.76544264716121,62.86875961901047
2005-02-08 03:42:58.484269256,1011.6229122392269,254.3300966334267,33.44673180678624,121.00892052161474,63.11518041216005
2005-02-08 03:53:35.883232624,1138.1214740086402,241.70306064253091,33.107834861829446,124.53390654712628,68.68020374130123
2005-02-08 04:01:26.848507466,1087.6125002707558,243.13646746406363,33.089489931105675,124.16553886763933,56.62730532423685
2005-02-08 04:13:21.195093972,1059.9462358528865,240.44146370999076,33.90093791425862,118.50997615955238,61.361608890996884
2005-02-08 04:22:52.618740885,1070.5267835114596,237.11220974901627,32.62610118992164,122.08630926975894,72.5614357192866
2005-02-08 04:31:56.983971353,1131.4932805843446,231.26707876652677,34.12265754689854,108.36728592900599,69.65785887572564
2005-02-08 04:41:26.741755384,1177.2317413763617,226.37831317808227,33.81485565609744,119.51134352584161,65.960399452693
2005-02-08 04:52:18.845119481,935.3315436130612,231.55975952073672,34.65022851950473,121.37767519179128,62.78661726213136
2005-02-08 05:01:56.832258658,1118.0596865337313,240.93067288349073,32.508838967378125,120.61128913113721,55.08004418221269
2005-02-08 05:12:55.169740589,1084.5177016311516,255.58245874860575,32.63560765715377,128.45117224149863,62.8935351284338
2005-02-08 05:23:12.290734803,1046.509029677528,232.38205230868394,33.01969286987739,114.68612556697494,65.48271568719798
2005-02-08 05:31:59.244996052,972.4830851628125,241.81456153418415,34.201214373359555,119.42541742880152,56.378449413207164
2005-02-08 05:42:52.460651303,1130.1520735714623,231.36190165819707,31.58612188094336,115.93406787488401,67.07954244975464
2005-02-08 05:52:00.224873681,1072.9501918186363,244.7966933930355,34.23226228515866,127.64848415416287,55.73198795433426
2005-02-08 06:04:09.154594396,1117.0944793157175,224.31796089427073,34.61581305789956,113.7643559073794,58.248368327356665
2005-02-08 06:13:21.159811625,1021.4940049940068,238.1818076889238,33.88185931476546,114.4253695425868,62.15067840442183
2005-02-08 06:25:19.551827631,449605362.2308311,-1730383370.7024643,-5674771158.013237,24854.83428326974,-0.33660476056738564
2005-02-08 06:32:38.651585335,1009.2514095253348,241.72357044027666,34.87515196590305,123.85557028136262,62.14538560264754
2005-02-08 06:43:31.506692288,1033.262186521898,230.3628681672141,33.62793886473218,106.59354895789124,55.8684744027763
2005-02-08 06:51:25.351232048,1142.085030672436,245.6673813868342,33.09109805081596,122.16592053851343,56.78732453025221
2005-02-08 07:03:38.403265705,972.4156784852219,251.7118720609968,32.47130856715538,117.64674991199142,58.60881774122322
2005-02-08 07:13:38.454379974,1108.2155676680238,246.8331651843095,32.71458024989766,114.43040224531467,54.577031191084444
2005-02-08 07:20:43.209021238,979.0405774653663,213.19873060780327,31.197657766605293,116.78851340055606,60.32449607337886
2005-02-08 07:32:40.281673090,1003.4459290723579,232.64931757742838,33.6063146115957,118.13315222523266,54.93963397939434
2005-02-08 07:44:28.828485301,1092.933953470652,238.5180060123845,33.59613037768386,118.01821604885293,64.70771065962899
2005-02-08 07:52:47.713276936,1082.157919790584,238.42993516859673,33.048321490471594,112.93078555919709,64.5738320776719
2005-02-08 08:04:12.316049520,1195.5026253535907,244.9798891084872,34.55400710142625,111.39664166297527,63.55685664274906
2005-02-08 08:10:56.900896665,1057.2172302626773,244.86494085604284,32.339934786256926,118.63183729169931,52.92852369637517
2005-02-08 08:22:31.614393057,1047.9712525415925,250.0037883686163,33.91230033183991,116.731812539814,59.87330368864544
2005-02-08 08:33:55.657679972,1129.7340434982707,237.21617171543193,31.60638499809219,121.16525224039471,58.95992602906383
2005-02-08 08:43:52.564056054,1113.9894680497557,252.12952875928926,33.171696440246635,117.78486767439738,57.10053244332395
2005-02-08 08:54:10.612345329,1076.2844705217801,229.72622995083154,33.158301776209406,115.13407784402104,69.16937166649058
2005-02-08 09:01:36.106726854,1107.143243971049,250.0120024338235,33.499725822285626,117.46951546610386,54.85189861141321
2005-02-08 09:13:25.144957466,1096.5551312472933,251.45690643750086,31.515725269878015,115.99876059527969,54.85038952905808
2005-02-08 09:22:43.012026417,1006.0845462390837,233.79794894514148,34.329844417595034,118.41911648409604,65.03504043412144
2005-02-08 09:33:25.681728758,1095.0968436164019,249.68125884794688,33.921829393099394,124.69549228007354,70.51212069090116
2005-02-08 09:42:17.601711937,1077.270804497216,235.89638699081092,32.93725877411718,112.75516095328827,61.81575242802822
2005-02-08 09:53:30.623381447,1015.7051197483198,246.05103218396565,35.41673099660758,112.23914715939127,69.47401440198487
2005-02-08 10:04:08.074276579,1046.7031459002453,240.42242529178247,34.90930851965613,116.75596011411074,67.86442200191833
2005-02-08 10:12:42.612314260,908.7118857379962,252.18273891885147,33.0251879345094,116.29041993734158,58.04142975946311
2005-02-08 10:23:10.070674538,965.9674929094764,229.85990888856702,32.03675467331891,123.1984098829125,55.597178120587095
2005-02-08 10:32:20.813287388,1075.37990975867,262.5698704359073,33.61017216613634,116.79156247099841,70.4179478266911
2005-02-08 10:41:37.470506408,1028.627344397448,225.0260018372648,33.17708743086202,124.43562144131849,63.50150090035826
2005-02-08 10:53:21.301351089,1108.2351561458288,250.04876240289627,33.79143954831729,121.8211247042179,62.69372260952335
2005-02-08 11:01:35.295031079,1051.978225504034,230.87329802271722,35.28881768220482,125.47766595795453,70.81131058488273
2005-02-08 11:13:40.155237814,1121.0301612300213,233.59435679987797,34.9318024860313,121.68961105224507,56.894327979959264
2005-02-08 11:22:51.116328523,-88.67847750674193,-291532.86268921057,-14.830731256075609,3.919619746974904,-9.946714652805387
2005-02-08 11:34:18.356434878,1097.256656613183,258.5775536796804,34.429868351209976,132.29498464469876,67.11045520148144
2005-02-08 11:43:20.583817003,1138.095748485577,225.74750554406785,31.994703265896412,123.55547374952373,64.21704206346077
2005-02-08 11:51:46.391660668,1053.340645420166,228.13207816488384,34.206003277667534,122.98583700878422,61.842694820014174
2005-02-08 12:02:36.982215054,1063.4086627031318,239.8535310883821,34.33025947557879,115.17836545263572,66.40442471914672
2005-02-08 12:13:48.065381252,1013.6054539528217,228.49997511161948,32.18265002307311,126.75745025283449,62.231135812613864
2005-02-08 12:23:45.137557296,976.6506508630458,253.736436656779,34.22345902834199,129.2554990550855,72.33657529140467
2005-02-08 12:31:35.364881501,1060.721558083752,241.80964859743648,34.09566043773563,120.117154555605,66.78094505288261
2005-02-08 12:42:00.866398979,969.3596077856589,238.3245582817777,33.60335219365997,114.388758115064,64.2160809794446
2005-02-08 12:51:50.748196243,1071.6788067141304,242.62592808712034,36.679917683807034,120.37921380454031,67.42586819397548
2005-02-08 13:02:13.124276806,1085.8564634325635,222.0771473943892,35.1719804824075,128.15997116029092,70.35964965733406
2005-02-08 13:11:03.337166959,1039.0407274843458,247.04483594829117,32.66496480272348,127.19170543732727,72.6611627973891
2005-02-08 13:22:58.656642314,1038.0046321338668,233.87242525621704,33.16702322221759,125.74018103880148,64.75713644134244
2005-02-08 13:32:27.243980660,1121.4857167663704,237.6597183340056,34.89842662041921,130.39782581741363,61.93110486060028
2005-02-08 13:42:14.834926939,994.0060373871154,240.9407165806165,33.800205143167545,125.79338552867395,69.3278140320292
2005-02-08 13:52:10.603589416,3920.1377286083243,-1191900.3748126489,76.76471086168016,9351249575097656.0,6.347545985700403e+24
2005-02-08 14:01:39.763810446,1071.4595888094257,250.57593177101379,35.08024110651728,134.09763134106964,70.17224208999866
2005-02-08 14:12:20.333781473,1066.9508770187442,231.25721129376495,33.332110388699796,130.32907988224767,64.52455178581108
2005-02-08 14:22:09.969858913,1099.0825385405915,259.96424612017745,31.464964472800034,126.87397810820282,72.43937131847571
2005-02-08 14:34:32.860312642,1054.071140789194,235.11908005607344,32.67602345142389,119.96859537789685,64.62669648727277
2005-02-08 14:43:52.574031866,1092.9524209316573,243.42753631703602,35.12652119688074,132.3519468811358,68.6022532043964
2005-02-08 14:53:32.761282665,1137.0385425147033,246.22681731928358,33.15409799513415,128.8504980786726,68.36955964810235
2005-02-08 15:02:09.634146166,992.0476385235795,241.14031747805407,33.381803416218226,125.45948423377949,59.405858325539896
2005-02-08 15:13:05.643334021,1080.177330357111,244.25718816586337,33.28981261594018,132.52810191664608,73.1655073629112
2005-02-08 15:21:10.908953984,981.7925902861523,241.76479888792866,34.47354659222742,134.66607287362422,79.34279470936255
2005-02-08 15:31:33.606740568,1002.284420271199,248.65193874082394,32.5621264436764,134.88642945571834,76.2829230805244
2005-02-08 15:41:55.055655297,1009.7978987563542,247.76390996992282,35.83523793113279,129.53531248507204,62.89476665119642
2005-02-08 15:52:30.645305960,1129.2447482351101,246.33248019596945,35.68320840040519,133.38434071207908,72.73017527715726
2005-02-08 16:03:47.529207496,1115.3712164995416,233.28996039601896,34.18487958772566,126.45077904061817,70.290035163621
2005-02-08 16:12:52.479365635,1087.7234601095263,237.24822209111537,35.534706171102805,132.62511491486492,70.60034654577265
2005-02-08 16:24:17.902389936,1013.2185618509958,243.09639660547083,35.804016604617885,132.71439711311464,78.02192663764966
2005-02-08 16:33:24.849360717,1025.6243405012342,239.38690085716942,34.0503727066051,132.87572654596335,74.93105503123039
2005-02-08 16:42:22.790054800,1002.3385079574883,245.22132818764132,33.91044819670852,137.05483177043317,68.92451862045384
2005-02-08 16:52:24.984586095,1083.6374879787716,229.53471771532216,34.734988692446414,137.3053213950463,76.24519471565742
2005-02-08 17:01:56.545154615,1118.7612652347555,248.8995647021536,35.39329676814107,134.33787620111738,72.93295509867473
2005-02-08 17:14:11.663353388,1023.3489512111929,215.37907418554914,34.45565368124767,133.61627441895303,76.685520520322
2005-02-08 17:22:30.148170959,1039.1798116279242,238.60433826490356,32.18292548155487,134.761081599619,73.90231695388466
2005-02-08 17:33:12.204406259,1102.0615644169054,226.8417161637131,36.42001174242352,132.13396524960683,74.640349254795
2005-02-08 17:43:46.460742021,1009.4081325917755,252.65451498805984,32.69250628723714,133.6280358605822,68.40572905063104
2005-02-08 17:51:13.849082425,1106.2742061612364,243.3738616152194,33.967081608021374,135.94658422530446,72.31084236063865
2005-02-08 18:03:01.053052763,1049.1702098718574,249.37190875539835,35.16344726462904,128.06165849488733,70.59070638795762
2005-02-08 18:13:28.287105493,1094.332417531281,244.654872177334,33.43117247677382,138.57748922715476,73.48469665403968
2005-02-08 18:23:27.723786675,1059.6076264321905,241.174490886797,34.010468093407205,135.29222134770572,77.99532273300241
2005-02-08 18:31:12.225481265,1033.21734146067,239.0407996619931,33.840256832229045,133.21883319329677,73.93956160640568
2005-02-08 18:42:56.521441933,954.2586804119792,237.79475171031498,32.54088476269871,126.28513017076443,81.08385004388045
2005-02-08 18:52:44.301603902,1029.4531613561358,245.06403028254894,34.26797078760225,136.2340291268389,74.4854264240124
2005-02-08 19:01:46.060567140,1013.658727015531,235.68255570089005,34.195700470973286,128.4238346132174,69.79596394343741
2005-02-08 19:12:11.046819932,1100.1958348492703,249.37401852881337,35.450886888966416,124.87670419859337,78.07793665912362
2005-02-08 19:24:25.580345832,1010.2141990207753,238.18621069080166,33.06625276791427,128.87920217773566,67.61492949958208
2005-02-08 19:34:17.716317144,1086.6219380945483,236.8360178987282,34.94647708819005,127.9782106065859,73.44090032270407
2005-02-08 19:42:35.111721378,1054.3241726276,246.53269624369005,35.19879946925323,129.49272650164306,72.58317777424632
2005-02-08 19:52:15.400911022,1077.4376493673653,246.8632879640052,33.57333942961731,135.34667834389563,63.36636145351133
2005-02-08 20:03:19.343058899,1008.6503436560005,234.47549333129834,36.287703079505896,130.89738375965976,69.27325921443894
2005-02-08 20:13:19.038591295,1056.7880616293894,244.84297602206416,34.9589593513861,129.33058533433837,66.78963392875562
2005-02-08 20:22:55.640246236,1086.8088349922862,242.1233203059669,35.639662976641574,139.2048822816014,78.20082505946407
2005-02-08 20:32:43.914195338,1075.4555163922923,235.5285571985296,34.909195434327415,123.0715579934264,73.02330663096514
2005-02-08 20:40:52.813548796,1031.6116346037143,241.7520519567911,33.654215231737666,132.25813537844397,76.20551897532488
2005-02-08 20:52:32.511598210,1001.6458174827086,222.73043436306628,32.97739667437779,129.94041465228165,68.957141536844
2005-02-08 21:02:49.568681813,1073.1400067459742,228.5126103906202,35.32544759153811,129.50941948605595,76.7992588759638
2005-02-08 21:13:18.178670111,1057.950139920158,226.6447837957797,33.392242125263664,130.99771655504688,73.02913289777888
2005-02-08 21:23:11.445368423,1030.2526732400288,257.4033206099246,34.177564574904764,128.37449454340907,77.44640211835008
2005-02-08 21:33:07.806062284,1068.5203413517354,241.19830554070649,33.70389739435588,118.47430303007363,61.894719412302216
2005-02-08 21:42:50.967492682,1018.0659779768586,231.0244461227199,33.68847185197934,129.34411045872082,71.48679524178843
2005-02-08 21:53:16.141315458,1096.1589861602858,237.35554139273535,34.76129203173253,125.08277888198262,62.33783438138438
2005-02-08 22:03:38.451803935,964.6892579347676,244.8052004471234,34.62913703476932,127.09065736263415,72.49005456238332
2005-02-08 22:11:54.649151522,1049.4423021798882,234.55520804519864,34.21303407503852,129.21407567271865,66.21849060595609
2005-02-08 22:22:14.388426571,1064.8050705334256,257.11600405947866,33.620780703718445,133.1414698479712,64.80058634422946
2005-02-08 22:31:41.786747459,959.6845563162403,250.90834192961051,33.43728741843371,128.69451072126475,61.050997128140274
2005-02-08 22:42:33.881758647,1062.1793971059162,226.47578088581074,32.9003005374485,132.04596273544465,57.13170057765991
2005-02-08 22:51:43.348988006,1099.0957510133303,243.08274894662443,32.81471654307393,125.98007183085215,67.99345955346047
2005-02-08 23:02:41.912394695,1098.9965997523277,240.76303361314672,34.84438795401037,135.11423690087187,72.41099715937645
2005-02-08 23:11:47.659052923,1065.5048145025962,232.13105210329047,32.701041380357964,127.30075578353059,77.93306581759583
2005-02-08 23:22:27.080057252,1050.1159757465362,234.24134587384236,33.14461659915925,124.99891407206472,67.77105656651001
2005-02-08 23:32:59.806475306,1037.3950803297944,240.25759710285402,34.654379738335955,128.73444527244496,71.71136068214315
2005-02-08 23:43:58.250461266,1038.4208785392912,231.0196478221545,35.034250397001806,125.07933805759865,63.94128367519278
2005-02-08 23:52:48.317338272,1103.146197849285,227.62242028679367,36.12240588408821,129.08581911300686,75.79535268670784
2005-02-09 00:02:57.517078191,1022.1210839861513,233.80667220947657,33.312156149136236,133.01466625969624,69.40566476850162
2005-02-09 00:12:27.731411629,1025.2913366036087,253.75943518911643,32.94272761760569,118.24327759013447,65.67825272999012
2005-02-09 00:23:44.344517829,983.5559400602097,237.57505732337498,32.752960617194304,140.26506148039752,69.6515085947928
2005-02-09 00:34:02.411650531,1021.0301990765344,241.40896141005737,32.5700094310934,124.38140685891344,63.7923160357329
2005-02-09 00:43:34.537340107,1016.172778108767,230.6051265773234,34.41008179530789,120.2069314018141,66.08677883138077
2005-02-09 00:53:28.890079290,1049.33566792711,235.35685869319153,32.31168455670313,125.54031882718505,66.75941519303092
2005-02-09 01:03:14.302172603,1050.9335316929391,244.6470618874843,34.438155709824386,119.1937950979063,68.83332439836684
2005-02-09 01:13:01.273938303,1084.6856305557149,234.438729956975,34.55975994246916,126.11196957296185,67.71378667009239
2005-02-09 01:22:27.715881291,1050.4782862205298,238.2438518473748,32.7870540821649,126.38515369123964,66.58769259391215
2005-02-09 01:32:55.739436634,1063.0871584042347,235.31894533708004,34.02904222561469,128.33533239500326,65.72038612868154
2005-02-09 01:41:51.690535965,1170.120824097825,248.76073699944874,33.225952573225186,125.0914025215893,67.48034384409011
2005-02-09 01:53:24.139145367,1110.576483748481,231.52644566035667,34.57091831427011,121.71457803773514,72.68255669744602
2005-02-09 02:01:50.514396038,1078.064660438512,243.50846104631074,34.33545523240031,129.80600005055365,62.55701992216388
2005-02-09 02:12:38.980586723,1061.4674641784704,242.7566839237249,34.69335103592184,119.58344706312585,59.86602840477287
2005-02-09 02:23:40.207164528,1062.2724225101488,233.15093195272465,34.4946335928893,113.84117076771985,66.2956201193607
2005-02-09 02:33:35.718156830,1014.7891478834222,249.74763072446535,33.99554053458889,128.7293631132425,68.63360815952795
2005-02-09 02:44:35.386997263,1099.3641982874494,237.08764063196705,34.743577216070044,131.59828422672945,70.05609201238765
2005-02-09 02:52:14.944583749,1114.0738338571841,229.62798516962604,33.47288701303883,116.62538887405321,62.39524472701628
2005-02-09 03:02:59.834622262,998.2532687013061,254.97363062793534,33.40273839542732,122.55290309683016,58.00672614110149
2005-02-09 03:13:58.463064513,1050.2812259879684,243.6828045190619,33.93981550849575,115.4912072499282,68.34480747009515
2005-02-09 03:23:18.664631976,1108.5294451594943,234.7140448841936,32.28922180815764,120.34904295451577,58.82565919165262
2005-02-09 03:32:59.896493004,1116.5443177685142,252.43432621009478,34.0844121103807,114.14644099664702,71.5642854690731
2005-02-09 03:43:28.778043191,1056.640735722111,233.62839029307548,32.446392479022485,129.03931330557475,73.6421970786868
2005-02-09 03:52:21.890217224,1099.0236026278924,235.54545244173835,33.086478892806646,125.16133559239601,62.298497988829375
2005-02-09 04:01:49.379000548,1099.521031693611,227.91443158139887,32.50536910417248,116.51297735662446,65.91976124033056
2005-02-09 04:11:14.288838103,1007.6349529059635,230.33586160371527,32.039239443128004,131.90883860947278,71.10248110308459
2005-02-09 04:21:27.569457435,1027.262564586866,223.98679509622096,32.70177955225973,128.47780837095354,63.64290500557189
2005-02-09 04:32:09.857989187,1016.9679299306798,218.3440546621439,32.57641135882572,118.9102136338853,59.452077708125
2005-02-09 04:44:27.266893810,1060.1526616811352,239.00495076313848,34.0280229105664,123.77800427388179,57.127346630770845
2005-02-09 04:53:04.998332644,981.7652678302416,238.23778783624942,32.98808572050422,125.70407809025471,53.696798774451146
2005-02-09 05:03:30.321779811,962.3352880193418,224.6786641482138,34.566954606313,114.7600992934185,64.13520732869642
2005-02-09 05:11:00.168053697,1066.3171735348617,233.0468665855684,32.416954995453004,113.18095774047012,63.162938719585995
2005-02-09 05:21:12.292605692,1130.5861166316545,237.13229264267153,32.088261133563584,117.99372416264985,58.41861187286233
2005-02-09 05:32:54.247858895,1046.0883511545892,239.70951233281818,33.11146368739316,115.76458184129436,66.3010204667062
2005-02-09 05:43:49.528394317,1096.843898665689,228.22929366535521,33.648521821632706,120.42169736527626,55.00540338282916
2005-02-09 05:53:04.594988126,1062.7542735740603,242.08120210892704,34.1447885785638,112.26270074023175,60.30040684983474
2005-02-09 06:02:51.013429230,1082.9701857835767,241.875255213792,34.02816387680065,122.45540887498208,64.21897975461972
2005-02-09 06:11:29.246431817,62166318.33204569,3.610501093988172e+20,1442758113.3981147,3.7184238045819873,6.229963555441881e+19
2005-02-09 06:22:59.460139639,1163.4311337641939,239.8053881898988,32.68300802175177,115.35444753264585,64.04034926297233
2005-02-09 06:34:48.257640233,1022.0322846903601,223.83712227996963,33.31135023502877,122.12705992450653,65.69563436378151
2005-02-09 06:41:21.417482126,1062.0054806249216,234.09237260886368,33.4377235907707,125.88203700389948,58.780766085481666
2005-02-09 06:52:43.671915437,1121.7880112155808,232.85768438468656,33.92023325439161,122.95291218250846,47.77562573119329
2005-02-09 07:03:41.425788773,1041.7324821374898,216.64944683038888,33.310561216574136,105.96305812538233,53.114435960879106
2005-02-09 07:11:28.254921861,985.7131772981096,224.7643056443003,33.52558354445633,122.74335643883914,67.53357319443947
2005-02-09 07:23:01.109219934,1081.052312173033,238.7021021059503,34.426231149051894,118.99732849995117,61.23015331209517
2005-02-09 07:32:10.991758861,1061.7380678231953,250.32951255580392,33.7736736229518,121.30183960899457,51.82238445428385
2005-02-09 07:42:05.297613249,1078.8591043829265,244.19646279506608,34.98839581067587,118.24370591076554,57.33812653064372
2005-02-09 07:52:19.899667114,1043.9566044175722,231.7343931285042,33.12897800565109,122.3576533512333,66.98149713146873
2005-02-09 08:04:22.035413384,1049.5839557823138,230.63141404347024,32.44230100727766,127.47066493395333,65.98092263947748
2005-02-09 08:11:09.054716253,1087.0158698918492,242.0252088137136,32.85818124489728,124.69145260326012,62.844849941362725
2005-02-09 08:22:58.999912578,959.546296803999,232.17832557707072,33.64947911862139,115.81016435069998,61.102236201335586
2005-02-09 08:33:59.186431295,1076.01580448452,243.62349539307337,32.9919699005437,125.1883661427022,64.99951068618114
2005-02-09 08:43:25.831784230,1034.5623405206181,225.79703480720335,33.73266613119901,122.15029187324527,58.67168086119108
2005-02-09 08:52:21.987540854,1130.321153830565,237.0169398805333,32.41895635199528,127.7197487997297,71.68196677469112
2005-02-09 09:02:45.285023846,1099.2227613883513,212.21132604382598,32.72623136644063,109.76375078689962,56.52749727846572
2005-02-09 09:13:29.641250115,1063.9138682669586,239.7355051920141,31.486409136496622,122.16351144419605,65.73514520303354
2005-02-09 09:22:31.950618042,1076.2212330790012,240.06662988669999,33.0490455757716,116.59405512174295,61.93617236977239
2005-02-09 09:33:02.125780187,1084.0938833515193,226.34897215507306,32.41886316164563,117.85112506187969,66.14189327300969
2005-02-09 09:42:31.037054474,1017.286979569931,237.54817323900548,33.33595510236368,125.04195540611607,62.18834017521687
2005-02-09 09:51:06.683465214,1071.8523788557297,237.72838636290007,32.759015908478894,117.86935419053613,60.195582125183925
2005-02-09 10:02:08.993840378,1064.697718178381,236.76984090543166,34.03235609795145,108.44064364382548,54.97638419185067
2005-02-09 10:12:25.883284858,1062.4467461348138,260.52692075772126,34.424742516000705,117.12725378549328,58.05639055357362
2005-02-09 10:23:02.613832539,1046.3246548254137,242.05137557967225,34.2959781722918,122.95713366646287,71.98397831989404
2005-02-09 10:33:53.666706281,970.8817075064103,238.1869490228314,32.16579913898298,124.41433460199036,62.980863991131145
2005-02-09 10:43:20.368075023,1066.1008753514227,243.22404997779557,32.94355085104693,131.51535800152305,57.749518892823424
2005-02-09 10:52:49.376816077,1064.9620451642356,265.5057538672323,33.2579350916171,113.86603454212427,71.78829765641898
2005-02-09 11:01:43.734629041,1015.8577613360095,247.12236629109736,32.28303511509844,121.4117396031533,66.62632806356196
2005-02-09 11:12:27.676448126,1055.66952462007,227.56356956304091,33.44672433347044,122.6293626833876,62.51525500797858
2005-02-09 11:21:51.166349012,1040.5055493967518,239.95641803119213,32.632797847011005,123.05998218856884,63.77959859533715
2005-02-09 11:32:56.527053038,1134.6511296827641,234.37011752564885,32.51397047095318,126.14977230655012,67.35217971722685
2005-02-09 11:42:11.253406249,1058.2392838990622,229.69595666046934,32.99467826902959,122.65936170634266,61.20098466659673
2005-02-09 11:53:15.863526633,-4.781607885178879e+26,-2288003078666516.0,6.716466342595551e+18,-1.146625376195785,40261.14711806658
2005-02-09 12:03:18.657755054,1057.2735954359189,253.0909176530298,34.0124533002659,120.34652492649874,60.15025364274857
2005-02-09 12:14:17.104309501,998.091561940508,239.40905964098283,34.71943229705971,122.29986315172043,70.99723698381247
2005-02-09 12:22:04.338177251,1084.8372525985853,245.4244669563804,34.18418929168947,120.2672933106176,66.58115180219059
2005-02-09 12:32:28.361037246,1060.5799315332658,232.31780163243502,33.4455061288879,119.22521880153784,64.68289139851613
2005-02-09 12:43:51.805305204,973.1172825099856,219.53462015239506,33.567891532768904,130.40148199037753,59.457444809857726
2005-02-09 12:55:13.301279517,1045.4904436737013,239.86577477147767,34.580293316958276,119.2471975861155,66.47955203709746
2005-02-09 13:02:58.630899123,1030.498306453824,249.7111748429908,32.71145826732401,124.54858297410861,74.89006559122294
2005-02-09 13:11:06.161095275,969.39775457892,245.9569512651957,33.48610106027949,125.16544288793256,67.71427291758266
2005-02-09 13:21:52.668972793,1037.5681799086842,235.20091616998283,33.64463652980462,128.151321249731,65.3792188378718
2005-02-09 13:31:31.201595171,1102.304164840677,233.87904074607394,32.12871088359703,128.20806072344612,65.96635897926456
2005-02-09 13:42:42.931703558,1021.5899633239302,247.42555314225365,34.75186859705947,129.35915446307126,73.85771701076042
2005-02-09 13:50:42.812231575,998.9289562916147,246.9546793280347,33.83663358765982,128.28261079120455,62.689142047082626
2005-02-09 14:01:15.443819376,1026.8453887720555,232.17842605859224,33.7767540950603,123.2617941085273,62.615529968847014
2005-02-09 14:13:38.916000808,1052.4958525510674,246.46352875243147,33.3321890773572,134.75605354192248,74.41746356518289
2005-02-09 14:22:24.358962022,1045.8373057409858,225.03234224072796,33.15869534501194,130.88732350066175,66.01116942546463
2005-02-09 14:34:08.817881412,1013.2019408669679,250.30299232013962,32.86394413865653,129.96088618651663,69.51638619951986
2005-02-09 14:42:01.067769737,1079.2191819257616,234.3979522413194,33.60819933634788,128.8977589238257,73.95249763326949
2005-02-09 14:50:39.939240443,1014.0488475743772,227.95982922912293,33.07890597479426,132.9559600298365,68.08422659149647
2005-02-09 15:02:47.949418839,1041.3679421813156,238.3908715619104,32.99315538703534,124.32100282745421,64.34909345949627
2005-02-09 15:12:43.350055968,1075.7251023362012,242.03849699841416,34.511282233176374,131.8965631038117,70.2026803894029
2005-02-09 15:23:14.247867219,1071.0357555439468,244.02419560375586,32.40972309285922,133.15117404730074,71.4331180021173
2005-02-09 15:33:04.023177969,1018.9843944033812,237.65504686896367,33.835297408267124,126.70340844694422,70.59940333300999
2005-02-09 15:42:32.365419464,1081.5724098420574,247.14765271593572,34.04439214671206,128.88669945621874,76.71391777955445
2005-02-09 15:52:21.530887262,1124.591887593734,244.3384886592645,32.897489750061276,117.81521795783942,70.31792458899577
2005-02-09 16:01:57.016300061,1124.7398953685008,237.88704484389407,32.96039055016655,129.71185399819424,69.30672768012246
2005-02-09 16:13:38.343639457,1049.201574612715,236.67958507008728,33.87997136663575,137.64416251563168,84.17695154423585
2005-02-09 16:21:42.315102111,1085.635237733685,224.77165133633835,33.668810871686354,128.8670112439331,74.75008371753447
2005-02-09 16:33:23.070769001,1058.4498435802184,258.3720314724198,34.7658178274619,124.1239430458669,72.12686980651263
2005-02-09 16:42:29.189565179,1104.1411652172167,231.85189142556214,33.372693419317194,134.0050385019471,68.59726453142676
2005-02-09 16:52:48.844835385,894.2142176583411,243.43600266549242,34.749739016975596,125.20750868818183,75.44720543933478
2005-02-09 17:03:31.728630001,1051.3654684385551,241.84812762477983,34.706358587539846,128.06535150576224,79.07139055905282
2005-02-09 17:12:41.672429735,980.7321520093965,239.38607577890326,34.52207836836791,123.64099582247687,74.74666145410116
2005-02-09 17:23:47.742474965,1098.507113177728,262.4759141500512,35.398095197777884,135.99105891619013,73.42879911615573
2005-02-09 17:31:28.757656889,1055.357786559678,242.20762373088735,36.63291494681209,137.04292882698508,77.31425740545599
2005-02-09 17:42:43.136968157,1112.2489575875427,230.68137015158428,33.00873637278815,129.6413889621009,69.6333330449437
2005-02-09 17:53:53.526853600,1048.4942214742184,256.136241075288,34.954735309259874,133.52222034139612,74.11996906398228
2005-02-09 18:02:57.649134297,1108.9116782773542,239.69385957723875,35.816570556096934,121.21409349829611,71.09094062914964
2005-02-09 18:12:25.812456983,949.1335385877054,248.1334920142227,34.02191836289973,142.04884527260722,80.16337480855367
2005-02-09 18:23:11.631989669,1059.177260680399,243.24699357633017,34.690167572247574,139.59105699756134,68.97557222400734
2005-02-09 18:32:15.330670871,1134.8500822552921,242.72252500600607,33.49495063766208,134.41443273501267,83.58219960618284
2005-02-09 18:41:26.637606993,995.1184619524485,234.46771034107704,34.75860340637037,134.70183834702988,73.55324539894495
2005-02-09 18:51:32.615925418,1099.0987313014386,241.4585420575254,34.77397280422648,138.89960341785456,80.88455331634256
2005-02-09 19:01:49.631326110,1089.394631675334,242.3228757894547,35.23389308480617,132.8848302343448,76.35761957855952
2005-02-09 19:12:42.165360294,1056.6249702951332,249.86311979139518,33.72585662517285,136.53883816134237,78.37015948191244
2005-02-09 19:23:45.006275004,1115.4982126658715,220.88513233531344,33.737142254093854,126.58849336540133,64.8271324233391
2005-02-09 19:33:45.763457892,1038.1357407659812,236.70631025180873,34.67269989032529,123.20551454597154,72.23488341412866
2005-02-09 19:42:03.515564340,1195.4440233028768,237.17943454440297,34.08716786464672,122.80022064328023,76.1400202889638
2005-02-09 19:53:31.944948913,1119.3410219653622,256.03581214364067,35.29109362224453,126.5159770861959,72.41283482831685
2005-02-09 20:03:52.401816371,1059.578410272975,260.6985674165137,33.23532947093398,131.10755314817905,61.938922156729824
2005-02-09 20:11:55.331912975,1074.691334766491,247.83749827761685,33.62710552567934,142.20859773764948,71.73022565648637
2005-02-09 20:21:07.624666554,1100.6520298911103,244.7271425849471,33.288080423089035,134.3950460002494,74.44951516371844
2005-02-09 20:33:38.935910313,1011.228702561451,239.4767268939751,33.387673142658834,128.7564828724682,68.77793573530472
2005-02-09 20:43:00.853523492,1135.7357072552493,228.4929844993233,33.7586322118498,131.8719345541873,77.13882571899202
2005-02-09 20:53:08.795674670,1022.3714208757506,259.4126358379553,35.62676645703471,128.9561250341023,72.43539419712384
2005-02-09 21:04:23.156687413,1117.2641789190102,242.56487056868687,35.09009666121452,123.17820083590456,78.93159908051015
2005-02-09 21:11:53.508011485,1049.5075297175733,245.7601283137155,32.92057141756495,134.84608521132336,80.31396826516585
2005-02-09 21:23:43.991045550,1119.452750320838,252.388136483486,32.780151482554906,125.6056002970954,69.01019264603971
2005-02-09 21:32:57.185312119,985.1169283010338,241.3364941261606,34.344151016851185,135.45207482390347,81.40693457685225
2005-02-09 21:44:07.734182487,1042.4593747722893,255.6110793849319,34.12057393697104,132.10089535360362,86.15850828818805
2005-02-09 21:51:58.389061867,1044.0760033048182,242.23853355228383,34.78274552735752,134.44567122137883,73.26538874395546
2005-02-09 22:01:23.347460101,1066.543791046816,238.14176422339693,34.89578554544482,116.95834641954254,68.68940764856801
2005-02-09 22:13:18.767603920,1146.197289787743,239.96041231828576,34.50688652757584,131.54418677702466,68.7388669698036
2005-02-09 22:20:59.844611807,1028.7099420236525,226.74069341498964,33.12984625647599,128.1348953072284,62.070798980994624
2005-02-09 22:33:29.090706552,1079.526244805848,238.18565253292846,32.6778634354617,126.60197290467072,69.23086704177521
2005-02-09 22:43:06.433450932,1024.0275611327006,236.15640574801904,37.03954055089835,125.92595618747639,69.02449543673006
2005-02-09 22:53:07.793804350,1088.503513064618,240.64113956898439,33.80177300118125,125.94811045930757,66.52046468632261
2005-02-09 23:03:25.246294715,1045.8009542607415,232.27432323558477,34.43765671052699,129.49432379611062,71.2244131334492
2005-02-09 23:13:38.781437103,997.991144651147,243.23801873600564,31.64831997796094,134.52029461693442,74.38312238049933
2005-02-09 23:21:12.874121183,1027.0161172668438,233.1981238102486,32.02069738969822,134.30544229617146,70.59649347695098
2005-02-09 23:32:28.145698607,1011.8824436633471,246.21308479039428,34.51517583565613,135.48052442173676,63.64618179752757
2005-02-09 23:42:14.074183598,1111.7007558811083,239.7788237291993,33.629037307588,121.81985373347581,68.982445104549
2005-02-09 23:52:21.119415356,1059.2165091295471,255.43395854783415,34.21934087934778,126.69922771744892,67.32330582459288
2005-02-10 00:02:20.318879321,1025.323574995327,248.08843061860105,32.52066050069149,128.3698354800254,70.75149682351315
2005-02-10 00:11:37.318398032,968.1589335972076,231.66873723349596,32.95834581674572,121.96439091981019,75.48641320121084
2005-02-10 00:24:06.535609143,1112.5329853172668,252.35896603596493,33.14516311619548,123.36785326775554,75.17508768499943
2005-02-10 00:32:49.157211693,1072.0850725731968,243.47371512607776,34.995669871227,134.28206277161524,70.95016048029098
2005-02-10 00:42:49.156884032,1065.5803617207669,252.86179521625752,32.59389970242083,123.39993623058834,69.79787971149317
2005-02-10 00:53:43.226993743,960.7017007105572,243.9302072789469,34.93021167265708,126.95409468090844,69.54909959050987
2005-02-10 01:02:54.260449404,998.1900748886871,236.99981330534155,33.91078038185973,136.14541305334646,84.4788046061804
2005-02-10 01:11:48.064661408,1038.074376901671,229.76248068429112,33.51815970954187,117.6992643726781,68.21957142709196
2005-02-10 01:24:42.073060157,1088.7488762808937,233.9734854979349,33.966193108373695,118.6958899992755,65.4239691104109
2005-02-10 01:32:34.525137625,1061.8771794055667,231.46284772532272,33.62094928971732,123.53325916976341,67.3468664731227
2005-02-10 01:41:33.684337823,1145.8546554285504,235.96430592403487,33.32445663303719,123.34315703472349,71.5468682573777
2005-02-10 01:52:45.063608545,1023.4193729107064,226.99232818617153,32.89276697151469,125.32788742674461,69.05542737043106
2005-02-10 02:02:21.968182198,986.3388757956773,225.38532482434115,32.97633601034025,130.19717879457602,71.40796771979568
2005-02-10 02:13:46.645521358,1144.4022320393096,253.23817838503044,35.06077606785938,132.73266714768423,71.35106075884168
2005-02-10 02:23:56.697448352,1069.4258755367155,240.06464342238903,34.98891987694605,119.63894439944458,63.495426348477345
2005-02-10 02:33:42.041397343,962.6614034399977,214.4124394406459,33.28573215710598,121.64688710387351,67.493767930542
2005-02-10 02:41:07.119323473,1075.1938921334615,229.47355726725687,31.605796595677518,121.17994001023179,67.60427876476813
2005-02-10 02:53:14.147731168,951.7870373780192,229.87697818804247,35.37782883717697,123.60590858996088,65.68481009500132
2005-02-10 03:02:24.333055615,1142.0125653087152,221.3332620195251,35.217281247950986,127.82585209679547,62.483569794795315
2005-02-10 03:13:17.214518666,1066.689818680324,226.38073998660485,34.78141972893953,124.5025109875823,70.31581679858284
2005-02-10 03:22:29.547865105,1135.7874019220815,247.7828819818027,31.688260572503896,116.87655078634147,63.45478625101415
2005-02-10 03:32:47.664839614,1041.195377324444,238.4445184224747,34.841842411056994,112.33141870356799,71.73798732014028
2005-02-10 03:42:02.941951886,-0.5980610218656995,298941.9112553053,-1.1730741072828577,-67249800.33535832,-272890291596992.25
2005-02-10 03:53:09.907224136,1044.628472245251,230.77905916282347,32.182307282788116,119.14651471802667,64.57095226563615
2005-02-10 04:02:46.275750903,1110.4108472313467,234.05522587339468,32.87587359614212,115.39757079347045,62.23166552267878
2005-02-10 04:13:57.197681168,1002.7818600939546,245.79341699901056,32.41071854008078,120.33327177906624,62.26489818449405
2005-02-10 04:23:03.418615969,971.2301278565789,242.9700941725249,34.264218617689934,119.10674019801496,68.25805375212516
2005-02-10 04:32:33.115033182,0.6032732502773474,55.77722875652487,1081.457123243699,38.96099366849722,7.68879897821138
2005-02-10 04:41:24.134071486,1052.2541017513697,240.45325780600066,32.784993430648626,123.67645881162122,65.2629411227136
2005-02-10 04:52:09.825130982,1095.695695892089,239.24499276516568,31.90520265119132,122.5046769796869,62.04865738626773
2005-02-10 05:02:36.357087598,1133.8955257449243,249.6475771906085,33.84606736530281,123.06036246507468,62.048827480123286
2005-02-10 05:13:59.958178557,1026.7804850281157,234.17953194617309,31.797237963157173,120.3448382198869,67.00180548406445
2005-02-10 05:22:47.618546107,1117.1576639692955,234.26433987274052,33.838638627787155,119.58774497951559,55.54433407010098
2005-02-10 05:33:50.759148408,1066.5244990386525,225.14212737449847,35.457363975385796,116.18698132492385,62.430193561200525
2005-02-10 05:43:35.448857480,860871.6845835368,589220.9931580337,91304.81435274496,-48464136.4917168,-1.087793470163757e+34
2005-02-10 05:52:49.279655844,1102.5056831474615,221.1925927776585,32.087556476981646,124.0394756715627,71.77424901658715
2005-02-10 06:03:19.743125966,1041.272041917722,240.92073817916054,33.971368745217504,113.37764069017689,67.18529273602013
2005-02-10 06:13:16.871589706,1007.702519589067,234.47461695602559,33.044248901369414,116.6038613233425,55.11523984414712
2005-02-10 06:24:24.169942926,1070.463180918445,237.57545709501167,34.11441785130332,115.19864964637237,52.722284683442
2005-02-10 06:33:13.054582133,1064.8980997609626,237.50351606565687,32.38929753605599,117.00928270158502,63.46917601247991
2005-02-10 06:42:50.504980563,1079.7904423935115,237.56566373375009,32.87137291146931,120.03613068712322,55.69900753139073
2005-02-10 06:52:31.745314998,1031.6941202953847,217.70620408984792,32.331311544658675,120.57800298646023,55.46883561334344
2005-02-10 07:00:29.449189890,981.9916337495904,232.45614358381806,33.18163767501257,112.7672448839445,68.66010170058159
2005-02-10 07:12:14.822783145,956.1213408063844,237.22873094549874,33.543205713259205,112.90968050817072,60.31485276985057
2005-02-10 07:23:06.668428714,1046.0315905306336,216.82630292606473,32.84485863709309,118.97350367157709,75.22539282004679
2005-02-10 07:32:09.755496988,1123.486680181605,251.3387455565043,35.57539598191571,118.0422275986016,60.74420429220325
2005-02-10 07:42:08.264448481,1037.593417929591,255.57202386865643,33.37779750428718,109.50888055834346,62.817571397239654
2005-02-10 07:51:42.695629608,964.9490464904998,229.20480265467938,33.1656232035716,117.78881399871634,70.61562660982499
2005-02-10 08:02:45.183180272,1027.9342065508624,230.59637072907898,33.292587466879716,113.84313469767092,54.39664747820784
2005-02-10 08:15:28.044835858,1012.3204702665472,239.62743482339727,33.12586357347836,113.00075779893803,60.252472428083635
2005-02-10 08:22:44.305881105,946.932752059456,212.27772747989744,32.81878361635032,115.37345167015268,60.753239299622315
2005-02-10 08:33:54.320620898,1028.533704594959,231.64787311141183,32.568271794064614,119.77555997341489,63.7800939018701
2005-02-10 08:42:39.669303763,989.8527464057729,216.21503244429533,34.094502298143375,113.43703163455895,58.21972659323295
2005-02-10 08:53:04.459627214,997.4198028005956,250.62299215955974,33.44418693409121,113.61045734440681,67.31486844784759
2005-02-10 09:02:50.321103664,1126.2827038418252,242.5020949095053,32.6806678979652,114.76032288344373,59.635001667006044
2005-02-10 09:13:24.849353792,1097.1786228073247,227.66052559428638,34.05565820679824,118.31334589439379,62.2082908950685
2005-02-10 09:22:23.182239604,1079.1691986166002,222.65895864008877,33.4593500716481,114.67178536412555,65.57243709076145
2005-02-10 09:32:15.102828616,1081.0285087938523,230.81193014972717,32.55016855818482,115.6027152067026,58.742894028900224
2005-02-10 09:44:37.244972614,1027.5094671848822,257.60584955175887,31.743655705559224,121.54611350162078,66.11202084070169
2005-02-10 09:53:03.694083185,1038.503303022296,215.94878369394132,33.00688529143502,121.78322891424367,59.44392474064849
2005-02-10 10:01:34.787598063,1099.4062271252683,238.24228643334445,33.342305870482484,124.87165341977601,72.38409795390253
2005-02-10 10:12:33.412688768,1134.9206340497253,235.01520917697385,32.10851714878177,125.23663833867373,65.52081416150973
2005-02-10 10:22:06.668831654,1080.8164532083722,223.1959586268915,31.685904096124343,127.7795326138104,69.9774589955266
2005-02-10 10:32:13.201062689,1123.508643325761,224.41193632519585,33.57999353970322,119.42386390670553,64.73547939509027
2005-02-10 10:41:19.247581117,1063.261572451091,232.97186333468488,33.56135187191593,117.30430492824534,62.843121955754754
2005-02-10 10:53:30.801368896,983.7001472344716,221.54460237611053,33.592690633096595,123.78457127482196,61.258125338654054
2005-02-10 11:01:06.495396677,1000.2392975034666,229.344983450439,33.87579853261445,123.94537095471618,66.4686615363075
2005-02-10 11:12:08.191895940,1141.7476296311183,242.52413695316497,32.824945454138565,113.96436574160573,63.77421338852459
2005-02-10 11:23:52.195598335,1020.8423431349679,232.1823854453076,33.97304628709281,119.92121562779904,54.49179075040583
2005-02-10 11:33:05.118263810,1112.0832652268502,238.04022066974846,32.869592858999525,117.22927416148373,61.69980743386332
2005-02-10 11:43:05.830327105,1114.557442550712,248.69534841833132,33.66888796808949,121.43150198307923,68.62825646230395
2005-02-10 11:52:25.007402216,974.3823951000492,251.26657929566275,34.07049397390268,128.68809515586005,77.46659821305116
2005-02-10 12:03:32.954255656,1034.552420463043,237.3010344520111,33.700143623006554,122.54241871070084,72.94966114276076
2005-02-10 12:11:57.063596913,1097.7966342228622,250.33937313386954,34.11855213870557,126.13490505778539,72.70530775564163
2005-02-10 12:23:06.799856090,1091.7969759869948,255.02358171580417,34.80573222923686,120.89653410692128,65.0270531300803
2005-02-10 12:30:44.953952195,1105.5065317805497,228.20176792571854,35.05673494518134,122.20139639404748,70.0011755370311
2005-02-10 12:44:38.103018347,1059.4253641919788,250.0944421836009,32.25834905948379,124.88294104891631,73.37884302688718
2005-02-10 12:51:46.464663718,1010.165114064923,230.32259840910885,33.549822901532444,117.7215101871141,75.95491556550436
2005-02-10 13:01:37.763875855,957.8895358898619,237.44899269943315,32.383110178709,118.59790194155353,59.80404317949406
2005-02-10 13:14:24.448365209,1108.7326288415597,242.54048752684582,34.83229797317417,128.3503720123189,68.25970509818936
2005-02-10 13:23:01.331813764,1084.1174114339267,253.53205627206006,32.89602616906692,126.73596433236705,73.16618858831646
2005-02-10 13:32:25.460285287,998.1915020891626,233.34970681465953,33.883875611682996,128.2347140119349,64.093555847486
2005-02-10 13:43:15.835484806,1057.687375367829,236.6432858505728,35.06300363948489,129.56821317137693,67.62346805990514
2005-02-10 13:53:51.231730415,1088.8813743677604,234.58350493348664,33.97695133469872,126.92179418303711,69.27264662653546
2005-02-10 14:03:13.672232620,1058.3135813216397,248.48476734394248,32.470356757102174,132.463463508846,67.58201298467883
2005-02-10 14:11:35.357874453,1170.4588088547987,237.46443406386845,33.51110015310233,136.91074417467917,74.6555621231556
2005-02-10 14:23:18.003472320,1030.994046328647,218.78785242852783,35.33120862900114,135.9226928895996,69.58700475077734
2005-02-10 14:32:54.318373890,1062.090594741074,237.38211780863827,34.22163478741284,122.3434686385343,64.55580540757383
2005-02-10 14:43:35.758192351,996.4180406851823,240.15673489050107,33.570559093628205,118.15860298909693,71.64791805662435
2005-02-10 14:54:12.893391069,1064.0454843522546,225.76170400499808,31.408787756180985,124.38530647954005,66.19258408146877
2005-02-10 15:01:27.809887974,1075.0199425268518,245.53322578467453,32.66376468512828,132.16217036238675,67.05703445989205
2005-02-10 15:13:21.514127647,1006.7675609816644,269.4070260707255,33.67843762987052,129.52586921607966,68.62359998464247
2005-02-10 15:23:56.073756451,1070.353589097369,228.57747008126455,34.02059519673042,122.67861352070352,80.5510658876576
2005-02-10 15:33:40.928163898,1012.6244301635436,248.42311171691827,34.31672559780622,125.2204677102317,65.05169751524032
2005-02-10 15:42:41.665637687,1101.0968073086656,249.2759415633599,35.328300958036266,125.84635604058849,77.54630339279363
2005-02-10 15:53:45.574565403,1088.6126750380758,210.85343928570595,34.755559302932866,131.40308819268367,75.48038784097457
2005-02-10 16:02:28.676812326,1090.4965679226075,240.40164768718188,34.852426394021585,122.0035861637489,67.58806064013424
2005-02-10 16:12:52.892091518,1102.8616689805604,242.74154156078512,34.28230932814201,131.22517680555478,70.0355048612688
2005-02-10 16:21:42.732877753,991.8474977035033,255.27417882897618,34.53248016362543,132.00771170294638,75.065150410249
2005-02-10 16:33:48.860372860,1017.0426440582988,250.21515545242312,32.80678063259255,125.74083772372542,71.39380027539734
2005-02-10 16:44:07.939584180,1042.2949723115123,256.7807025337814,35.06346514228889,132.22919719225266,74.94118079460569
2005-02-10 16:54:07.195967188,1089.5633818488077,241.49815420587927,33.37026640173216,130.5848061279985,72.3769013077191
2005-02-10 17:02:55.922178584,985.4702663500145,229.755184679514,35.00829403044897,138.53258859881248,73.24380974331747
2005-02-10 17:13:08.583974785,1013.8426446428755,242.16450723754375,33.168657357610265,131.69242412085717,71.45734752579162
2005-02-10 17:22:11.149593542,1046.0948661832279,247.7133451099098,34.272662873731775,126.37923961052181,71.71754849294454
2005-02-10 17:33:48.712092261,1091.8483745375777,225.8669331635232,34.56591267494638,137.12569565550342,65.95756405867495
2005-02-10 17:43:25.507577866,994.8387031866041,256.3498083147492,35.150547813409126,131.1441716500273,78.65172324656868
2005-02-10 17:54:34.416980454,1077.9235890087255,239.76832936374404,33.94775799787091,124.66905824315386,73.85724781008503
2005-02-10 18:03:49.669564078,1003.2729480420204,244.9180281095562,34.33931706015671,131.34662740655165,71.7233533139962
2005-02-10 18:13:20.777193185,1054.343928027933,237.94159096936986,34.90477494229511,132.2121140264135,72.71438436365501
2005-02-10 18:22:54.648484896,1114.1729793976342,242.18136596991133,34.4964774823001,127.3055749067759,67.27608494410605
2005-02-10 18:31:15.034514321,1056.7427278811838,223.91474889677704,34.24104743267066,131.85398149042976,71.43104646593207
2005-02-10 18:43:30.816224766,1079.8934451526745,227.03271548388275,34.75498499250944,131.257000054696,80.95612384571598
2005-02-10 18:53:23.087085056,1069.6500325002562,240.5542163883173,32.60300085956918,126.69330056150135,71.35638355720215
2005-02-10 19:01:32.443461772,1024.0445004624667,238.87069002726753,36.766862771967645,126.75995309949383,78.80809952065036
2005-02-10 19:13:42.718117055,1051.7878957938601,249.70951375449292,34.460573389826074,124.992467220547,66.17359171534942
2005-02-10 19:21:04.626371407,1135.9493411455435,241.29543735380145,34.637565024749556,133.51977303046695,71.87551441981579
2005-02-10 19:34:27.448777075,1082.0116642732312,237.51496916814403,34.17597952156454,126.79241407731152,74.42599434310014
2005-02-10 19:44:39.840481855,1011.948592800346,237.66442358909484,35.24052280039204,131.01889563560442,71.74654815626178
2005-02-10 19:52:34.682090944,1017.8945324522222,248.00868047058194,35.90453698949667,129.8220995877301,66.50926036553204
2005-02-10 20:02:35.404447274,1072.1799106128944,224.36748592482672,33.79353649503775,135.14997789136908,70.19297689202352
2005-02-10 20:12:20.602410435,1028.7432139475764,259.49075722747847,33.86150446551547,136.44418667867336,74.32348873289583
2005-02-10 20:21:25.464241100,1052.584980634494,254.3053675660755,35.71043308394063,132.5108254758325,84.28178602704517
2005-02-10 20:33:45.087576540,1061.1287612656238,250.41735600121788,35.51319358331462,130.28921455497763,66.82730527733803
2005-02-10 20:41:42.693553521,1076.3008965275908,251.54622323869862,34.489764489778985,126.2650149324313,77.55075899710519
2005-02-10 20:53:20.087545686,1030.8994107792114,237.25345190257138,34.527291671005344,135.96496602594505,75.65667729046096
2005-02-10 21:01:29.715839559,1088.6951070065024,245.35049187424596,34.54009626198988,136.7314606347412,70.10106041400776
2005-02-10 21:13:28.100439107,1135.6138705157161,253.78538971052612,35.195006532925206,145.17055274559095,77.73241351527929
2005-02-10 21:23:55.393017943,978.480056098736,228.7217632583243,32.77437206940008,128.42063639373114,65.01193028007289
2005-02-10 21:33:05.009737992,1097.4658741578687,247.57105371121133,32.81646521196649,131.8064071359339,72.64758658009758
2005-02-10 21:41:25.483826519,1105.9135089064025,235.52082721238202,35.14938422607524,135.4497805302791,65.85175732140586
2005-02-10 21:52:31.309987754,1020.273734654266,229.06517349936655,34.281188112628996,128.7555179707781,63.96566724867277
2005-02-10 22:01:23.816707510,1020.7481043061954,233.7078983083845,33.646503504622565,131.79173188338297,67.28295210893073
2005-02-10 22:12:59.399942180,956.2440507387232,240.43673846322437,33.70034444661101,139.4745482902731,76.75456718567911
2005-02-10 22:23:19.159367625,1055.3891788932872,250.8206311852126,32.887824486337,130.8081418477876,71.0991038319404
2005-02-10 22:33:45.746389905,976.5649685166428,221.62236781083595,33.799740026086994,129.7925694268855,76.86760517770354
2005-02-10 22:42:16.296011719,1087.5126345662268,248.9974579234175,34.220974619804515,128.8390631239732,65.86738048696473
2005-02-10 22:50:45.053694195,1103.0793209396606,227.08928004818702,33.052316969483925,126.14822783407898,71.00203948523281
2005-02-10 23:00:38.987588740,1165.0364775699288,242.93969938141888,33.939310167266,133.77406923509645,70.19194627088886
2005-02-10 23:11:55.553551502,1063.990461149717,241.97988892432096,33.97005148956937,132.5715176000921,77.81632888620562
2005-02-10 23:22:07.959313433,1095.3039912625131,234.83717212719256,32.805160751995764,126.70189173779565,76.24176128852392
2005-02-10 23:31:56.946823296,954.9292955822829,251.24239185076186,34.43680685341851,124.95338595959088,67.34550285395552
2005-02-10 23:43:22.553751512,1024.6417873128025,238.80060457484524,33.7918361419743,133.00763017531906,71.12283767195991
2005-02-10 23:53:13.091104326,991.3482874680149,235.94914983424243,34.014669577611066,126.45676453496583,66.29083570836289
2005-02-11 00:03:45.357721431,1081.0119592252956,239.0263480208013,35.683289465507556,129.83285274635946,72.66249524607578
2005-02-11 00:12:41.930655515,1045.570403393053,237.59324008801073,34.78583971557923,126.35086906212629,67.6046035212951
2005-02-11 00:22:24.247471777,1001.7800522274101,246.80028344090812,33.55060789044581,128.03878936198095,78.243950314959
2005-02-11 00:32:59.093551605,1030.3299443909646,234.22803026675936,33.290364396105346,127.92900408325217,75.31938298515863
2005-02-11 00:42:18.335131728,1099.434673224831,247.35579782212943,34.612552821851466,118.9036032599344,65.71603777211583
2005-02-11 00:54:24.743427073,1088.1129777648325,235.8154924870978,33.90655817953048,127.42732963338521,70.38597357930617
2005-02-11 01:02:30.354027805,1026.1349828980574,256.26273184800084,33.98151526880001,124.69282610452125,67.30460186337973
2005-02-11 01:11:32.859208771,1033.9711016209665,231.3458550492869,33.5646912751329,121.24023551693773,66.8337742385413
2005-02-11 01:25:49.649143034,1096.0918795509992,235.50437845719247,34.293771397329344,125.29342383859169,58.621860176791124
2005-02-11 01:31:10.181420045,1028.1618307685387,245.2224428862349,33.40942932978952,118.58150236628175,66.14652582392202
2005-02-11 01:43:57.898784880,1001.06443316774,226.05763562654494,30.79722294130839,120.28752653762584,70.65531845758424
2005-02-11 01:51:36.893331468,1028.6038769611255,252.02796944123457,33.005666051119704,117.10658402151603,69.3947750149753
2005-02-11 02:04:28.736116068,1112.6500604559774,231.65867616022675,33.903091700523646,123.15609328003602,62.42324622341329
2005-02-11 02:13:44.496874625,1058.8718741706666,227.57771401823126,34.89061677700043,115.84624169733901,62.92620932038505
2005-02-11 02:23:38.760576803,1087.8593150537304,250.1511730959876,32.88878021853953,122.8905948440659,62.12147939210365
2005-02-11 02:31:41.770699441,1086.4242083905485,244.45609985860793,33.60330519798079,129.62716936825578,66.52666639757878
2005-02-11 02:41:49.005786165,1089.0739422489414,225.18096534622606,32.70505682032518,123.81719384736601,64.37859927133384
2005-02-11 02:50:23.595369275,1074.5982621182338,237.99381558918455,33.37378465870603,123.93279247638206,66.84635810315108
2005-02-11 03:03:35.969832870,1105.117102793959,237.92658796088668,32.21031700425862,114.64292216622466,58.959967253395405
2005-02-11 03:11:45.320383879,885.210800498434,231.25998564487668,32.65449785139188,123.28920546551768,64.63381111699087
2005-02-11 03:23:55.706753408,1094.0927189061954,220.94578327348887,34.2845168135824,113.20181952748581,63.635089016385784
2005-02-11 03:33:50.114810451,932.3110377379703,226.99565922895235,34.17704594240168,118.01171516627514,69.51506197693504
2005-02-11 03:41:35.623411155,1100.6231507946786,248.04072109135154,32.44261066370478,122.92020277979631,62.813352429302995
2005-02-11 03:53:50.652459400,977.646630448292,228.68367221667097,32.00801051354783,125.05051311607225,62.259169934756166
2005-02-11 04:03:19.361020073,1091.475356636652,236.66636887813533,34.323590448834224,120.0410741987121,61.416332859539835
2005-02-11 04:13:10.782294690,1075.296777249154,230.2125152887158,33.37283999572313,119.4333626887255,64.02987055404816
2005-02-11 04:21:28.269152049,6.988660315637133e+31,13.698040420078817,23598.3128990756,-6924083498.978823,-100.47303635791597
2005-02-11 04:32:22.596010819,1164.6410240273758,232.371111524754,33.984165699431585,122.18905055508112,73.43062151192268
2005-02-11 04:42:03.640071206,1021.3217591729344,232.08253661608086,33.89158262528014,116.1222120905218,66.3168822232377
2005-02-11 04:52:17.315369094,1021.576814708995,233.1136982405716,35.044210072203875,118.90305852003107,53.528982990769784
2005-02-11 05:02:37.770754776,928.7895797168323,222.25443915121528,33.75185772086874,118.37807388207776,65.92749873068732
2005-02-11 05:12:12.321662086,1600.8558980064013,279.64920765481764,37.47595381529392,121.14226396172339,64.57435035892506
2005-02-11 05:24:27.525900362,1668.746585429018,297.66932551027213,37.204109041595856,121.9973477328855,51.84674328536579
2005-02-11 05:33:32.498117292,1476.5546742792203,302.7663272813438,36.939235946094755,124.09964030688454,63.7423287363638
2005-02-11 05:42:40.978578343,1542.290760812661,327.1407302624245,35.01618514619953,126.03436358273744,67.33558907330695
2005-02-11 05:53:36.587448611,1438.8554506921394,321.2715098710483,40.18062773388153,133.37492873337416,68.64763480208474
2005-02-11 06:03:57.953048587,1575.541963956527,305.62471486308885,36.59323871296863,128.5602664583281,69.45793967877997
2005-02-11 06:12:14.078334248,1551.639665994273,297.8909322458635,38.28767423138643,118.50784283931856,61.28404344758799
2005-02-11 06:23:08.014119937,1170.8350864349661,243.96597437487478,32.64686516933377,123.10334927404105,64.32562524413737
2005-02-11 06:32:45.059410625,1106.600286147424,249.99853902002909,33.618112864898514,111.58505507369769,64.15034530990796
2005-02-11 06:43:24.078970956,1041.3355180568105,251.7296539217726,32.852167155651856,116.9154968934649,63.067782985577225
2005-02-11 06:50:35.828566434,1011.9713016638547,239.533437691246,32.88091567717902,120.92736662148818,66.62555947463939
2005-02-11 07:05:08.990336195,1071.8388984727321,227.5452181818688,33.34458024123858,118.91663055035973,65.06005953976069
2005-02-11 07:12:39.556492558,1068.605045476729,226.4959928387154,35.273618004911626,119.2365557891715,60.38218475315713
2005-02-11 07:23:50.663182780,50.54485348503497,101.12021304113044,20.092595837622994,106.66561321498585,61.08433621482352
2005-02-11 07:32:51.835483141,40.15449642657153,80.4100085679002,16.14519809083914,93.12939674579492,59.02278701929274
2005-02-11 07:43:40.085365102,29.526556386652715,58.980741402679435,11.898905581901184,79.98527679207996,56.33975039143926
2005-02-11 07:52:10.751171148,23.289999818173847,46.431126286125405,9.203334301672042,72.77775275872474,54.1843448063958
2005-02-11 08:03:48.954741985,17.1246257659711,34.27188519906241,7.105022292242709,65.7117391964515,51.318593309130556
2005-02-11 08:11:53.745818893,14.630279586596597,29.190673939979238,5.944731223944772,62.04864340901066,49.41871437423829
2005-02-11 08:22:17.430230045,12.29046111699286,24.522461803134284,4.933594840058443,58.35021593878536,47.3476253042135
2005-02-11 08:36:10.358501226,10.580659863134345,21.196913017594493,4.263946088366239,54.89064989353516,44.400946955836886
2005-02-11 08:44:51.991707869,10.045816168502448,19.905978556328147,3.98290498035055,52.869478411313914,43.102294832588115
2005-02-11 08:52:45.908039703,9.60633979603803,19.263115933603878,4.01331761133028,51.43526939697766,41.922296835527185
2005-02-11 09:01:37.949402254,9.445326073936597,18.67372895330823,3.7115415257226547,50.12521815854352,40.2943227629024
2005-02-11 09:13:14.698089694,9.141615717476181,18.435015029510467,3.7275144636988014,48.471668670969706,39.168217267048306
2005-02-11 09:22:31.262678452,9.198481017397048,18.171259043176587,3.5088093739711086,47.209860374864554,37.84059101292843
2005-02-11 09:32:48.335018076,9.138162288052946,18.004306672662413,3.5723802456062064,46.23534263446567,36.84131562518197
2005-02-11 09:42:12.040232753,9.17528777338319,18.137332973014104,3.609946014737068,45.262691501578566,36.147478419891684
2005-02-11 09:51:25.339854392,9.038749512283486,18.05465381661962,3.5941579289293637,44.50395965567127,35.15115586748136
2005-02-11 10:02:46.496111634,9.17162996633307,18.170477338048926,3.590142580832359,43.59614535564838,34.34221783713921
2005-02-11 10:12:04.613349533,9.131764429602415,18.15456226659791,3.6192588987082535,43.06431472381979,33.49547926489392
2005-02-11 10:21:55.955826068,9.260243373506025,18.506630675566722,3.7815162974901635,42.33322781607511,33.13521719189139
2005-02-11 10:32:16.834348634,9.213692358478374,18.31589190765074,3.557797430846021,41.910703918068485,32.34463231151041
2005-02-11 10:42:26.642447030,9.25667304269631,18.515348839004126,3.693642132432509,41.310938215245756,31.909174524335086
2005-02-11 10:54:39.287342393,9.465275210037197,18.622037140492026,3.624658190716911,40.708052631259896,31.307027080639195
2005-02-11 11:03:00.013108521,9.39797614860213,18.96550748760873,3.80393512709728,40.584069994411585,30.972609019603635
2005-02-11 11:13:45.729847761,9.461018810926566,18.78722968232555,3.873389977888067,40.241609024927,30.864677691178834
2005-02-11 11:23:11.428851077,9.359558149226716,19.002217934229563,3.820450332238966,40.2176234340364,30.582717664848516
2005-02-11 11:32:02.478811083,9.483351033287232,19.150959287371784,3.7587251374418678,39.860871707268984,30.50889367916167
2005-02-11 11:40:52.030900147,9.596520641786759,18.96749147484953,3.717432988120872,39.71970114792557,30.184253264593707
2005-02-11 11:54:32.196195169,9.550469409633873,19.134104665281036,3.754346832676635,39.49529786061781,30.05404389177934
2005-02-11 12:02:36.763046215,9.62594259538989,19.255793453284603,3.8541012799947745,39.48567141153155,29.78676245057089
2005-02-11 12:13:02.388237859,9.70549477546006,19.341227522367827,3.8075875207372647,39.3950040424992,29.997036168316022
2005-02-11 12:21:17.144844235,9.69842268624262,19.357880291720637,3.872441701035261,39.3427520182847,29.752937330453953
2005-02-11 12:31:05.303971375,9.67839075815796,19.54057005528656,3.9520238220247816,39.32823403425618,29.97211875351856
2005-02-11 12:42:10.038587705,9.835781014391667,19.80748367601408,3.829110508593553,39.29516145240604,29.53892612713741
2005-02-11 12:50:46.132494876,9.801578198918046,19.869017187239372,3.8107461147560753,39.39207325096205,29.65548122826668
2005-02-11 13:03:05.263357601,10.000759394650013,19.939826542307625,4.035368518327575,39.59862358951443,29.73564021263925
2005-02-11 13:12:09.571338736,9.988751156460756,19.976779806738854,4.076805094524107,39.68395627884926,29.850239402576594
2005-02-11 13:23:17.240987570,10.076802418309102,20.068726994780725,3.9873696975164226,39.67893854603387,29.781089066761314
2005-02-11 13:32:10.553725346,9.944459836107557,20.0666776147629,3.8357942222811836,39.662978552223024,30.027121863316808
2005-02-11 13:41:48.706770560,10.146468547367103,20.191364693043024,4.044007092053052,39.85765718254591,29.934648847082133
2005-02-11 13:52:22.113756083,10.253583178879932,20.258935314735076,4.034031913599845,40.09041544028016,30.30620014282667
2005-02-11 14:01:48.445867003,10.137165794341469,20.284955426861544,4.183252379628135,40.29106570525103,30.189302207387687
2005-02-11 14:13:28.555463768,1022.6937105276328,159.2768718045531,17.810940061020027,42.82567454916392,31.9438743116444
2005-02-11 14:22:03.495996662,1046.2854765993684,201.02732882406667,19.863384862824258,61.94847888380289,18.238946464492265
2005-02-11 14:33:18.631588673,1073.6872717323276,184.6521993219133,24.8436835510611,65.01661971162794,40.10437915619164
2005-02-11 14:42:39.843296289,1012.9993965659033,208.26053576955255,28.833013820720453,78.67798466201758,34.73686682345641
2005-02-11 14:54:10.485220611,1030.307428550448,224.99687130241398,30.896981176370492,89.45809418129497,41.64115078063903
2005-02-11 15:02:34.559487307,1050.7128915161682,229.68783850565944,32.92905862929549,105.57342696720632,46.00259076315264
2005-02-11 15:13:39.163050722,1043.0891623394712,225.0056674448873,32.78568077418132,106.61139799217914,54.80932425729969
2005-02-11 15:23:42.328933609,1123.1149298401047,246.03358570426153,32.815031997921814,109.08882975180447,47.37826413268672
2005-02-11 15:32:33.759745073,1012.8514382550135,240.52431022948045,33.55481749176282,113.56410262846762,56.29473017972848
2005-02-11 15:42:20.013091705,1096.2154086526702,238.07278513918146,36.37603698784153,111.46745055384592,62.787754667698046
2005-02-11 15:53:05.063483551,987.0890856674895,240.17519192751004,33.68342474211688,103.9657272981749,55.353233914301335
2005-02-11 16:03:02.559096566,1079.5252555903803,243.19644303196773,33.9790539093877,120.5212773722165,63.51651916689908
2005-02-11 16:16:09.541979925,1019.999297690672,256.6464784002409,34.933657371080116,116.74381404214232,59.051991827507074
2005-02-11 16:24:58.973332409,1022.0771264762745,228.64561240994996,35.3230291602061,120.91253713161927,59.53160063307163
2005-02-11 16:34:44.153158793,1087.9426964037107,239.14420211178947,33.67955728464069,121.93453497589832,59.89768318072759
2005-02-11 16:42:50.746089322,1073.1476490463951,232.10504828562628,34.201171041646134,115.39326359108045,72.83253597197319
2005-02-11 16:51:52.721975095,1020.7349956288652,238.65497920665516,36.72893582458283,113.7648209057339,62.12197557339089
2005-02-11 17:02:54.835478351,899.606686036927,250.14906447308226,33.000822840249455,118.05572636825178,61.73139357208194
2005-02-11 17:13:34.347925138,1078.2960290106282,237.65761647762184,35.24877247076078,119.51148812380578,65.05087604384744
2005-02-11 17:22:38.826673443,1003.0260514353124,242.3455638567136,35.23894716964523,124.08180091063494,62.85980157409234
2005-02-11 17:32:55.406870339,1061.7556642737443,224.10666947094563,33.86492662112454,123.3574416058349,57.47518237640983
2005-02-11 17:43:36.649745693,977.4376067630067,238.68034438531893,32.987250811004515,113.32499332974247,61.534159761323664
2005-02-11 17:53:11.765007571,1141.7494322965615,246.57604784350792,33.49615881211865,127.02524571402593,65.34370355964296
2005-02-11 18:02:50.681386515,947.5153094225957,233.4574143104745,33.968655615613294,129.60990822917657,72.78462339995872
2005-02-11 18:13:01.075581990,53.7355433302446,107.74763402544954,21.60866517068848,116.07267056551947,66.33015908887046
2005-02-11 18:23:28.962121334,41.94374254075216,83.79780383249677,16.851519970753124,100.58853679136658,64.62817128520955
2005-02-11 18:31:44.332571888,33.51250412451001,67.15062007249827,13.335195751377592,90.14933775314883,62.78412002814049
2005-02-11 18:43:15.422823804,24.55582199940408,49.52710450603812,9.838594111859273,80.02221869298003,60.450685614103655
2005-02-11 18:52:49.963900866,19.84775090001503,39.81209845249384,8.002321236191072,74.3880557419766,58.25224300596713
2005-02-11 19:02:43.390050137,16.51936121928852,33.05658912381804,6.637369408232521,70.2219838361664,56.50322413689102
2005-02-11 19:11:22.690932997,14.473445287451252,29.207789818404148,5.7722821279081264,67.27685955410465,54.93719392957227
2005-02-11 19:22:58.752317651,12.889276217255919,25.964476374803343,5.093175173107349,64.14649289785368,52.783581390925775
2005-02-11 19:31:05.954984337,12.23641070410748,24.461121138561598,4.662374631288877,62.62541351592772,51.47304010834214
2005-02-11 19:43:30.817881838,11.6414798093481,23.143905146576074,4.660407258464459,60.505168259180856,49.5438708556173
2005-02-11 19:53:51.935065379,11.024638962020811,22.54698358706005,4.359847787664158,58.658719898368815,48.216904079052064
2005-02-11 20:02:41.757322696,11.013740913243211,22.005555178768088,4.262873693479044,57.51842736450127,46.96597336176786
2005-02-11 20:14:30.153180950,963.0861573371467,166.8005353100227,17.694922755587516,59.981122996903125,42.198473312313936
2005-02-11 20:22:39.140198921,1021.0985219467801,168.02685274494775,23.003205500141068,74.5267626538312,53.08734811866268
2005-02-11 20:32:56.999256596,1104.8320676909073,200.5030961308554,24.416710942941645,86.28957131293623,51.887091930334705
2005-02-11 20:45:03.835173613,1047.9499168847544,213.59990501983003,29.12555661928769,91.26458207914466,58.52599616454482
2005-02-11 20:52:43.667152797,1142.889888546241,205.45209111437762,31.49231746679449,91.34174884886833,57.12257842870919
2005-02-11 21:03:17.530247850,1018.5895711572366,236.10209813453906,31.324831373300846,108.02784085837489,51.52924355517566
2005-02-11 21:13:57.207611495,963.3671645546568,229.7909744658881,35.629517586319636,120.29070756151332,56.63665183593072
2005-02-11 21:23:07.705982398,995.0485201747771,236.82704870891212,33.172377653737634,105.92544453391926,57.2054186803424
2005-02-11 21:33:22.472939063,1112.7360125656055,237.7747395649513,34.01779183421571,109.47842561448125,53.671577908076394
2005-02-11 21:41:21.221845780,1085.9934362392214,231.88902534427945,33.4929254951194,127.19272241701428,62.80304928331275
2005-02-11 21:51:40.288583840,989.5054904230973,244.7039636142277,33.75549286094716,128.86301351088935,60.644876487038324
2005-02-11 22:02:25.945566025,1030.2800266772526,228.81706637235075,34.433266990812236,113.10530724318394,60.4295107417568
2005-02-11 22:12:46.568517860,1022.3477021257775,229.45185901780266,33.41884426952183,109.91238928057119,63.662731863057594
2005-02-11 22:22:48.860448458,948.5456582240524,242.56319139880438,32.403768147483554,115.73280188320942,51.352436243731994
2005-02-11 22:34:31.859061106,1015.6727107031892,226.52540277667774,34.65465936056012,129.11263147542402,65.15099604520302
2005-02-11 22:43:37.258876399,1094.1527353939043,249.42423237489356,34.60621488859104,124.1552455356131,58.62989029347553
2005-02-11 22:52:02.939476639,1111.0823601217176,223.4543390216072,35.01418003318303,116.41905691686874,66.02877332411835
2005-02-11 23:02:22.778016046,1109.3322400786644,247.5154927419144,33.78621287371395,117.7229331502552,69.16456479546278
2005-02-11 23:13:37.052541091,1061.6506065355986,239.45625756103414,33.998467101771304,120.86863772639236,66.28785043572815
2005-02-11 23:23:45.137329654,1085.2537841136689,229.45467497306566,35.449045447550965,121.64802887459977,75.29968643961233
2005-02-11 23:33:20.634776179,1100.7786331041655,248.41519892148176,33.22444407472725,119.94255704081615,61.253034448222984
2005-02-11 23:42:17.974960845,1076.776490039321,249.10311865727354,32.56481840984038,108.84041731923054,65.66040419966778
2005-02-11 23:54:21.967222332,1125.4085723979604,247.85014749512862,32.35759705472992,128.7325606816561,68.67359402253456
2005-02-12 00:02:46.626124689,975.3768593143496,255.36265970338866,33.80163690642018,125.30986223329091,57.28459295894154
2005-02-12 00:13:44.126744686,1073.5759225405645,231.83575287779837,34.64994185812288,129.3784403679809,62.63906978801327
2005-02-12 00:22:25.345924179,1082.1074826889687,243.33828740049674,35.41340717788295,115.78392763103948,63.55556336382343
2005-02-12 00:32:52.288558179,1046.2751188913162,238.63611002251469,33.02848676106821,125.56921980282877,67.37724361352453
2005-02-12 00:44:27.735348963,1097.8015105276597,221.0517061949408,34.178998745176884,122.2324635190725,74.6175413047619
2005-02-12 00:53:06.520060385,1024.6195246778623,236.141061462031,34.99329912244259,128.76564629380576,67.76864464047934
2005-02-12 01:02:25.054852703,7986.216007054427,7770726428459097.0,-12942.185916253738,-2363064.936914563,1.177277661928138
2005-02-12 01:12:44.946111595,1064.9047611865578,245.8798414409335,35.3288929707649,126.30922494500139,69.80872605917622
2005-02-12 01:24:34.761368054,1046.3646274758764,239.25675324683135,31.00498415929328,121.30744469469387,60.35163128561867
2005-02-12 01:31:58.585934438,1066.3866906455746,237.10401183400512,33.498558204819844,121.40270668589645,69.19939131521467
2005-02-12 01:43:57.006846409,1015.8724588585083,247.37872790424086,32.88213361118854,125.02012623016881,68.30790974556157
2005-02-12 01:52:52.836492517,1000.9090254883683,248.96276178320198,33.22409856390351,115.33895391903141,82.21530679646094
2005-02-12 02:02:18.568430887,1162.5270520390266,246.84218250733892,32.70895066011749,125.3364712762613,59.66566485580652
2005-02-12 02:12:57.531927114,1022.9629975974149,231.49377868237383,34.75032746057478,120.87095234476533,55.932789281672
2005-02-12 02:22:41.178373026,1011.566131865441,214.4953532865631,33.49637718254434,107.6409607697439,59.89614221723698
2005-02-12 02:34:00.066155982,1204.6853150487925,245.48137673043902,32.95682517415906,127.66763919037402,75.30572111501657
2005-02-12 02:44:09.184284862,1058.7200468960473,230.43196429489342,32.9528896423088,118.11279752043815,62.44874794873031
2005-02-12 02:53:51.214623763,1016.8185807670511,231.73569492174886,33.88155948789384,124.29493480741687,67.46629727467622
2005-02-12 03:02:53.756349080,1024.5072223011382,235.69862524813976,33.87034324532569,126.23856500303829,71.77812529983014
2005-02-12 03:12:23.581554791,997.8684050336867,236.82839698629795,34.190487022701944,120.45914904530144,66.02507274673114
2005-02-12 03:25:32.354741949,1121.3339342067645,224.74607710366524,32.859168147330855,125.27872238094233,56.00898615488552
2005-02-12 03:33:19.022426895,1021.7509136739278,230.20845699995493,33.38628303419103,107.94185791133157,64.38261182094148
2005-02-12 03:42:24.324086706,1146.4342124533525,250.36300856768293,33.28156333273267,120.09144762521673,62.08473667858099
2005-02-12 03:54:08.838640461,1068.8114812009217,235.25060045051217,33.20581982629958,122.34303060613826,64.30089799752955
2005-02-12 04:02:23.318316011,1069.6670993104196,244.5763281149263,34.699073509834285,127.97571680097147,59.38441850694591
2005-02-12 04:12:07.476262586,1078.491458108019,233.4158124339033,33.04249930695092,115.45917867732817,58.317540266356794
2005-02-12 04:23:13.148318233,1029.3362489542972,237.44571324908736,33.14303805119698,117.17988034704446,56.65064550244953
2005-02-12 04:32:56.213462293,1152.7147127783385,252.13989454608947,35.165802912945836,119.08330593314248,75.20804226093783
2005-02-12 04:43:59.979200630,1072.4210197009202,225.27165574900215,32.29864829371899,122.72148080800054,60.209244954897144
2005-02-12 04:52:08.586985484,1022.7105493494832,230.1868190280731,33.1254775928916,128.64535126387705,67.64108887008267
2005-02-12 05:02:39.991476646,1047.9640785780705,239.94444721340324,32.00876753791498,129.19176451865906,70.91369892298721
2005-02-12 05:13:34.365884884,1134.5878500592,247.61767346076084,32.83789831305657,112.47228506458731,52.3553310314145
2005-02-12 05:21:24.446735581,1083.1523152458296,226.85327370044172,33.213803391611656,118.27252429576063,66.8329612910934
2005-02-12 05:32:25.545586823,1169.169080837428,217.6867003049751,33.008550760880375,109.09466266748288,61.6285490675679
2005-02-12 05:44:05.807482969,1088.64419061787,240.67867053644642,33.375730865819186,116.86828653491544,55.09123237456757
2005-02-12 05:52:13.582710243,964.4592703973843,245.75292334846463,33.57394616755494,118.73897914870146,67.82592845710597
2005-02-12 06:02:51.844636546,1089.5063685831858,235.83346743667454,33.12119963656614,121.19434131418227,60.62487718890911
2005-02-12 06:10:54.024315155,1108.6696475245872,216.87268977691153,32.82645916475876,124.73746105099495,60.47237806085284
2005-02-12 06:23:20.738322332,1056.3461756560655,244.97855473009906,33.58141818611577,121.80582923814887,66.48339405992057
2005-02-12 06:31:15.574176286,1046.461801219061,233.61045431176575,32.800552751396815,119.55176325593894,64.99411126478577
2005-02-12 06:42:16.297662676,1084.9811230570922,259.3869680949035,34.831091025553285,126.78433131821701,66.68067405921518
2005-02-12 06:54:38.557696863,1098.4310266678517,253.2069112063265,34.9242080339948,121.78331619490922,62.395765954539
2005-02-12 07:01:47.265119138,1015.4311391707167,255.29378852706225,34.77281480757662,114.00086196701686,58.815838036090085
2005-02-12 07:09:53.743779193,997.837238534256,250.51787142623618,34.44372811546427,117.99749313356749,63.59905324402356
2005-02-12 07:21:24.060071677,1099.2394620589835,242.7853486140099,33.40952387177356,110.96332906783238,60.71671090130707
2005-02-12 07:32:11.495964412,1059.0256033525882,244.9164653243201,32.869350368049744,119.06517079436722,59.39164054305526
2005-02-12 07:41:59.724796114,986.7293305277427,235.71325489041132,35.59315292802766,114.91755006072353,57.950074904195105
2005-02-12 07:52:16.549023197,1105.9238618989766,230.40210752669844,31.830607137285245,117.11202667141409,60.204035633369585
2005-02-12 08:03:29.762198249,1011.7532828941269,255.9357484302003,34.253985809838014,114.94279552005526,59.942475091551245
2005-02-12 08:12:36.185447218,1084.062591477566,241.88068287759208,33.201540129661325,126.74311853582434,63.83094904198225
2005-02-12 08:24:41.289495630,1016.6640906043081,243.11895438204968,30.881896113696612,122.09022537144955,65.77211931967453
2005-02-12 08:34:10.817526967,970.0862488319972,237.8456845508232,34.01323743151595,123.49810530692696,65.2150216006766
2005-02-12 08:45:10.360684139,1052.6733893377807,245.62216596171876,34.69214012637919,120.81071430657911,61.142528634807945
2005-02-12 08:52:44.531222934,1076.5401961016905,232.26308847622306,33.01872380447144,122.19787115330767,69.68667249313224
2005-02-12 09:03:15.876247638,1062.176341494636,230.64910138011857,33.11401610849852,121.69604793536324,69.05217299833322
2005-02-12 09:13:31.453483356,987.4284286303255,237.99735131231049,33.754909710117026,127.17457782500752,62.104070995875475
2005-02-12 09:21:27.396955823,1115.6419712413012,254.12194663209968,33.38993175746614,122.20752682553432,63.6704523898089
2005-02-12 09:33:48.151075965,981.9191845867222,228.1187801013824,33.84168119872343,123.69058097683148,62.1791075393677
2005-02-12 09:43:31.458298215,1117.8071718878568,233.9922019244817,33.221559581265545,126.02883348152525,51.91111430928588
2005-02-12 09:52:50.503090007,1000.6060914639511,254.51910922288346,33.66999937966731,117.80327092541731,63.54194060175468
2005-02-12 10:03:28.980059045,983.6891751692118,227.15254119894544,33.27474317887944,116.57254606124698,65.0368110878551
2005-02-12 10:13:36.687277409,1049.6035673269614,230.1369654709714,35.31340898384125,119.5433085161978,71.88121402224796
2005-02-12 10:24:30.396043720,1079.0641450197934,225.8859252230464,34.3748559074259,117.62778459778461,63.46985389709402
2005-02-12 10:32:06.365196756,1001.0743399760041,236.6064266018744,33.704679025787314,122.10798699175523,71.42829195559375
2005-02-12 10:43:10.240043538,1115.8668317703593,244.414106464767,34.92911888644314,124.01471793935018,73.96127954624386
2005-02-12 10:51:17.902313096,1074.8879269346116,246.9646678427134,36.28211865064721,121.40007343016885,63.70314468590772
2005-02-12 11:02:46.231287263,1052.2476847819519,249.89196054056006,33.99447035867241,131.50125913856766,62.62033980722179
2005-02-12 11:13:06.124975827,1114.2354048225768,239.87841920448068,33.620020447552385,120.67894554230165,61.86983294007625
2005-02-12 11:21:46.125891802,1136.4123004741516,229.54524669027674,33.76094423951712,117.46662712079045,74.26247289692145
2005-02-12 11:33:17.172864014,1122.6497153807263,239.32875503356325,33.91596024978778,124.68305321762493,71.32325395063644
2005-02-12 11:42:01.936559169,987.7936171575761,230.81867274611685,34.03446071345774,122.66306563928102,57.66453230512479
2005-02-12 11:53:38.919217756,1002.6307211521555,224.3566667376198,33.59693715508796,115.58677960930825,69.64771187811698
2005-02-12 12:02:45.030420068,1053.186548605062,249.2551904019396,34.81565442748543,131.1144294829496,63.97357381147493
2005-02-12 12:11:38.834368796,1067.885225573801,227.6418594473965,33.8191158994161,124.00423060986391,59.0845862221396
2005-02-12 12:22:07.118168531,1062.512542602883,235.91917628266447,35.59611174792764,118.14310514826893,67.41470412412112
2005-02-12 12:33:09.873187314,1050.666919254702,238.14345200508282,35.160520001729935,126.74527629338769,68.066650406308
2005-02-12 12:44:32.799575523,1027.3627150200796,228.2209905466329,35.57922453818457,125.3420567507263,63.82937269323067
2005-02-12 12:53:09.974903159,1111.3906845003382,232.19199567412122,34.60681284993786,123.87986468359155,71.91173571444817
2005-02-12 13:03:33.235177469,1024.6728368797553,251.19145550404252,32.5633031033578,124.35639614312328,75.41962877580204
2005-02-12 13:12:33.686269095,1115.8796534463982,228.6824263414852,34.83903357143215,133.04174055161684,60.25931037148541
2005-02-12 13:23:22.838692801,1076.3643572353317,246.26592098038398,33.18366846517741,116.23571039937646,64.85183398077844
2005-02-12 13:33:23.525548215,1094.6148719563223,253.69689926610113,33.519526164997544,137.01576377076992,66.20959083990857
2005-02-12 13:43:38.718505500,991.6063952132905,235.65068980913645,35.44845559139356,127.26414786040381,68.34517785987391
2005-02-12 13:53:22.167137968,1134.30419248495,246.23993411944758,33.981210989010386,131.8860734221236,70.1293817281095
2005-02-12 14:03:20.972926187,1118.4708346395075,254.17498452870146,33.893264208131356,129.06147849086975,67.5475187128325
2005-02-12 14:14:14.703792821,1122.3961585182046,241.94244938079532,32.04417375914639,123.71612883427369,69.35445368162898
2005-02-12 14:24:09.890223935,1068.0081048335671,222.1622477679972,35.2266133993697,124.17026839660805,77.04728268774365
2005-02-12 14:33:43.055240898,-0.20537692055668752,0.21500893382333028,-34.14577276375181,-3.210304699400346e+17,7.597175482933758
2005-02-12 14:42:57.851988369,1014.2984536071025,244.03532621526887,34.02377751835548,129.72885871356956,69.95229654741367
2005-02-12 14:52:44.687965839,1032.4340885411696,236.34916261376281,33.64178668774724,123.0011327698984,71.66713425081224
2005-02-12 15:02:00.701785401,1102.5585447222766,231.27131755831823,33.49070505325195,126.15119831318249,69.12328213958415
2005-02-12 15:11:37.796694972,1097.089605073489,242.2657631522145,33.92498452813299,141.2844692484199,71.37362774045799
2005-02-12 15:23:37.015020357,1004.5473104229463,238.90574821294183,34.17831903414915,128.94666624561552,67.80995425516132
2005-02-12 15:33:22.800011096,979.2675376138822,232.39945112901125,34.006124480818876,119.15745036119131,77.50702137709511
2005-02-12 15:43:57.433952716,1077.0405785292696,269.91251128297444,33.546677514899734,130.9691800776634,69.96321312376949
2005-02-12 15:53:39.540335236,1017.4792187193113,229.1510846873679,34.349103804921654,132.18312483046537,66.2522220668979
2005-02-12 16:04:02.450702960,1068.7065128812503,245.72045723787244,34.75335430951583,136.62979426895527,75.31805624163066
2005-02-12 16:13:35.221579417,1010.6409537890935,245.7620500011856,36.414875283401166,132.9015271725346,80.58823261859506
2005-02-12 16:22:43.948183935,-2.2187335900684542e+24,-0.5130779825871131,-2.2884559174833136e+21,-2.0550866149134754e+19,0.5674622844999404
2005-02-12 16:32:42.292175080,1134.7997164640383,249.49744797714712,34.22433115556425,125.01292190456657,75.5389420226037
2005-02-12 16:41:55.514079126,1105.1144961016205,237.0055584958246,34.58228165229934,134.76681896497368,63.338042631051216
2005-02-12 16:51:57.022001448,1065.1649359196178,235.3737260189128,33.63964118509295,131.8949016449332,69.98991554897565
2005-02-12 17:02:33.824952446,1125.7444758258182,230.96437823295568,32.99754667181191,131.61769289332543,80.31627418799772
2005-02-12 17:12:26.916787397,1036.9930185230837,252.52320611941633,34.962564133139246,136.3410756317588,69.03827730230378
2005-02-12 17:21:31.242037340,973.7222049837939,239.60042217693416,34.05467979311991,132.57150934483917,74.1630241012708
2005-02-12 17:32:34.898489075,1027.8810073287661,250.1761713765701,33.494742046602354,137.663581792772,73.37740624960652
2005-02-12 17:42:41.381348320,1075.8086993568368,235.23221488915368,35.443201270623696,126.09809997779846,75.42877819854199
2005-02-12 17:52:49.410430122,1030.551983361814,238.22084927184125,34.701388396110254,126.85887985352015,74.43104264184316
2005-02-12 18:02:30.165339364,1097.430270553489,243.04586824926488,34.60703635301148,125.11684211298981,68.80581948793228
2005-02-12 18:14:15.329139332,1001.1212235689144,239.7930201485968,36.01261195598791,127.32409063827785,71.57640154202613
2005-02-12 18:22:31.691091644,1015.9824516014828,228.63375259424794,33.395644392921575,132.68799870050586,63.139075621299874
2005-02-12 18:32:29.227755721,1047.2429944993105,237.63619471626035,33.93499613072713,125.27902139767977,75.00658971648282
2005-02-12 18:42:32.379683495,1116.7490924408628,234.0218972683201,33.512397526704554,137.00097612323722,72.542059747381
2005-02-12 18:53:54.768782564,1089.7318864942988,234.46950509547048,34.68215377918094,127.81949857194593,73.16412714785986
2005-02-12 19:03:34.146832605,1111.9212609816425,228.24952337660733,33.555805127268904,142.6498444086743,73.9304731855516
2005-02-12 19:13:22.735975060,944.2711220653578,230.69007460769296,36.272771966287166,128.9022431273065,72.06504306797548
2005-02-12 19:21:58.061726963,912.0199514692491,248.4520351548317,33.55647743959979,129.4194235189454,73.96151812422322
2005-02-12 19:32:14.780341446,1045.2078352475185,235.27547043884928,35.52338975705564,133.93090932104434,68.14053058728767
2005-02-12 19:43:16.071120768,966.570931329949,239.10734729982045,33.24329580903782,134.1451676748251,72.22959157045682
2005-02-12 19:53:43.458507944,1085.4844515557113,240.57866441278435,34.43842745014304,130.89956761025417,60.051485106082986
2005-02-12 20:02:12.517774881,1239.210787149244,237.99624034877206,33.65143055281105,129.31199699988724,72.41915824594555
2005-02-12 20:14:13.832260986,995.1789919245455,241.55306390184884,33.763320201496086,129.48146429233017,80.60966091697753
2005-02-12 20:22:36.095809260,1091.1444113718383,241.44416834808806,35.51799833513421,132.43582148330177,68.05198400158027
2005-02-12 20:31:51.518798727,1011.7085763014514,234.99468323434033,34.11743437783726,127.80300360362065,80.73164320103814
2005-02-12 20:41:01.576455861,1089.4846659059906,252.28332713568338,34.224568284371806,135.27840091140132,65.11243450819607
2005-02-12 20:52:17.749590321,1095.3306989209998,233.9028294530703,34.530261578088485,134.13881568591216,69.85303752628165
2005-02-12 21:02:50.749835695,1062.3084507992673,240.95158869064082,34.007122386861475,133.39291095167974,73.13544880146677
2005-02-12 21:12:47.032455783,1004.4869271354066,234.7683508608717,36.349120276848424,127.73562273991426,72.70008178746477
2005-02-12 21:21:32.611377031,983.2600586476034,244.98778517371858,35.71402920841895,135.19621080323418,76.65611633913463
2005-02-12 21:33:20.913394528,1029.0740111762805,235.6763503048873,33.261997105137524,127.33070417441718,78.73699290376405
2005-02-12 21:43:26.109712694,1013.3596495057274,249.1226906252198,35.43454488635172,132.5008801182414,71.86037732443114
2005-02-12 21:51:53.341984692,1161.2605022762705,248.65565711154605,34.636345832232486,135.19875747161123,75.18124079715366
2005-02-12 22:01:42.340440218,1008.1288486173517,254.73741608684793,32.61728835440455,134.5444227167653,74.47364833100934
2005-02-12 22:12:43.491127809,1087.4578533705005,231.82479474166988,32.8716322864412,127.41126399669109,68.86464642592756
2005-02-12 22:22:55.244675711,992.031315140006,234.06578850783217,35.01010919864515,128.4043203325972,76.76357288383345
2005-02-12 22:34:10.620440865,52.584077508621,105.31955873126905,21.02493863512091,118.618619341602,70.33664814783857
2005-02-12 22:41:54.349693285,43.48890656386691,87.04196988055402,17.374657179770285,106.31068293443542,68.93926229698432
2005-02-12 22:53:43.624926625,31.512191086251935,63.18280883062478,12.738471677801991,91.27579045971488,65.42694631696219
2005-02-12 23:02:15.797521898,25.047958376307722,50.390854444272,9.971649793100271,83.19012159231097,63.16680694770045
2005-02-12 23:11:49.730090764,20.032478495055162,40.03985102064232,7.828405917854708,76.7933235322422,60.53996066602951
2005-02-12 23:23:09.025367805,16.16166863822755,32.05067162750724,6.355320081902949,71.20656658574725,57.689436227346825
2005-02-12 23:33:59.564399103,13.690400661208363,27.58323488835883,5.433639195649894,67.13186863065154,55.17038910591218
2005-02-12 23:44:23.188282391,12.390067248387421,24.7181717969545,4.717879167126774,64.13704088200444,53.18489794634667
2005-02-12 23:53:40.173443057,11.444237618188868,23.204949312525844,4.566629147506804,61.83104198465997,50.950025861058194
2005-02-13 00:02:40.001858766,11.048030961690177,22.151191323799328,4.501155905795425,59.990887279915405,49.33129077723101
2005-02-13 00:11:55.250042437,10.91760351584053,21.551777870758038,4.352339745519924,57.97799957895158,47.664260540973906
2005-02-13 00:21:52.093331641,10.586536773892291,21.27894682745811,4.224637564752615,56.05860599677105,46.1082598929425
2005-02-13 00:32:43.370162391,10.272366585302846,20.797473264171057,4.110794144725731,54.41294105767534,44.53844256964173
2005-02-13 00:42:03.586703818,963.6756386354166,158.27992427778887,18.732861751939332,57.71439350581526,47.15442427756032
2005-02-13 00:54:01.557263449,1063.8920462790174,178.19788745075846,23.13445796568251,66.45602378983082,44.77682141849091
2005-02-13 01:03:13.540910947,1051.0475666681737,195.48148836365823,25.311626424857934,84.52537285288159,52.78283156719602
2005-02-13 01:12:48.698371718,1058.9426691819806,212.75437958674175,28.123433222433775,87.45629928859593,49.50175193937049
2005-02-13 01:23:40.644624499,1002.7494727498866,218.4127675629785,31.388734548341198,98.87727447085027,47.41644984421288
2005-02-13 01:32:58.519407211,1043.4033520691492,231.96028971446043,31.25339388279099,100.53169125423351,48.118250145963884
2005-02-13 01:44:13.284670450,1128.915749547735,207.5980260756269,32.7619395682466,104.00938133104968,45.8463387492893
2005-02-13 01:53:11.764039997,1118.7038776773657,227.99439440344167,32.406443902607855,101.58567416270242,46.78068634871369
2005-02-13 02:04:17.231242625,1046.7962011844688,228.90980542134085,33.72828765392797,109.60896225654166,53.255041988698856
2005-02-13 02:14:02.708507610,1100.218670587767,244.71660810785332,33.69835476232935,108.9068389465268,56.976048181385636
2005-02-13 02:22:10.657546436,1036.4027523249151,227.88705279518717,33.47676352780832,108.39355535638464,59.504598190069935
2005-02-13 02:34:21.653419225,1096.390598184888,236.06730030698452,33.24864110288193,122.70221220446615,56.67805730556598
2005-02-13 02:43:43.137479531,1159.6266501257421,231.46984970051764,33.90200920570571,106.21057173451337,51.34837418710455
2005-02-13 02:52:56.134242458,1123.3217069150178,230.23868143968522,33.96972461650547,116.70076654913427,67.74100219962159
2005-02-13 03:01:18.711650791,1084.4977891083454,231.18939580417094,36.118763110297756,106.78976950690974,58.87114282288005
2005-02-13 03:14:53.870365116,1116.5499599647287,235.4906004010533,34.542442331881766,112.43677288394622,54.92284974500589
2005-02-13 03:22:48.912312078,1012.0370364112006,241.23966407397918,34.280671336972425,116.85974723696546,55.14558563052897
2005-02-13 03:31:10.668860440,1003.2412796856343,231.54331108513108,34.0080359567121,118.23922114092134,58.75886608807574
2005-02-13 03:43:12.874265558,1194.9788480021045,248.35363445026138,33.24742878439651,121.14043898407513,56.16359234703003
2005-02-13 03:51:33.703858029,1075.6094486907932,245.09676415687932,33.66645257737478,112.85001099972102,57.25924579037289
2005-02-13 04:02:34.348554630,1049.8909730968505,249.28105083118794,33.27945555758265,120.11053424990858,65.10950329382885
2005-02-13 04:11:26.770402844,1085.0575416615563,228.58844468002485,34.03921814334314,110.59618805639556,54.504647777652416
2005-02-13 04:23:21.838119032,1045.894512525322,219.8800269872177,32.928781877650714,113.31506059114407,61.240087977192715
2005-02-13 04:34:32.453140433,1073.0143363478298,228.24761006089588,32.53870935995332,122.13190629692777,55.37414488116849
2005-02-13 04:43:50.180488781,1053.3354253175166,223.9459135362832,33.30375009081651,124.82873992164836,57.16957226520457
2005-02-13 04:52:04.088344657,1027.097343488522,245.0430586195598,34.849104508662116,114.74330136796054,57.77683278493586
2005-02-13 05:01:44.072462766,1125.311247016266,234.94059491603429,33.027840223313426,124.70846458401971,57.1862315169724
2005-02-13 05:11:48.502270003,1028.9981480422528,226.77392539716547,33.11202981433618,119.42216361400389,58.60243924997369
2005-02-13 05:24:06.738487390,1024.9424804518947,243.48960585382983,33.59299444036104,118.55452242154911,55.87681178732025
2005-02-13 05:32:04.149405977,1141.8818384147244,240.60435783894025,33.120388738894825,115.13349980188052,57.02264340469996
2005-02-13 05:44:19.663772434,1040.4750417238674,242.3592274271948,33.7155857880884,124.86513611575248,66.44593555291559
2005-02-13 05:52:45.593722622,1048.3711254737434,223.8527260682567,34.01096074022604,120.049545570742,68.6713959474938
2005-02-13 06:02:22.065650676,1084.3508354711087,233.87119988319003,34.4705021074042,123.21961891011938,68.55294439082616
2005-02-13 06:13:57.643353753,1092.73357715032,249.8063784321374,32.216028071722576,118.6907758665719,63.907500671549144
2005-02-13 06:23:01.048708047,1057.383758335888,239.59613888376606,34.555413188259344,123.33000315003409,59.31763916074383
2005-02-13 06:34:06.873898871,973.8841468684308,241.92868793252532,32.19601494405995,118.37506266465965,71.26001131806512
2005-02-13 06:40:34.601570684,1057.889057872491,259.4618577154781,31.34397475533298,116.74449095160013,59.55877421450259
2005-02-13 06:52:06.821472919,1049.6617883703016,227.44019928875443,33.77201499552173,120.62712667440348,62.748498641438594
2005-02-13 07:02:49.321346257,1168.983673585191,250.98327010331815,32.67770600458676,113.2802144241593,53.95621067613206
2005-02-13 07:12:18.888660128,1155.221586207402,241.81880828021173,32.75739828034394,115.8371454011595,63.07496364580449
2005-02-13 07:24:09.714606090,1057.2019257322324,233.9745886506964,34.281437343733984,118.08883639285415,56.41974033021357
2005-02-13 07:32:28.863265079,1086.1203351839126,235.99427498322115,34.84921509874763,121.11042837697596,66.63768763465988
2005-02-13 07:43:40.803899265,1033.20311746972,242.11480268486713,33.6212458734829,119.8996977753074,59.978270980278516
2005-02-13 07:51:40.467899523,1063.410264071796,227.3119654943294,33.75066145231081,117.33603013827248,65.70681751448232
2005-02-13 08:02:15.720921849,1122.0274851653412,223.96946303884644,34.44974769837763,124.75208186470438,58.3978419300208
2005-02-13 08:11:24.832390998,1150.7995057151356,261.1364176943183,35.27492575491855,117.34061782706097,62.18442278834532
2005-02-13 08:23:28.074281855,1025.2623326021833,247.25910150235475,35.21456774010015,123.04151820948043,61.5343544965395
2005-02-13 08:32:01.706495486,1072.4495432904448,251.29405633822103,33.669325876678904,113.72749280919504,61.98806070883499
2005-02-13 08:44:33.227883657,1017.7811770228259,244.25199249697425,33.315565859616065,117.92639029112645,73.17871150290232
2005-02-13 08:53:04.587986463,1006.4377782005229,242.61608492346883,34.384428323823734,122.20724194795534,54.41828957333622
2005-02-13 09:01:35.769476131,1101.8027643605026,246.63715758477557,33.317712391365426,120.91082368118873,52.485003374074125
2005-02-13 09:12:24.923517054,1018.2292591480766,233.24937772187306,33.97250054287096,119.79035226777775,71.29119885438892
2005-02-13 09:24:09.363687674,1054.4326593873293,245.6943409153454,34.31516974290273,111.32653388516599,63.94693127415348
2005-02-13 09:32:22.601055660,1009.2780061853897,236.5192317567948,33.71518698786166,116.98917768413268,69.55637105213066
2005-02-13 09:44:14.067170570,994.3706108943563,216.73305716288476,35.451163337457906,117.59345369934121,56.83635558277714
2005-02-13 09:52:26.253047761,1115.7843904801725,231.19427756451904,34.25983512112967,115.5880565265571,60.71452855275357
2005-02-13 10:02:33.573356938,1169.0056406829442,256.2486041947629,33.61821265114905,129.49592108694813,67.24447690557675
2005-02-13 10:13:31.153821070,1146.7200511341114,246.37761817906218,34.38798075204789,117.72047459094385,60.152646110083175
2005-02-13 10:22:38.923365197,1049.4484395206616,255.04355138282554,34.1301698813484,127.51055873149778,71.12150673633272
2005-02-13 10:31:38.921708782,1030.9690938737392,219.1303308655957,35.127241860101286,118.84589585259165,64.92147036902738
2005-02-13 10:43:13.642183464,1102.334480892972,237.30250541129547,33.35356945665694,119.96733450086704,65.11052988837484
2005-02-13 10:53:04.880407049,53.54711229845669,107.19270206557654,21.42015741263436,113.73224406249082,64.23395728970472
2005-02-13 11:02:47.774079700,42.7815990199192,85.17575221332532,17.097342550887912,99.01689554418401,62.411317074744396
2005-02-13 11:10:43.602739251,34.48856235138705,68.63908478121276,13.605269398516494,88.66212469325511,60.50685937090224
2005-02-13 11:24:53.226730261,23.290348765562058,46.81370435094429,9.273101975869988,75.9983820524952,57.16697285495588
2005-02-13 11:31:25.078332988,20.088702513645732,39.99349476801341,7.930664794307355,71.87915310079502,55.545488000980036
2005-02-13 11:42:42.812856605,16.133381464962568,32.20732828724151,6.424401146543078,66.76368974857064,53.272550524438664
2005-02-13 11:51:39.966821601,14.201649051274826,28.28735276554231,5.615430795425784,63.85404356457581,51.37515517264513
2005-02-13 12:03:07.555197548,12.793939382133397,25.35738183626996,4.946850834930213,60.68172002561954,49.466261209891876
2005-02-13 12:11:05.985329566,12.053275710261897,24.006385640354654,5.034522855369807,59.12658800095752,48.43893428659047
2005-02-13 12:21:42.036497060,11.671386394564676,22.97384857116709,4.851863247766587,57.368963798971826,46.66023290303008
2005-02-13 12:33:32.894583468,11.238133901341639,22.577414775760992,4.535161873276534,55.459377961926364,44.96687824895064
2005-02-13 12:40:27.718276405,11.177446706413944,22.07334648649395,4.373206503578036,54.426845227919465,44.00100245459188
2005-02-13 12:54:12.291186002,11.111460442021738,21.962416842462495,4.271604134019314,53.18773128564254,42.86539744569531
2005-02-13 13:04:12.092816146,10.939969430213003,21.934931450407998,4.331779650553413,52.21095546629582,41.89824190981595
2005-02-13 13:12:39.411878929,10.996456443364345,21.96900250953668,4.387726558105928,51.44193619397305,40.931608663457986
2005-02-13 13:23:43.633969635,11.234663334360807,22.012643519059502,4.3759574745364045,50.68182950223682,39.997095506425545
2005-02-13 13:30:58.428238352,11.075991435519573,22.127421360764735,4.361953963090634,50.07635978655663,39.67108743356925
2005-02-13 13:42:18.661107798,11.120172537840595,22.15528611395035,4.454992040160052,49.39934370352374,38.73663664318683
2005-02-13 13:52:52.137333849,11.382803698304926,22.394677012885882,4.354371044394391,48.87865169433081,38.314107681163286
2005-02-13 14:02:07.177853182,11.186721453496554,22.368996730882436,4.473612245791802,48.42920165602776,37.752230681316085
2005-02-13 14:15:47.318563585,11.279847733063958,22.535925602929343,4.492194706838348,47.70957579223421,37.22089523651821
2005-02-13 14:22:04.696819591,11.325043889753756,22.72335231911916,4.5656822376580335,47.55490676346707,37.07375273601353
2005-02-13 14:32:56.612238039,11.1151474528688,22.616757377012874,4.463277993315418,47.16860444267733,36.64691493244634
2005-02-13 14:42:34.332225110,11.412053293690914,22.54340526685191,4.387758119983657,46.90344633996686,36.257194049768316
2005-02-13 14:51:15.588821666,11.41465413942903,22.892730066945077,4.448681835803857,46.53972062691896,36.15933999888238
2005-02-13 15:02:30.363750008,11.41913368284299,23.04590261861381,4.554829877087825,46.545690992302106,35.77821101654865
2005-02-13 15:14:49.342824515,11.406079652121022,23.078406256248943,4.648691723170696,46.24050520061639,35.564904353794084
2005-02-13 15:22:51.595787309,11.446359249921551,22.97226934013646,4.630392867906468,46.19368732773708,35.40264754684278
2005-02-13 15:34:26.215237697,11.627217548580916,23.109012423250885,4.4438684865818985,45.83357878202615,35.19211475339565
2005-02-13 15:42:49.088265098,11.541597297308302,23.259402579565702,4.683805765290194,45.847040880535566,35.35341846187897
2005-02-13 15:52:47.336893429,982.4638703472999,169.24096796795246,15.812973586797892,48.158639281690945,36.441883485809896
2005-02-13 16:02:19.324781863,954.8131375500847,184.64367950154482,20.34683067809895,54.590672424721596,30.556174443512944
2005-02-13 16:12:46.869169410,1091.7652421638313,200.23940838576323,24.27055539727431,67.37988276206866,40.66775734252062
2005-02-13 16:23:39.253117061,1026.271441135366,230.2043925163725,27.314036833212786,83.57527930104078,37.78631864062412
2005-02-13 16:33:47.473103527,1052.9424953022149,216.64789996783367,34.366478743086304,90.9192601981038,50.80591290058018
2005-02-13 16:43:24.376550214,1021.0214754019449,235.50987245214722,32.698826070657084,101.46239617693618,54.08980117555016
2005-02-13 16:53:18.066515571,1024.74167496299,235.9743776550339,33.47770092496437,96.40607891358508,52.11354108782845
2005-02-13 17:02:34.494026059,1014.8059118639009,245.95473324926039,34.56102516459834,109.09790027590766,55.53471899494001
2005-02-13 17:12:11.506169683,1069.760710943802,227.41974388494322,33.48782673527056,105.55398680782199,56.93338472482646
2005-02-13 17:22:21.404713375,1042.6368969892421,231.67979722681298,33.1203581140805,113.5391525191209,61.37768368481839
2005-02-13 17:32:29.731880880,1050.9480024061922,251.56222033056775,33.98434137803059,113.8245506926995,57.48291957763088
2005-02-13 17:43:38.880230657,1108.6914474996545,229.8171793565782,34.62252894007754,118.84331803534073,53.78233928024018
2005-02-13 17:52:44.662350223,1086.5018617701407,251.79388537005482,35.578035106247924,120.0469036230591,59.435176397143586
2005-02-13 18:01:37.522563190,1116.9774806782216,247.9187635162219,34.802246039986834,115.30214556495054,44.13331125281453
2005-02-13 18:12:58.027127895,1141.0469528372812,236.01780402463461,34.42985495848839,117.19456182496485,65.54007426794008
2005-02-13 18:23:14.374402043,1118.5636844863452,231.26338470278546,35.61679986921333,113.47387423473238,65.71647029966947
2005-02-13 18:33:58.528098676,1036.9095175568302,248.25657191745577,34.16156285199394,121.22782968708974,65.76703210523831
2005-02-13 18:42:12.722486701,1125.056783652996,253.77310314974025,34.72075404714094,115.77080131820071,64.97511224313097
2005-02-13 18:54:36.785783146,994.9338571533262,216.2125871178195,37.56554954494524,128.4312407978124,55.76330941072556
2005-02-13 19:03:14.705768794,1079.9242874747488,237.04170647430516,37.45325910870943,124.8993142046747,68.44465988882831
2005-02-13 19:13:19.015453345,961.9997466772309,257.80282703104376,35.78968562201984,129.36010506726632,65.83982099381983
2005-02-13 19:21:46.318763811,1063.1319303430162,240.7913190564229,34.647224363060815,134.87582537584103,62.11751257581243
2005-02-13 19:35:00.563152639,1043.31378097578,240.37126638336315,36.889012707893,118.11601177751248,65.2361565743333
2005-02-13 19:44:12.540238791,1072.2423151197609,249.2661576180944,36.00508679201468,136.91284456231526,74.19686072245008
2005-02-13 19:52:37.970852326,1043.8375046375374,235.78237785258173,33.93744836681509,130.06956898039687,70.46868301141231
2005-02-13 20:03:47.004603366,1027.7490077753514,248.107457790979,35.251369602835254,137.2561958828933,69.31930641278927
2005-02-13 20:14:13.470853497,1194.0049705038493,241.356722944192,35.57584579837558,131.2244556456476,66.93270622121956
2005-02-13 20:22:50.817814670,1029.3087158974265,258.264683029394,33.0639747336048,123.91546218381096,71.4670775305152
2005-02-13 20:32:49.731290347,1038.594414132897,229.9190583622078,36.710994805466534,128.2541454153052,74.88900008400776
2005-02-13 20:41:37.283976624,1094.1895231341816,242.520669646599,34.1036695334973,125.34857234467957,74.62970183299275
2005-02-13 20:55:18.672678109,1053.3968417017254,246.4497582417816,33.95776666350211,131.6130087759477,76.19811527830296
2005-02-13 21:02:01.779902309,1125.5399007092462,238.63535970285415,32.560659772786046,130.79120150673924,76.62749219224371
2005-02-13 21:13:49.548150485,1028.8057407331924,229.29895727916914,34.68147482574056,135.62162628977447,73.94254665776808
2005-02-13 21:22:50.182343399,1014.7983348252901,238.0769974611558,33.95973856264305,125.13133701800567,69.98134117989936
2005-02-13 21:31:36.750569970,1135.6758609646797,259.4232606996993,34.64628136478233,135.11951886951607,71.89678902200055
2005-02-13 21:40:26.726185319,1052.789515088826,247.1613305068347,33.7980337026585,130.79074100374646,78.76106845861807
2005-02-13 21:52:30.880598813,1079.1049305444649,243.48235596365976,33.64931621207157,131.88446013099602,68.55596262101679
2005-02-13 22:03:15.212547250,1070.5468413813815,226.90194869364348,35.32928601250072,135.72723479863032,79.86325574931865
2005-02-13 22:13:52.760969447,1144.3765978344334,233.9534929503134,35.789756314398005,129.3677639132144,64.20834282644216
2005-02-13 22:22:37.977050226,1011.2059299441585,237.84621622006412,32.47288203361975,126.79071209146603,66.4675106117239
2005-02-13 22:33:23.941001963,1064.279475502268,241.35046049522893,33.13178932761382,128.1682315540361,69.7105245959205
2005-02-13 22:44:20.855659322,1157.4924297271332,237.09556788788063,34.14283324216945,134.34811329909525,71.53125196462828
2005-02-13 22:53:26.888351689,1025.702635289662,243.18842735109394,33.974407020175505,138.02251093854596,72.89362597589871
2005-02-13 23:01:15.716373219,1081.2233852447728,244.47321743524554,35.041193830559735,139.03884714158585,75.16216316431007
2005-02-13 23:12:30.703625714,1046.5543547473815,237.69989973434582,34.47914229397399,128.55472661790958,68.80314557558944
2005-02-13 23:22:40.376725598,1053.1910781798724,234.83412163090586,33.98351353530359,130.75946560813398,77.62722085116616
2005-02-13 23:32:19.191207699,1082.4649434806486,244.28520502383645,34.206807656880294,127.14519015316837,73.61242676438874
2005-02-13 23:44:05.021623205,1068.3573977331885,264.8587054337158,33.896068277253214,136.26695210860552,65.27363358788732
2005-02-13 23:52:30.815718002,15.782056279756972,87461214698486.33,0.18810937001944045,-0.6098366749356547,407452124769336.1
2005-02-14 00:02:58.048869149,1075.2065383508193,227.39673027872757,34.03727143471586,134.7748202638296,66.98047174963499
2005-02-14 00:13:36.347944059,1014.8611365547764,221.01881803060937,33.66935497902263,125.62022664538586,72.83447094455802
2005-02-14 00:24:47.833480622,1089.4040114575694,238.1445543369355,36.55684893303967,131.84850610395947,72.9420243214373
2005-02-14 00:31:45.188557918,996.0179930188393,249.52676543237112,32.909964811569274,125.16028612693489,71.57465536278367
2005-02-14 00:42:58.048922734,1050.6923120344316,237.09105530483328,33.610411025284655,130.96541875586206,68.96815960801653
2005-02-14 00:52:27.693208583,1031.9732099163316,253.98973880565364,33.61553762407831,129.2777128634437,64.61630730921608
2005-02-14 01:02:21.980239096,1124.0590542795983,232.8181354422807,34.54510931512849,124.86259294263071,74.57501108777686
2005-02-14 01:11:53.510866801,1186.1245380043579,239.08015866937203,34.40848199495609,127.65236402129709,62.24164401947918
2005-02-14 01:22:12.255950577,1027.9249535536442,240.30659874003513,32.91363860281076,125.9606276431011,74.67564294507636
2005-02-14 01:32:10.601465573,1114.2225413452718,253.56873606500568,34.18459713796832,128.866968139841,62.01797542727358
2005-02-14 01:43:08.064553685,1138.7634248848733,256.9008959717443,34.637041891894846,125.28999373739637,67.78618037335943
2005-02-14 01:51:03.875806419,1098.46561400555,230.0516838217906,34.5177232209345,128.91082906858378,70.64516596789485
2005-02-14 01:59:59.501994696,4.80587073742283,-1.2774959878445862,3.008203380681049,26238941795071.516,-74128621358.28735
2005-02-14 02:12:28.893242878,984.4781639535051,238.59864726994408,33.79775960019005,126.88549401496111,71.58664649650493
2005-02-14 02:22:20.668829340,1044.8328052464426,246.20669655404748,35.021626693664025,128.46759081154454,64.9775560589101
2005-02-14 02:31:13.587078626,1060.6270044166736,244.42601273247885,34.908104902559955,123.69380666878212,64.72699811618325
2005-02-14 02:43:28.769960954,1026.3789913737696,235.83357922139984,34.68630005670244,122.04211759187201,72.81981348600195
2005-02-14 02:52:58.524328001,1092.1028755965722,245.81087369759865,34.73832027587615,130.87208578720097,70.12635375855946
2005-02-14 03:03:19.249492719,1046.2119627095863,237.89055476990134,33.19226777874942,119.76082447798464,67.86103811230518
2005-02-14 03:11:48.556823140,1137.6816243641867,250.56775788147127,33.63425375299742,122.74533550013149,64.25560239748785
2005-02-14 03:23:31.674797063,1119.4060408499402,255.5329603989626,34.0321533045049,138.73500178019253,64.4500900190341
2005-02-14 03:33:43.688778774,1005.2300450427487,251.43191401720003,34.07666265996176,127.04068602504668,62.35363419785129
2005-02-14 03:45:10.769166485,1052.2740147906109,247.2059961928106,33.53490036939214,119.84167203400347,56.96043956891876
2005-02-14 03:53:35.501110858,1014.8821821954733,245.57221864534236,35.59873251692454,127.32637124918647,61.918025676082266
2005-02-14 04:02:10.945540595,1110.656679642647,246.9873643359733,33.73623654445235,124.98565434110556,68.46849441376962
2005-02-14 04:10:20.547267864,1053.7191506941383,262.91057667031134,32.68833256703155,115.80983158759476,63.387140330556576
2005-02-14 04:23:26.217078564,1022.4032876470361,234.96086885160776,34.62074219340132,118.49531145907727,72.58625902672385
2005-02-14 04:32:54.477176689,1042.4132366730391,230.8303402916479,34.56093175289761,121.59060478056219,62.33183622162205
2005-02-14 04:42:01.748453988,1057.6477279173946,252.70260759368583,34.00231672994232,107.2878352730434,63.80321083673502
2005-02-14 04:53:41.605665862,1094.814651620186,244.94921072530053,34.3554694709944,113.19514227872898,69.32337206680914
2005-02-14 05:01:22.640634887,1010.1138630521739,228.26245164406555,32.563162409452865,121.0210898065489,59.366008341928165
2005-02-14 05:13:47.254810839,1044.7835322912542,237.6766510382051,33.916444201943264,124.71824323464585,64.59159768243079
2005-02-14 05:22:18.569978373,1127.580260128408,254.19342561877943,33.551573917822886,121.29014913909397,61.77166139839037
2005-02-14 05:33:54.241835435,961.4067377365988,250.222673694899,32.86988755924182,116.42340633782773,65.44237607142055
2005-02-14 05:41:50.412228455,1116.9515209864394,233.68751463938935,35.00677801200073,121.02581497479444,67.74216567342897
2005-02-14 05:52:44.618861849,1105.3336032438094,233.31208451157514,33.96903006087005,115.46295599922549,63.16230930086991
2005-02-14 06:03:20.510362807,1114.4052883072566,223.32860470717733,34.51009517488172,123.80382779813257,71.11284847164937
2005-02-14 06:12:47.967408030,1108.3814570016093,231.40373437086015,34.77926887425368,122.7787593382065,60.66581499145386
2005-02-14 06:24:39.726861794,1076.5029254598292,244.02177920616998,37.1123118830667,121.47781633019423,68.2177326218111
2005-02-14 06:32:34.933292773,889.7813204756843,241.2472969336387,32.92002767976286,127.9253165837597,62.64072014321545
2005-02-14 06:42:07.325898842,1086.4897450106278,273.1832761213703,35.00474449461375,131.1963509597215,66.50636128369139
2005-02-14 06:52:37.168386775,1118.8340978880965,236.74294248229558,32.27769989766802,117.15445488935718,61.89622772871387
2005-02-14 07:04:40.392599754,1022.8773381498252,239.36791703958045,34.008593525185475,117.23794077504488,62.3256456732037
2005-02-14 07:12:12.163944409,1130.0367370590125,227.30383654185107,32.295247344651735,127.82529787280617,60.75867338678938
2005-02-14 07:20:59.179126734,1112.2027767072732,235.61409513062654,34.557121510998535,115.16828870459858,76.50789722340728
2005-02-14 07:30:41.228463957,1011.1386649864921,236.71978831861674,34.94641029398971,120.0062003038759,68.86376755549703
2005-02-14 07:44:41.028221761,1025.4295918119271,231.12793013941769,35.969936595740855,114.82003016985142,69.8734484833073
2005-02-14 07:53:16.935510806,1023.32610782385,243.47226051529546,34.795151189826115,121.45717594898835,66.70820096027516
2005-02-14 08:02:54.741075270,1100.7580425057888,245.40838733139253,33.76424258217197,120.60336109922149,66.0088543662554
2005-02-14 08:13:14.283776177,998.8432096546619,243.46442654381542,34.121154212118604,122.80297005850666,59.228618095672125
2005-02-14 08:22:18.337844970,1104.394774578191,259.26099505790336,34.67391078229316,113.78244898532786,50.764819770094576
2005-02-14 08:32:49.162055668,1154.6832784180074,251.13560028979947,33.00787531889193,122.72021925087579,64.86329094302185
2005-02-14 08:43:43.615920985,959.8863558493451,248.62447126200294,33.34570767309177,117.80143060037841,68.36371427627309
2005-02-14 08:51:51.999960497,1034.7539820312397,228.05265512660134,33.132402920281706,119.08045004389412,58.62699219859712
2005-02-14 09:02:19.925208649,1037.56159976842,245.11942044156385,34.57037349183796,128.72518455360594,70.33164398160127
2005-02-14 09:12:08.375036380,1122.8658949683843,233.25707754883524,33.220160959177605,118.80683632277011,59.66227718997376
2005-02-14 09:21:49.906107914,1126.5761239605636,246.34980693554732,34.019247515230234,125.35846025719688,70.82787198251818
2005-02-14 09:34:17.156188363,1047.065863527263,221.72525162042925,35.08294754535051,138.4553965910261,63.8830946805303
2005-02-14 09:43:14.156475269,1014.5243788973609,243.49039638821512,33.4756419958692,120.04788457744857,62.40850576739993
2005-02-14 09:50:56.911116884,1073.1496114006914,255.60639278912177,34.34759882183343,124.10608222462064,61.36454491452684
2005-02-14 10:03:27.134721557,923.8565259389501,246.9718165429077,33.67903834946582,128.1478615297995,59.832682831874074
2005-02-14 10:12:57.636907734,1089.5102925375,241.30344975930043,35.076145982511214,119.5284088778485,72.47635866834098
2005-02-14 10:23:04.689080173,1004.4956562273159,237.08569263497338,34.584692813698815,128.87622807024138,62.28071343052575
2005-02-14 10:33:13.368032200,1010.204861593505,244.61526910190233,34.7481362294467,124.263146651979,64.95414770582828
2005-02-14 10:40:57.216137107,1074.1138254787863,214.51298424794538,35.709840774066954,128.69444421100368,68.99331366276083
2005-02-14 10:52:59.807982048,1095.69101439036,252.8479732734827,35.04037739435065,128.9670059380393,67.1181132259554
2005-02-14 11:01:23.436209372,986.104971798497,238.7350399961884,34.60187284057325,124.73220017327218,70.105972835219
2005-02-14 11:13:32.442732096,1084.5606030562572,241.4250591086832,33.81568184342495,126.52472069209988,64.2666666607353
2005-02-14 11:21:42.673211171,1125.8065492143903,221.4351408504556,34.622962080187065,119.28353777587313,64.40302378907838
2005-02-14 11:31:51.240387445,-24.48763037433849,-28718017.106161594,-1.3777058818129564,-835141839895.6573,-40760.121436770605
2005-02-14 11:43:04.942845637,1078.4156701727582,245.24351308408657,34.36729221739034,129.2729119317603,68.23098412079855
2005-02-14 11:52:27.657784400,984.6892430754845,236.25160285431377,34.076083021227035,131.86300448647424,69.30220855055931
2005-02-14 12:02:25.893959927,1048.4044317482096,238.92039417051646,34.0374070230875,133.2887442629887,60.834680095711036
2005-02-14 12:12:57.954730506,1043.9516533594144,240.1457070847087,35.17991061807396,125.65975935237967,78.13304837126053
2005-02-14 12:23:45.384476257,1078.089546470352,258.7230936585264,34.90541643574554,127.89955563915751,64.36614694978012
2005-02-14 12:31:18.190078097,1065.7843209300802,244.79704825605532,34.79239710110149,135.0735864050858,71.87588756530418
2005-02-14 12:42:28.677370340,1115.0054349464924,226.10332142624122,35.90537831998996,125.68302590430794,59.02307659163125
2005-02-14 12:51:07.170992198,1086.2013506037324,244.50116372600763,35.210277052490376,126.02955373064832,63.12819331027688
2005-02-14 13:03:52.468258849,1003.0500949057226,256.86874625586233,34.364270933345125,138.03886076841604,71.91501346706785
2005-02-14 13:11:46.171262651,1071.982342184035,248.6358572850489,34.55641423467828,129.00541907106933,65.2105068793904
2005-02-14 13:23:19.732769363,1127.3038224591915,232.0536296622242,34.7049414947162,129.73647195907094,61.15212439677857
2005-02-14 13:32:43.479665279,1047.3291884113733,235.51713082854326,35.64320036607967,132.1321212510398,73.78049340884206
2005-02-14 13:43:15.914152785,1084.2502881911448,245.30288832523968,35.22921451529306,130.99036383681363,66.34613433864737
2005-02-14 13:53:10.773342132,1026.9195319051344,232.42566834043186,34.45206210811974,125.35897528683502,66.5950909822428
2005-02-14 14:02:58.380153849,985.0913042544987,236.0361732709692,36.22483718100851,134.79167466007993,64.73913466129797
2005-02-14 14:13:07.668869117,1013.6358518527311,242.9187901614312,35.63131059467238,133.3454177512078,77.46739325977347
2005-02-14 14:22:13.504510305,1051.9464684728202,243.97795090961873,35.08776141908903,143.35692564251187,74.58676059652076
2005-02-14 14:31:08.708132351,1035.4747645768784,224.9672155332699,35.662948452751685,132.1596585646859,64.54105553877751
2005-02-14 14:42:34.857307192,1067.6833731072597,230.31246072092978,35.402241402483774,127.34072331614638,64.98062985180296
2005-02-14 14:53:20.261555013,1102.7111899059678,240.46409434456484,33.83914972354875,128.86756411939638,72.58651779435046
2005-02-14 15:01:32.324991872,1095.9090932441097,229.74215469506095,34.61507302814136,142.482588443847,67.91732245275196
2005-02-14 15:14:09.057826991,1055.256015584783,255.06966791765632,34.49615135057454,131.76480087999934,72.86508799133986
2005-02-14 15:24:20.752607439,1086.5875764206125,250.02706946068537,36.14372246429729,128.5484514429057,66.4746484197457
2005-02-14 15:31:06.541735153,1079.9689130451852,245.76231460798334,36.02684779829354,132.46702314002115,66.60815843250641
2005-02-14 15:43:04.856587459,1103.7547048947672,237.59034982996926,34.6806450596133,137.84126159352772,67.97800217895718
2005-02-14 15:53:44.898923076,950.4979439190731,252.9138710505943,34.51246878592947,136.47532223587595,74.05084408652425
2005-02-14 16:00:18.911779438,1044.8311385875425,241.04709151479258,35.96089451286723,127.57892932305735,83.34026985368641
2005-02-14 16:12:42.767152592,1015.4564392160403,235.49556804778192,35.469634343950176,134.19637422610236,69.68740051011197
2005-02-14 16:22:37.776572292,1102.188850254608,233.49431913261716,35.18639042709391,139.7277706832949,62.00754778668208
2005-02-14 16:33:46.287896212,1067.2137459025842,238.3434746051557,34.392532324686314,130.6531048560716,75.65438754463744
2005-02-14 16:42:56.729710918,1060.0994104698507,258.6796172416111,37.147842807846054,138.51576971257523,73.68312121569478
2005-02-14 16:51:18.180075027,1059.120777149207,239.86318377560664,35.92225591606143,134.7303194148935,74.44578096935028
2005-02-14 17:01:14.328800103,1092.029601596391,220.59419124244215,34.521584260724325,123.76022562225074,71.64615771141845
2005-02-14 17:12:25.967771903,1056.924908377777,241.88591549058415,33.97859155967637,126.9435203836017,70.54341023500304
2005-02-14 17:24:26.336121404,1041.1533310435168,236.32621113027292,35.856148068741874,132.4232603168395,71.7751903684852
2005-02-14 17:32:55.505615442,1023.2240268189616,233.35154977926157,34.71885560963474,140.675686498604,67.5767288315772
2005-02-14 17:42:30.161393612,1001.501195411492,232.65257483990928,35.069047982617114,134.21653685684726,72.03641584477091
2005-02-14 17:53:40.916371230,1160.0141833985147,248.11283410563814,35.517080960958666,136.56090169406843,70.70825620832525
2005-02-14 18:02:59.912367705,1083.5666284254103,234.05309612274573,36.811379295363444,136.05724257830946,67.9784938169893
2005-02-14 18:12:37.631318421,1139.7833750050875,249.89434051063586,33.79358909086215,133.40047122538473,73.07225967537694
2005-02-14 18:23:09.853438211,1020.2281983275661,241.8995765675249,33.82776424712841,131.47199120408348,70.10024488165774
2005-02-14 18:33:44.033326153,1113.031846552888,254.41024885564602,35.05204220409654,133.76528459866972,71.6616849601156
2005-02-14 18:41:56.188942372,1083.86898275934,251.16109603537032,34.49391647898908,141.71628334227418,74.97899736672373
2005-02-14 18:52:38.311854330,1074.5536511077628,240.18997568900926,33.573292407592305,142.28852037526994,81.42244179896032
2005-02-14 19:02:46.054990227,976.1449145267765,246.942215317714,34.995628717728636,135.20638819947487,71.75811520632043
2005-02-14 19:12:49.161948582,55.814658615392524,111.59851349172258,22.355122028901448,125.86479679375967,73.60441934545764
2005-02-14 19:22:03.939871882,45.344307223122755,90.37089475728928,17.89243200071484,111.04080528180758,71.60135820620249
2005-02-14 19:33:56.886545668,33.14979422325352,66.47157944027293,13.363579159128268,95.71807126505539,68.63661162173065
2005-02-14 19:41:37.533293421,27.364935494369785,54.614871939824674,10.812177840884777,88.75391926230434,66.58848286451598
2005-02-14 19:53:21.395244980,21.310649724829354,42.50835414411519,8.404169521004372,80.72595374421994,63.64888192239209
2005-02-14 20:02:15.294926470,18.369801009320632,36.6725650104031,7.302426412347385,76.52496890976751,61.62086084504285
2005-02-14 20:11:38.927273077,16.18723465995134,32.431788731661506,6.502795064772187,73.00140859915274,59.54233313813902
2005-02-14 20:24:11.753475873,14.33439220304963,28.811457579679708,5.7689212686243065,69.33647312403586,56.98462362960424
2005-02-14 20:32:39.837730345,13.697693741586704,27.58523503372948,5.377699012677673,67.54980658621386,55.45368872097791
2005-02-14 20:43:30.151776700,13.246267363144058,26.36909405187768,5.388674186656251,65.43019274063549,53.66404911534493
2005-02-14 20:54:16.739650684,12.814961159573544,25.51395181250021,5.128548261923951,63.195369977696295,51.784553943927385
2005-02-14 21:02:21.356727547,12.894131042807718,25.21758828593883,4.947275854730024,61.87625620848918,50.76168509866725
2005-02-14 21:12:25.347410588,12.497130541726051,24.941009418317357,5.217959914582787,60.333507018930135,49.33365088777874
2005-02-14 21:22:33.746978638,12.368037561598738,24.774597201555107,4.706255655322097,59.01027099760012,47.76409180321108
2005-02-14 21:35:26.772741250,12.35854524992704,24.72023529576973,4.865719646696957,57.455875083213705,46.176416095347015
2005-02-14 21:43:17.441850565,12.23687353269552,24.381686500096748,4.90979962999554,56.44960774173671,45.36936118055391
2005-02-14 21:52:28.087314856,12.207389549833705,24.479190234741903,4.967882804563799,55.535420741793295,44.37636882417925
2005-02-14 22:02:32.510119279,12.205902554375516,24.34022698483495,4.681404462492625,54.43089184640815,43.52289355240835
2005-02-14 22:12:06.049805619,12.22096559159149,24.32316128004466,5.041427511514568,53.47252355956166,42.53297126851282
2005-02-14 22:21:35.139908235,12.137425717839283,24.207052575946925,4.787752933037008,52.85387494600622,41.607859062172444
2005-02-14 22:32:41.056987817,12.160912378269636,24.16119025306015,4.843270072617169,51.715429789551735,40.662892835897814
2005-02-14 22:42:17.465403424,12.081443712939329,24.038554941231304,4.861435035883213,50.9471483750975,40.160365712587264
2005-02-14 22:52:11.768866951,12.002783074900343,24.036030982675836,4.855735847661289,50.20143035558364,39.159740585640975
2005-02-14 23:03:18.066567918,11.971850881629221,23.746391415742657,4.773959449494936,49.335069659467564,38.688729157181136
2005-02-14 23:13:24.213273173,1097.4893688194402,164.68221587379662,16.790616040514887,60.131189716584,39.17316650087074
2005-02-14 23:23:09.526203531,944.19878564011,167.1845901801862,22.02458953364042,58.37646627414458,42.751332794833125
2005-02-14 23:34:17.127430873,984.13784590145,191.01697370086856,26.779426079272884,72.48286801725683,46.76176912432285
2005-02-14 23:42:16.083722427,1007.4755749199938,218.48340905721315,29.53793389654832,84.36230511005569,49.63535232289478
2005-02-14 23:52:58.956452966,1132.0959693076122,226.09596416214967,30.648069121872958,99.5745881868769,48.206733900606785
2005-02-15 00:03:47.120995541,1125.0207863207002,212.82176796815077,31.5280990397236,107.1885228973794,47.44032270617415
2005-02-15 00:12:20.963131104,1088.0538253060483,230.56085199885206,32.61410355788428,103.14307152532089,55.085791955611384
2005-02-15 00:21:48.671500979,1001.4405043736435,241.00903100519824,33.976824895329266,104.70536216600807,61.191257107085775
2005-02-15 00:33:52.273931000,1383.1277914316804,8.470582719353255e+20,1022854.8679098885,-25739959.38476639,-15.330991664097057
2005-02-15 00:44:06.282643070,1059.8990864120296,246.92400503901803,33.66729546466249,117.95183211512557,47.66242225440939
2005-02-15 00:51:54.349900353,1003.2759043615295,234.98246618166868,33.863173429894985,120.42673315256874,60.30139088923025
2005-02-15 01:01:16.843205717,1075.2912679003562,259.8720740633983,34.152649433469925,122.78474289523109,52.310042839970684
2005-02-15 01:11:51.341600523,998.9255861010153,227.11823854857457,31.286492000415862,116.64588461121886,66.4777503373263
2005-02-15 01:22:05.331465673,1042.038317555533,251.48782543910383,35.31705518187062,120.48632034086297,54.54452952815109
2005-02-15 01:34:12.254278319,1017.252105942303,238.57872555969863,32.71785585155434,123.19703197104896,58.48199898587609
2005-02-15 01:42:07.844685082,1018.381192589342,248.2218972838873,30.914905345839273,119.11246579130915,56.46783403618382
2005-02-15 01:51:55.869785253,997.636429953582,245.8555893441116,34.940707015396214,104.39627575565774,49.05842189284412
2005-02-15 02:03:00.634798425,1046.6978936339815,236.48110395061104,35.81430191521031,110.34377344311885,53.39482452270608
2005-02-15 02:13:23.171375256,1068.559614173496,252.99702226027412,34.64881468937988,122.5487342819049,59.18945180860494
2005-02-15 02:22:28.053263086,1037.1759145381634,250.44825753596538,34.04076404685048,120.92844441564009,53.988130841222215
2005-02-15 02:32:06.254298895,1039.1129161159029,232.17786853121282,34.1770606144255,129.95064860209928,61.993507708909675
2005-02-15 02:43:25.257368884,1120.124621488485,258.6024287004894,34.072939642607984,126.19524382422657,65.02942251354929
2005-02-15 02:54:02.833017897,1053.4873866918942,237.70655083506958,35.313791246944454,121.20154558206714,56.15065150695809
2005-02-15 03:03:18.763044103,1112.0032848135766,242.34217670142033,34.72438869727931,117.44661559799408,70.31190874280188
2005-02-15 03:10:39.665255599,1101.886105254414,250.5758450226204,33.15756956672299,128.14473709482098,61.73216549941631
2005-02-15 03:22:20.007076034,1064.216722548161,236.16011653781737,34.947634676611216,120.12523322992844,52.908234410529474
2005-02-15 03:31:15.213695411,1106.5024848637477,255.17769500607903,34.05241979092511,122.75194476604649,59.18356391523131
2005-02-15 03:44:14.994775788,1035.122351311102,251.22590501172704,34.08974245762285,127.1581270033445,74.47102525575882
2005-02-15 03:54:22.661748273,1121.3428582447405,237.91572391698557,33.72533019141315,118.65205173305449,54.483148110232534
2005-02-15 04:04:17.435841155,1053.9265780992068,235.14241232376713,32.1196047460517,123.23281010302028,66.56707087392282
2005-02-15 04:12:04.655850248,1110.8974624619027,232.2105912466249,34.57974191590366,121.8058949815999,61.62787834666304
2005-02-15 04:23:20.200156429,1057.4196695914509,257.29057420188497,35.38842949201733,118.64909682596739,62.231774237681925
2005-02-15 04:33:07.270791822,1082.4763811728124,238.26388062928143,34.17447275139112,118.41007975030715,61.854563033516115
2005-02-15 04:41:46.654179932,943.0537261587008,240.8113497853661,35.12981119945039,126.99601062567162,67.34773130076545
2005-02-15 04:53:38.973328382,1086.9177815971905,243.4269101469549,32.285200498082176,125.75321231963947,62.1946137113323
2005-02-15 05:02:59.541363220,1108.5209772142432,253.18268801973275,35.4925711876969,118.36556228684661,61.92118964974297
2005-02-15 05:13:38.160569860,1022.7345659973912,227.8561731268346,33.907146717615255,122.15510881656203,68.91114810395966
2005-02-15 05:22:41.539415088,973.5868923939436,241.1673697291475,31.086226812226105,118.08262512463985,62.5006329209484
2005-02-15 05:34:08.583474753,1078.339531009936,248.18330109975184,33.5805629908273,117.7392319467157,59.724469426877924
2005-02-15 05:42:13.331417233,1149.9084387131722,253.71465088882337,36.33355959089611,124.28663158680304,64.42485136215356
2005-02-15 05:52:13.801215715,1038.3239266795633,232.2873516742803,34.870752294381944,130.15321107980327,69.72759648895814
2005-02-15 06:03:55.530464657,892.0884982072264,237.43586101764046,34.9482508587465,120.58967860495608,60.226531443784566
2005-02-15 06:13:03.595000310,1090.0427794641153,220.83113950771136,34.25549237455588,122.49698239238224,55.22070206223462
2005-02-15 06:22:05.172175216,1032.1231087201625,235.91806484000477,33.311948099749955,127.18235738333343,58.89180594173193
2005-02-15 06:32:27.566761889,957.028798067291,233.57738133622894,35.33378036798637,119.95134231970242,58.23796380286935
2005-02-15 06:40:15.744615368,1109.8093296644881,246.0831845169203,34.21069793246704,119.74294477070573,60.45408537387627
2005-02-15 06:51:39.833911737,1146.0507878981768,250.6390560383206,34.666362151350874,118.32178090602466,64.7949991597568
2005-02-15 07:05:16.092895950,1115.8154869045652,240.1827834221258,34.82351403590549,119.71147005050233,63.272809026662244
2005-02-15 07:13:02.705362529,1079.836026459796,244.3304616090418,35.20619483022951,128.71321732004216,61.56256945700459
2005-02-15 07:22:06.077541006,1104.447387716987,251.75644955586452,34.95171317653193,123.20508621885101,71.28828808637417
2005-02-15 07:32:47.953167463,1055.4161379865957,224.6079331980836,33.70489046443956,127.57086159418144,59.980786725775815
2005-02-15 07:42:33.495189876,971.9304272804972,265.7666588600174,32.548873398827254,128.0827925234723,57.51146923140927
2005-02-15 07:54:08.062813265,1115.6112124156298,237.57273328789685,34.465591503847925,122.07578776041747,58.17636902046793
2005-02-15 08:04:26.962521802,1023.5368766097229,243.0901778383792,34.99210433164379,130.85732948518404,67.20458307045581
2005-02-15 08:13:20.493114100,1077.4039589333302,235.90536820671696,32.59135806880144,116.19333226176573,70.24586959254536
2005-02-15 08:21:02.676886207,1018.0548912282369,245.79649179613756,32.56480067012623,119.32614945787924,57.360579143932945
2005-02-15 08:33:47.357731444,1146.0731608274746,232.1765753158841,35.363793051456064,127.19277319710626,72.55792503220442
2005-02-15 08:41:57.466624294,1083.9603720730972,239.32448844759512,34.23202100304482,121.86808901243667,60.289308272694704
2005-02-15 08:52:32.430985548,1054.43966192184,254.83614178590486,34.288471372147214,123.52050453187061,69.7581711953842
2005-02-15 09:01:46.339775710,1073.8942471166051,241.71500031378906,35.660125511342194,124.57672937582109,65.71916297704495
2005-02-15 09:15:06.638623417,1131.268940250705,247.36007750579233,34.67437517246709,120.29515700787796,58.678841495333195
2005-02-15 09:22:28.317320089,1019.2185163363351,226.7773627155997,33.41881521630278,127.20762612025507,66.89551516302839
2005-02-15 09:33:26.202795271,993.4375974892388,234.99563856758655,35.28736408051112,133.19237792930087,52.921839757032046
2005-02-15 09:41:54.606399790,1067.1150912216222,247.0325531086861,33.81249748085326,126.92631897622636,67.12268798730562
2005-02-15 09:52:38.594573545,1041.3982073319416,250.57432777242596,34.594673372762514,136.319601725972,57.399329667873744
2005-02-15 10:04:40.370248881,1114.7274569930141,263.8286361503532,35.3568757669703,133.97175936381748,64.05454047241696
2005-02-15 10:13:26.226555268,1125.7243614418117,237.01722193124408,34.453226932367855,130.74306548250127,67.78399074346967
2005-02-15 10:23:20.853628964,1007.9327362586208,250.7359670572063,34.99824833673197,127.69522017756464,65.08394905031648
2005-02-15 10:32:35.546937367,1031.6782056223276,245.90906723571706,35.345492378214026,127.34658761249712,67.55419157061371
2005-02-15 10:42:37.204098020,1088.179810358799,268.93247175391326,35.408655306510745,123.60110872448018,66.7774554165754
2005-02-15 10:52:47.531743952,1079.7200526655245,242.17753777450898,36.16714666427534,124.24936786346011,64.76580621524761
2005-02-15 11:04:06.912654375,1019.8202246924686,246.7408077635752,33.12266557156759,128.40277816927798,67.56873274092379
2005-02-15 11:13:39.019292259,1074.443385090747,251.95600600785335,35.08833992213592,123.91922935181465,60.45847034535327
2005-02-15 11:23:12.147534665,1059.0907547186023,254.2211973314327,33.799605597053564,123.43550810873991,67.01888980541467
2005-02-15 11:33:24.375273517,1048.3913846331682,251.91505833499207,34.27570475565494,119.53181735987933,67.17651056490492
2005-02-15 11:41:39.970797557,1078.0409245339288,254.1870090412846,34.62756017000708,131.28466418588488,65.57311956383056
2005-02-15 11:53:08.452763599,1067.4532339016841,239.9631825916885,35.148553305805116,126.10330942666246,66.46936018573808
2005-02-15 12:02:52.237838429,1226.9338494072065,236.16787194715528,35.61273833940089,113.48488370684808,64.837917275277
2005-02-15 12:13:34.562887997,1098.1536976662137,237.69337507762535,34.861474591370566,131.96199007937074,67.3143695827664
2005-02-15 12:21:22.795119591,1085.4533502018435,246.37591548125064,34.04396311219355,120.47566059907244,69.52740253579223
2005-02-15 12:31:38.564487868,1077.1394367755997,236.8637688226108,34.994303129659954,130.57350366034996,74.58347838590348
2005-02-15 12:44:43.483935124,987.954203451053,215.60162421983893,33.05382113042064,124.10469058043978,76.13392704485716
2005-02-15 12:52:25.735057159,1019.925795851841,236.80127402696644,36.62129568759064,129.33033995860578,55.63285854325265
2005-02-15 13:03:51.066909543,970.8184174680356,273.9600948215424,34.93636266133997,133.02176793834178,67.84845274619116
2005-02-15 13:11:51.066707521,1066.517242954242,262.01384844634583,35.5782078994702,123.10901392896798,68.26448868639244
2005-02-15 13:22:40.120880971,993.2621536537636,255.01208446631532,35.68800383581139,123.98626798066594,72.91180385953805
2005-02-15 13:33:26.004927800,1028.9810255916866,259.3955520177622,33.7677283746843,130.53432917933117,72.6541934881366
2005-02-15 13:42:27.508093701,1093.0213750326077,239.97813725382818,33.53354354120948,138.44980310450805,66.53449738760216
2005-02-15 13:52:29.692069502,1107.1118109843485,248.59688319760872,35.59100141595647,133.35221628482154,72.23115322748248
2005-02-15 14:02:08.566987294,1040.1174925886096,272.1667828746409,35.44194805470308,140.20941185874108,71.49071254948315
2005-02-15 14:13:31.789132373,1019.9161223627999,247.85740682096656,34.91283068582484,125.62215763692834,71.71581046149706
2005-02-15 14:23:24.604762679,1068.4110969928124,238.0593667050406,36.00275641290596,132.29910200525472,71.57960067025687
2005-02-15 14:31:06.491762162,1052.9812670465578,243.97698527436657,34.213527448545726,124.68764957602792,66.30694779166382
2005-02-15 14:42:20.819818399,1069.1838016923075,232.51042163142128,36.07539286221354,132.50445092155576,75.03966998395862
2005-02-15 14:53:14.543327814,1117.7040065125436,254.121443303638,34.08697949707307,135.0371559821137,75.24782136066715
2005-02-15 15:02:20.700573223,1052.4076453813175,234.01947504864668,35.41090688683381,129.72747566684447,71.31200304530282
2005-02-15 15:12:11.034499338,1084.4838605275925,251.62854897595992,36.22459302575105,130.84314994767635,81.42868265503523
2005-02-15 15:22:19.095718155,1104.6657359769326,230.58412937952897,35.9977585226717,127.7352385412849,71.40007443689626
2005-02-15 15:33:04.230934733,1004.2512652032838,236.75965757590458,36.79575879086926,133.53566523641894,66.76155470718152
2005-02-15 15:43:52.422381052,992.8702168880266,243.6637401883857,34.69750432011798,133.33293189865304,66.49796263126395
2005-02-15 15:53:01.284618052,999.8075952530295,232.35361169281234,35.907447757681574,136.13669262314497,76.49692010019638
2005-02-15 16:03:29.897461556,1136.8062032336177,262.4102008550521,35.63335168499474,138.33740462542636,69.43403354881549
2005-02-15 16:12:50.794262815,1043.1492269048467,252.2646085281743,33.97751124067142,132.7070298607952,75.70794448575452
2005-02-15 16:22:15.159270329,1062.690358736629,270.2129213164273,36.430720971800234,136.88082523239717,66.56559743002352
2005-02-15 16:32:32.906668989,1041.0879310945875,234.131453787739,34.542534409316346,134.13768729194203,83.82449980928175
2005-02-15 16:44:13.990524484,1098.488698754588,238.57502282414907,33.091195911147395,135.8435140205922,81.61189558328714
2005-02-15 16:52:53.028431718,1006.4951931048421,237.56607116729973,35.251384845161716,138.51465193466427,79.2966058080693
2005-02-15 17:01:37.210542401,1115.962620490744,239.77841289487966,34.393743110382744,141.3993715455299,75.89621923500945
2005-02-15 17:11:02.369602059,1136.1855117604464,235.66436870115564,33.67957606124206,135.22171574737624,66.78203242190742
2005-02-15 17:23:32.580352480,1035.932049088245,224.85708934637762,34.56338184811511,126.75191150800245,65.35144671819559
2005-02-15 17:33:57.648148726,1067.722722285533,246.71265908132335,35.7180103530043,132.49745268288035,79.36179775647439
2005-02-15 17:42:32.553358440,1150.7236135390615,225.54343891338692,34.6934837048086,136.46604080301677,72.1506507246943
2005-02-15 17:53:07.898924102,1118.522586631615,258.0205940406008,34.56762192849503,130.96996268581802,66.23374657316366
2005-02-15 18:02:03.770264570,1051.1959930461674,243.64675735689073,35.4243267187072,144.02857374933993,72.27105953118982
2005-02-15 18:14:52.399028826,1030.944589779076,254.2120664810477,36.91845012656435,136.2352450966164,80.80481824184947
2005-02-15 18:21:56.527864533,1039.5362014316204,244.0826580080481,35.52567850521991,139.16566244146506,78.17467721250456
2005-02-15 18:33:21.019247456,1024.408560518933,256.8785123499196,34.95858166918631,138.14862982091557,75.27239419194875
2005-02-15 18:43:45.917628924,1036.5267160063813,245.5797189995156,35.61251388218172,141.45633447637604,82.02623652079278
2005-02-15 18:52:27.136210383,143.58131635109254,-27.3820747614305,-197762274443.6856,-725550253850.0908,-27723879.911689796
2005-02-15 19:01:32.616285525,1092.9908550791351,259.43975506154055,34.58717299473577,141.8624563782559,68.03591699330055
2005-02-15 19:13:40.008599920,962.8287374577229,235.4675182818422,35.243890087277805,133.647624208734,71.57475631821572
2005-02-15 19:20:40.903633736,1050.0904222937904,226.24774996400131,34.13769362947343,128.31980325287694,66.04045313886006
2005-02-15 19:31:44.443241830,1028.5373897032766,248.81025279327264,35.45977131919147,134.08029444045883,75.14185025343535
2005-02-15 19:42:48.763565613,1098.456916523002,226.38155950745994,35.70714625959165,128.89254231588896,72.33492479864505
2005-02-15 19:51:42.563863996,1002.6397023655096,248.36045701576947,35.19412677648845,131.21630755620893,66.81940884477393
2005-02-15 20:01:34.435510310,1087.6652700510606,248.32627877579523,35.71469664147341,145.57350683932648,79.4779738960358
2005-02-15 20:13:43.921610599,1055.794090953645,256.47434522732124,36.634351026895104,141.72482303208199,77.78696839723773
2005-02-15 20:26:00.044524578,949.540999870377,248.48684769065062,36.510715912087655,141.86007456562135,75.33478470358281
2005-02-15 20:32:41.420549855,983.359474774807,233.7503654603695,34.43089257199958,135.7095837181575,70.95282416181436
2005-02-15 20:41:36.710582278,1010.3419839848863,249.51763566967463,35.48522580383976,145.0624617689149,70.77619073172936
2005-02-15 20:52:55.794636644,1066.4549049501295,255.92557622916223,34.625527404543654,142.3910954522968,72.54483598404617
2005-02-15 21:03:06.127629783,1077.4632212568752,256.8505176895037,36.10233767652517,144.3118382070583,78.43421710751313
2005-02-15 21:12:55.733073942,986.7674246310805,264.10545258131356,35.77525056733778,136.9161673077499,73.45537883517214
2005-02-15 21:21:46.081668975,1084.056482931272,245.41413645171573,35.20110555115258,137.1488903726455,67.13740056789288
2005-02-15 21:33:32.405888119,985.4404269212209,243.714941543671,33.874791567071725,133.12878787756938,76.68642344745803
2005-02-15 21:42:41.040222790,1049.9714283047508,231.44130003550458,34.248616526091986,140.3502854354669,75.17143622597364
2005-02-15 21:53:25.664811914,1166.278412701437,233.84549339829954,34.72807173596109,131.39039680137626,68.92041959340965
2005-02-15 22:04:32.376498529,1055.563945107722,243.88842445037918,33.558698697572716,133.71311561056706,86.22414952325433
2005-02-15 22:14:15.953444925,1006.8562720580856,237.71220790994502,36.18199614013438,147.07271771696753,78.57150172737597
2005-02-15 22:21:38.927246013,1092.189882056916,252.55429813118928,34.56405303510736,133.04509571266027,72.27903511796917
2005-02-15 22:32:35.612768395,1414.9722072980774,-1820693784.232978,1.7803222722549636e+41,13845465194.970146,-245.85778202573223
2005-02-15 22:42:29.374309011,1134.0668369678883,246.0518599666941,35.894347377347486,135.51723593209013,76.1649456634892
2005-02-15 22:54:18.185074243,1069.3507054275017,244.08811406295135,34.409391132838074,136.17331373766316,81.18025270302039
2005-02-15 23:01:38.421546878,1056.3115492103339,238.89825018048182,34.919536827536135,128.70621181300675,72.57504163044587
2005-02-15 23:11:50.163971455,1109.684020952196,249.12492202014715,36.90545664681518,131.64662341080393,65.37558515178938
2005-02-15 23:21:59.097066541,1088.2597266341945,254.56812348247502,35.12523612811866,141.01764070360406,71.10418721475426
2005-02-15 23:31:19.844228239,961.4360587559927,240.2216285081304,33.01172472509725,133.91011097461652,71.24948653855796
2005-02-15 23:42:37.347844954,1101.9371836686212,255.4361657687179,34.94839505782544,130.9076436746741,70.6640773717412
2005-02-15 23:53:33.560889587,1092.2529886118728,243.77687792754077,35.368178540920304,130.9427587087228,71.62488766309347
2005-02-16 00:01:45.139546877,1003.9092350799749,227.73162656758106,35.42894073928704,139.00843941264478,70.89329605387341
2005-02-16 00:12:39.213908893,960.5426772324772,221.43307125146978,34.84011603115986,131.76524080581174,68.74052185341002
2005-02-16 00:23:14.473000584,1025.9926926834967,227.32230404276183,35.12792342381504,130.3064170695436,74.18586664384442
2005-02-16 00:32:26.993354438,1027.1239625127168,239.9366069836037,34.21506514263827,132.82682036967913,69.20129983782824
2005-02-16 00:41:58.130152394,985.971175001401,236.90104440871698,35.19096908500492,127.52884680055882,68.57792283082676
2005-02-16 00:53:16.908806913,1085.2699255756172,246.06316388658152,36.68532278025831,136.10104850506897,68.1729920544924
2005-02-16 01:03:05.397385502,1027.737873819144,245.41803572234255,34.032709212768154,135.158470286806,72.68368781695258
2005-02-16 01:13:03.119697083,1050.0946241401443,249.45223780169377,35.935417021881854,133.28567234294678,74.73838695152249
2005-02-16 01:22:23.379369194,1023.350235622213,239.17039136222806,33.952313565680775,141.7734781698524,60.4675263963221
2005-02-16 01:32:23.664658304,1124.9210449484997,237.42701229190396,33.28471329186078,126.71355662090544,74.47335237467725
2005-02-16 01:43:14.014319442,1140.0905844789443,252.5173740548921,34.16674409258617,135.63143922538887,68.84149541847978
2005-02-16 01:53:20.981610416,1060.0741559568062,237.6421254437437,34.060509193832274,135.7769634287707,72.18490738691315
2005-02-16 02:03:01.098635231,1093.1255387581834,228.92963694043252,33.66894701506118,123.3707787484185,65.55752220341529
2005-02-16 02:13:58.538373433,956.0456992674192,258.6190301751231,34.487473070616275,129.39864843119628,64.15555254521934
2005-02-16 02:22:42.596880049,1135.5845398151682,231.04173029126937,35.074519333891566,133.0916780822183,66.24778012761963
2005-02-16 02:34:17.923876327,1012.964647122697,236.25889108730075,32.98152413890331,118.04941301706896,66.9577807418838
2005-02-16 02:42:49.565028633,1006.858527338837,239.0000623649266,36.15364229520969,135.3043804361779,81.391643475363
2005-02-16 02:52:21.270599689,990.4636712843387,248.82949774969097,34.4096472713591,120.92220858371624,67.14191751410223
2005-02-16 03:02:35.944251687,1035.9402234818024,248.48981648867408,35.113285679908465,124.3969952956525,77.75806556376847
2005-02-16 03:11:41.231712774,1119.3241360817883,231.96395659028093,33.16310653527869,126.86240749759808,75.21872030618978
2005-02-16 03:22:53.675413599,982.1552008791836,250.76427021588086,33.74153524380054,128.9379337332518,66.68416531792674
2005-02-16 03:31:51.647815726,1055.72868936723,215.58822903893665,34.66207322340277,125.15415130606557,67.86446086782026
2005-02-16 03:44:44.734795961,1159.7403605358288,255.8827230508924,34.981891268186175,119.69056697665415,58.16094140156938
2005-02-16 03:53:46.601044767,985.4707457001607,242.99041975209488,33.964598408941185,121.37625895028589,61.25753777722578
2005-02-16 04:01:22.630619833,1115.63108740312,259.38100425176367,33.766969932478105,119.65712187593253,68.2541115534101
2005-02-16 04:13:03.725208634,1054.8375929867127,251.7767330037494,33.48263516323103,126.43802345752333,64.53971293390069
2005-02-16 04:20:55.438800081,1082.161938373561,247.76117702740245,34.5859601156615,122.747272811535,65.96894356168607
2005-02-16 04:31:00.369605310,1029.7913880029082,229.60540840853707,35.070155295662104,127.2098941545985,72.71536190885048
2005-02-16 04:43:36.525234059,1081.693730169017,225.55197364376565,33.775465681237876,129.08046907677155,67.61840926427028
2005-02-16 04:52:05.751104235,930.0337899819841,245.5044663038984,34.60557068462175,120.54230683991469,67.84342459193425
2005-02-16 05:02:26.181109699,1029.2220604823237,245.026439635668,34.98354508047763,125.43258802830461,71.71755997565793
2005-02-16 05:13:29.776801709,1083.779631927318,240.84409330140574,35.06504751776474,120.31515518405038,56.783895069673605
2005-02-16 05:21:28.613586454,1065.1567679165414,221.88110859431458,33.18020262756654,116.76245201801105,63.26517213951303
2005-02-16 05:33:15.908839098,1092.9022510796733,248.94868738523334,35.10848034322831,119.77282222033422,67.56990150041446
2005-02-16 05:42:29.045204000,1066.2564667351417,246.2420099445862,34.655528138332855,121.77306162779128,60.50168711606004
2005-02-16 05:53:04.351021691,1034.6854925862062,252.3124855136365,33.29022379057125,127.13972220909058,66.04023164723523
2005-02-16 06:02:49.587785120,1166.3812617810422,255.28800751924032,34.083881220441874,134.1891480060668,63.131865857386195
2005-02-16 06:13:00.236837968,1000.877572888197,245.50992015291018,35.623329814135175,127.7143297357484,61.919916197252235
2005-02-16 06:22:27.474169215,1049.5469530297569,234.95454342855567,34.18452737858183,124.07958729194146,66.53332639487869
2005-02-16 06:31:24.548985777,1090.442530767373,243.3905764883289,34.612453228612374,123.74803912492904,65.26364608962274
2005-02-16 06:42:46.541547649,1121.3448036840139,237.34143623326113,34.55271903413276,131.8879271795133,61.81135967216465
2005-02-16 06:54:35.062306823,1054.9062129577967,261.03662996929006,34.869534104776186,119.85236112948077,63.56327575231509
2005-02-16 07:03:26.654036208,1118.4653577529004,229.87424520583014,34.062496318930705,126.24463024056472,66.18752736945115
2005-02-16 07:12:33.430576641,1072.5071688936398,247.31761939031554,33.94004799956475,126.81042686613489,58.660749797835514
2005-02-16 07:20:53.837534327,1006.133466421792,254.1119642402777,33.22254094634145,117.84762423633062,63.69421874151884
2005-02-16 07:32:28.629714486,1016.2688233660084,246.91696438888226,34.071337928700984,131.15126064155558,70.30115934449134
2005-02-16 07:43:12.757834599,1062.0498946082184,244.21287525110907,33.07496052068647,125.26685500719799,63.971800948542445
2005-02-16 07:53:22.424037743,1070.5488924862652,249.76245703599943,34.46491602739983,127.12479785310929,65.01030023020222
2005-02-16 08:03:01.553300981,1124.2810810306755,259.3742883129345,34.8860389751071,129.63180396660783,66.59295432432096
2005-02-16 08:13:48.855177044,1062.387383170749,247.6778616985325,32.8746141127479,124.45621016615281,60.66716689500292
2005-02-16 08:21:13.787713500,1145.363925852736,256.5650843991736,35.31754032701224,124.20388157940134,53.908260280337984
2005-02-16 08:31:46.415824250,1066.4249561727224,241.62718162616522,34.49727420010131,115.61798429099792,70.23472959724204
2005-02-16 08:41:01.367217495,1058.9909508048192,232.98795565219066,34.77874586944277,122.25636349216936,66.18475083265545
2005-02-16 08:53:12.719735709,1019.670542038858,220.22487149791635,35.98832284125859,124.2456596161514,67.09762400086731
2005-02-16 09:01:42.431185277,1191.8948926938087,241.24495899786808,35.57928227958347,125.39767731843497,62.48760114085485
2005-02-16 09:13:33.705392164,1012.1361915554147,242.04795335891862,34.52621607842493,135.02008768060463,69.83741475877639
2005-02-16 09:23:46.970627619,-1.0813300156344638e+16,235725.31451972487,240480.0672187746,1.2974843242771024,-0.03655594533496099
2005-02-16 09:32:54.703577346,1083.4720338544028,254.28093058617102,33.93822144312064,128.40596964826557,62.8825416846158
2005-02-16 09:44:19.343782340,1163.1944336091644,261.63444100308106,34.39734552935249,136.6639806813301,69.70008763784406
2005-02-16 09:53:22.710400056,1116.7710935882415,230.89887120020052,37.369797431167505,131.29364535925723,71.47799051350167
2005-02-16 10:02:55.437997500,1063.6467859340748,246.028897817925,34.93380138701894,131.0067670422089,72.16436436661495
2005-02-16 10:14:33.788763082,1009.7682376251378,243.53869028847205,35.762098180990584,126.3429939165712,66.49550492838797
2005-02-16 10:23:20.558342938,1077.3901604081364,250.84692042778866,32.31304649908098,122.989807559787,58.087911645627585
2005-02-16 10:33:06.638377048,1160.1693409633583,256.8547133734037,35.636806595313445,130.0700698097471,62.94726535357613
2005-02-16 10:42:16.745922745,1092.5781311862938,252.5384791103146,33.952400562849334,129.46907598185166,67.61773384077787
2005-02-16 10:52:56.864893744,1061.0586053577567,234.0401555467381,34.3777783813874,128.3309118102595,72.46202142881556
2005-02-16 11:03:05.668184920,1062.2671124650612,225.73734299003954,36.515155146411345,128.5967063055826,62.75406414993864
2005-02-16 11:13:41.045539260,1061.909722472621,249.68636242361615,34.93461008063731,123.98947502578537,59.01377325763704
2005-02-16 11:22:53.902413360,1021.6417834771917,230.58012026355692,35.46868356060218,127.15538507577295,61.31527334539816
2005-02-16 11:33:01.551998713,1103.0306134187786,241.4222810709932,34.79714939723965,126.50540606142226,61.73727755318523
2005-02-16 11:42:20.477501292,1052.254892749126,239.0917979306729,35.56007134565108,123.41688089997436,63.39935348049945
2005-02-16 11:52:18.021099207,1030.7956316435145,238.98518425471468,35.960503738462215,122.29801281210473,74.43220491446391
2005-02-16 12:04:01.384222926,1006.8300014685706,246.23796574376416,34.493269821357295,129.81097655028182,69.89686649787254
2005-02-16 12:12:52.104097559,1000.6437917718574,230.13222976257012,36.05587053006862,131.36298769178526,72.15978741959765
2005-02-16 12:23:27.631089979,1082.2620851754548,246.88307374123175,33.388545272903336,124.94235298778545,61.168793543724895
2005-02-16 12:34:24.795125619,1095.890211028251,255.4072707238752,34.308696633448186,138.7103361820568,69.86752475960402
2005-02-16 12:41:39.676739557,1075.521126785717,260.27836851582094,36.089134030778396,126.83570102156148,71.1046501855978
2005-02-16 12:53:23.186176340,1094.5720592512198,250.38136751739984,33.82523484536421,132.09081466707804,64.48505347352149
2005-02-16 13:01:39.941569368,998.3344045159536,267.358698153611,35.02449813478139,131.6468824207718,68.45602818936047
2005-02-16 13:13:05.780232265,1043.3777717074574,232.86839249304148,33.24265367004737,131.42086419065834,67.60409968572914
2005-02-16 13:23:26.179378977,1101.1662650422036,255.15422746669412,35.2621869330688,126.26656616793933,73.87093175366692
2005-02-16 13:33:44.538001068,-455007028.5773386,-740462586.598474,0.027460593131426427,-0.8709060926894918,-93.8988067620082
2005-02-16 13:42:05.491527571,1100.6850656679962,237.4735891327202,35.10559065708381,133.30645652122254,65.79599332570125
2005-02-16 13:51:57.607803178,1082.924205624239,245.526049662587,34.91388633657815,134.98157647915215,59.92592599657449
2005-02-16 14:01:17.368141610,1036.694845694188,241.62262739570943,35.30984015092746,130.75788662299786,70.10991263699624
2005-02-16 14:14:38.804437442,1037.125055381293,233.09391589332964,34.81201971598393,133.33613486528026,79.32461592117954
2005-02-16 14:22:44.694060679,1104.7314767011574,241.63648444131348,36.869689163333184,119.51021068860265,62.52920409269932
2005-02-16 14:32:37.205085893,1117.4862955669219,251.74429167253152,35.54630271357472,141.4603987286679,77.12896827500917
2005-02-16 14:42:24.366905713,1129.138768712218,246.25766817386227,37.25973819250888,128.97460827190903,71.47821249796002
2005-02-16 14:51:21.937005336,1087.5368596437515,240.27183133917595,34.33828300860077,128.93915552030936,73.55262674040182
2005-02-16 15:02:59.972216235,985.782807396687,255.16382749993656,37.40362248072151,133.49795436600846,69.10002090348856
2005-02-16 15:13:48.765251274,1035.7624833923078,242.98745009719656,35.51189258603099,137.1909294550062,69.7324783564482
2005-02-16 15:21:45.662662344,1038.8849567272164,238.9149774712704,35.4486748563076,136.63779543283144,80.15837944787229
2005-02-16 15:32:11.069265503,1122.7384008766926,249.13771786963122,36.16274312847789,135.8723846929195,77.1883862074796
2005-02-16 15:43:15.485717429,1081.9998708042933,261.436466646635,35.28831714409506,145.51411296637974,74.77545686424234
2005-02-16 15:52:31.637021993,959.6591390284578,230.89898287617422,34.77240785835081,137.82544961077056,74.08988255616852
2005-02-16 16:03:39.273724760,1040.4376001375394,232.42121688141873,35.82370040533427,134.94880673562614,76.85109746728874
2005-02-16 16:15:09.427150242,-2923359.7786421888,-8.67391409712219e+31,-4380.413646333515,-42051.03028161389,137802.09603686
2005-02-16 16:23:11.579818142,1039.4317299779993,257.1248349639278,35.0121382883508,139.46514011682146,73.90364676656807
2005-02-16 16:32:10.522204420,1149.338445768475,251.60983004301238,36.12057381102542,145.51618078999772,80.31026339133766
2005-02-16 16:43:24.480534719,1031.6238621836105,273.3029393581648,35.331171805735835,135.6306179664974,73.88075697957369
2005-02-16 16:54:19.491624726,1038.9482629084619,251.26221037181458,34.842226785605384,136.74147299258772,69.98182589456927
2005-02-16 17:02:08.640338985,1058.333981123307,239.33782012095912,34.93109927233809,133.1784671976654,75.0313219553155
2005-02-16 17:11:38.424598088,1104.7548207572572,250.67177088694154,34.851738417133426,131.58797831799555,72.46683216981556
2005-02-16 17:22:39.959854436,1106.777991366045,257.0099597939386,37.37315070098474,130.7124683459572,76.5856371218783
2005-02-16 17:33:23.763882420,989.5347187675331,246.32682560310363,35.9804861833199,133.48108828875993,64.40791255100112
2005-02-16 17:44:08.128249577,1078.8831644056122,240.65501822383803,35.525240988357055,136.0628074966961,70.28830445065368
2005-02-16 17:52:04.353348487,1091.7431372344768,259.83751765092444,33.43688426100246,140.5180575978305,83.72822482152874
2005-02-16 18:02:32.584130288,969.1269512326778,256.69738790406507,36.13789452995145,133.15822034604687,74.05378346933941
2005-02-16 18:13:21.068576062,1007.6451341363121,237.29035393900133,34.31574415182799,138.9457084778836,74.19058210685098
2005-02-16 18:24:06.734608350,1057.1773336401745,234.49934748521744,34.291535910696965,135.01936242175782,73.15992792249045
2005-02-16 18:34:34.456185646,1065.8616273649513,245.9790706441927,36.10511506537443,145.3471407028561,82.96288841013214
2005-02-16 18:40:54.203519402,1069.9163960913504,244.27455717196833,34.096538416643845,140.06553719896158,85.72948858472789
2005-02-16 18:52:43.167501368,1013.7179336384628,237.17481954297563,34.271938682601636,144.29935196527506,64.05088499788003
2005-02-16 19:03:36.175422868,1062.5640636138312,251.4684663208162,34.84196988267863,139.32919521267598,75.29276178564277
2005-02-16 19:13:32.795235546,1035.0323130409465,255.21230928246837,35.5677545855203,135.2341991735144,74.41138479377321
2005-02-16 19:22:37.843526190,1078.4821381685801,246.27518833910617,36.75150041401764,142.29811427107728,74.21092388307895
2005-02-16 19:33:44.648577720,1068.7388199449058,255.83399549270544,36.807750703363084,141.07786070107585,74.68377802064677
2005-02-16 19:43:53.661626180,974.1173944491225,235.11954790261115,36.33725407951362,140.89877752150275,74.47511679394515
2005-02-16 19:51:23.916825067,1141.9971161563885,254.51844290781145,36.628759408058905,140.220841652474,58.94754757650527
2005-02-16 20:04:31.733086152,1073.274341487012,249.62386515544932,34.798067591566316,131.58161155345874,64.01149642169447
2005-02-16 20:11:49.784670969,1039.301257437131,247.89403166322174,33.94710493613893,125.36669726748381,76.26621513985091
2005-02-16 20:21:42.130010044,964.163408522705,235.31577107617719,36.83322287429835,144.87458188342438,80.78345776696288
2005-02-16 20:32:14.168114765,1086.2125052130482,258.8409145582406,34.88406022250617,142.69177474166074,71.88305399774676
2005-02-16 20:42:08.748031917,1071.491188588043,261.1318290881702,34.126135926430976,132.59679152372726,64.68595386924612
2005-02-16 20:52:35.712847992,1140.8046290575933,249.40048709479206,35.81255448034268,134.38149324834998,74.0740636978978
2005-02-16 21:04:02.631381365,1063.1738074815753,249.13045422973255,36.031021267501764,135.413958415575,71.58874768397538
2005-02-16 21:12:44.203676115,988.6706518074091,251.23855588556492,34.78054225719051,135.79130394129618,73.76583740967008
2005-02-16 21:22:09.967469270,1038.3585759324844,261.5012205211665,36.462814390785866,131.7275510742365,76.27878610028324
2005-02-16 21:32:14.436516581,1093.8701429485166,248.6161433934396,33.41823589925232,134.8948936920418,76.99169695242513
2005-02-16 21:42:39.632658338,1061.7921787404118,244.98122507180673,36.031940489742695,131.80517838593326,67.55980077836024
2005-02-16 21:52:31.303176191,1035.9186837339703,222.5356628698342,36.68472559284053,136.7887418026355,71.31135988749071
2005-02-16 22:02:32.835953097,1059.1028626575783,253.95028575885166,35.93291928007062,132.20414323367055,68.41269645021556
2005-02-16 22:12:05.972526680,-230230675.63863748,38.4392492149721,2471743227.3000603,-61221267764.633316,7400055.8084403835
2005-02-16 22:22:26.660514985,980.0339824178434,235.46989201361848,35.480869058716515,135.60167539434903,77.75246952144974
2005-02-16 22:31:27.669529455,1028.821143394511,241.34953931211209,35.191013995824626,139.48932839121227,74.7831469284474
2005-02-16 22:43:39.649890014,1063.1137453377187,261.1435260230387,34.96233357438008,136.37206671093813,71.53370378898359
2005-02-16 22:53:36.233401062,1054.207500219327,238.85657538339947,34.34173830759445,130.28888727547024,66.35360839505589
2005-02-16 23:01:38.895346860,1061.9223938260525,270.6843952955555,35.19008305435423,136.81814387854055,74.34675959724733
2005-02-16 23:13:32.574687370,1147.6267022042973,247.2062252359261,34.48269656043148,130.16082624133105,75.21243970365572
2005-02-16 23:22:41.122341240,1094.8712637216352,246.39710227925974,36.60988186600499,133.34085165598876,72.99849134929596
2005-02-16 23:30:43.279068922,1090.0267846450595,248.81454271268345,35.88135857373727,134.82540294957164,81.00930476302241
2005-02-16 23:43:03.636888446,1041.9445181230737,227.27278509998996,36.45665990155042,133.33678465531722,67.85195904659112
2005-02-16 23:52:34.386756506,1029.4531885400365,234.9095493980838,34.25903197463433,136.41078401271704,60.052479687095605
2005-02-17 00:03:34.281246491,1034.4530162615345,255.89904640234332,32.926412726860086,144.56029786188446,81.92043799210734
2005-02-17 00:14:47.168496045,1112.8651749675437,241.90150616002927,35.967290670779875,136.37487697312315,66.86292592228281
2005-02-17 00:21:39.708582855,1119.569814862551,237.9636529193981,34.69050241626815,133.7260246499744,75.42879334390533
2005-02-17 00:33:30.964124696,1129.0195640453135,270.66278587268636,35.52667455093316,147.2247277784084,68.75185393433742
2005-02-17 00:42:33.274383652,1124.096280923753,240.60498597721167,35.60315895290992,141.39186195623782,73.19617449251
2005-02-17 00:52:30.303698141,1069.661613721512,249.04138108239684,34.39550014789875,128.4727035741272,66.33784451404028
2005-02-17 01:03:18.566938793,1136.3276200680104,221.73052089977116,34.85960224782224,130.32167065087557,67.4516816171361
2005-02-17 01:14:50.377504403,1078.8801587481391,210.73046145702352,37.270039493466044,120.8826191809909,63.93609558740076
2005-02-17 01:23:11.094809706,1055.163359357213,238.229870171574,35.495696998626606,132.22070847191702,77.45621903852415
2005-02-17 01:34:07.393332382,1068.2072205680643,242.01509102725828,35.39350785937159,128.74706549624543,69.63777174703745
2005-02-17 01:41:41.570670254,1092.0917659169495,248.1513145318173,34.05097093561198,124.36491835762311,68.1036042356857
2005-02-17 01:53:16.476948503,1009.0952962322348,231.36997488181834,34.555931971969976,128.69266044473514,65.40551705072191
2005-02-17 02:01:06.423839862,11053200.174457699,26247151.14767575,-111639235.73607299,-1.0211405463269739e+21,229.0259464922903
2005-02-17 02:13:00.249658219,928.4766067973113,237.50649851020498,36.66245936242539,133.76725144482253,65.91403458502354
2005-02-17 02:21:37.723020872,1033.7228589388835,228.47549597798906,33.37765103862726,133.0647836227831,66.85382101297938
2005-02-17 02:33:50.783098441,1075.3352216036153,237.7629425670788,34.28191294704439,130.2733346571315,70.22052507903659
2005-02-17 02:44:26.426242289,1002.6440513596356,258.0781763328481,35.52493811833384,128.14014654556647,62.93180930528106
2005-02-17 02:52:14.186787141,1093.3632863925875,240.53428763807906,33.82033693964225,126.11631298677784,66.52546362503749
2005-02-17 03:00:00.020192967,1073.6124446347092,249.73310004028338,33.36453220210345,122.56865600657375,74.62369300903688
2005-02-17 03:13:49.524346720,1036.827566502563,250.30122976216182,36.13909409651333,128.126958619912,69.95791440593888
2005-02-17 03:21:31.862849400,1183.1495468172473,249.84737863145995,34.831244379313226,126.3783420800502,74.4836935423077
2005-02-17 03:32:25.617064984,1066.936131203931,240.629608535538,35.272666359649946,134.89067537801364,73.44553517803426
2005-02-17 03:41:40.062198244,1071.863210010431,259.1418545189114,33.605706370306095,125.52115391634703,68.29706623138601
2005-02-17 03:54:00.686559478,1119.5045869427174,227.71491390719297,36.85091659843805,124.08325520321775,59.946036449039504
2005-02-17 04:02:01.971066801,1088.791116393428,244.88058131250193,33.83492765963956,127.93227981258202,72.59346802737366
2005-02-17 04:10:43.165166247,981.0216007055323,247.45785567331532,36.152555085933265,120.09594120185585,68.00775338300795
2005-02-17 04:21:37.092690964,1020.7225601067158,248.19899350377275,35.90222471906847,122.38566366506532,54.89477190719616
2005-02-17 04:32:15.938513130,1069.1852448392672,256.5274131170763,36.70678342677019,125.42290380974079,77.15497738913021
2005-02-17 04:43:44.192899396,1137.3509317187068,242.47871422315387,34.74352380587384,120.90889292156344,56.88818506133643
2005-02-17 04:51:58.899727635,1074.4306273755064,243.36059869731943,35.43510203157617,123.92902459277335,70.26338095176831
2005-02-17 05:03:13.560265045,1092.7209668506339,235.4990255842179,34.377866650426796,122.75444986576593,56.39914505956262
2005-02-17 05:13:41.632663721,1070.185982866768,252.71794654689376,35.958035404132616,117.00990208512204,61.04983506658824
2005-02-17 05:22:14.706477317,1035.1107387446227,254.2004367389147,35.01430730212907,128.35663669739031,66.0383573672329
2005-02-17 05:32:53.568815039,1033.9004962396664,239.2713123258991,34.58084952188907,120.80236580930881,61.83883109185026
2005-02-17 05:44:05.661856820,-0.0865959856208203,895.9286424417569,-39108.20547944989,-21.801331259509674,-123.16635268647111
2005-02-17 05:53:32.764167586,1136.1447512998031,246.71946377571788,34.400509355927774,117.1078887077164,65.69697716309294
2005-02-17 06:02:07.617223437,1133.4223071547397,247.21629106519455,34.526375637142515,125.56556988706843,63.58328922720434
2005-02-17 06:13:13.971249919,991.7844373663125,235.49017811410977,33.514138629183186,111.91104412053821,67.4101853428248
2005-02-17 06:24:17.638529179,1067.4470854284662,244.1062465841605,34.09263456411545,126.99284230166819,70.46187082566051
2005-02-17 06:33:43.562021725,1098.7503112896825,242.60018888904776,33.740822205969046,126.84793230718525,66.74385155290037
2005-02-17 06:43:08.976071346,1040.2325542088522,227.59503817871834,33.258112474765255,118.18310125846484,56.203799823698745
2005-02-17 06:51:38.595050319,1040.2520414867874,257.8369947379072,36.62263762161684,131.95674895846378,71.73548144044508
2005-02-17 07:03:34.178844605,1056.027093534845,227.9369468995593,35.75657810071135,122.66503634974625,58.066878534234334
2005-02-17 07:11:37.767559276,1087.6792727209058,222.95470743153666,34.11925623178627,116.91493127360994,63.02233628603405
2005-02-17 07:22:43.038472482,1148.700713089098,240.88915371425824,33.09600992784648,131.30261513133652,66.76414676564484
2005-02-17 07:34:53.008309856,1039.418667616609,241.88154000689497,34.15958092733264,126.8582088963718,66.21075359466975
2005-02-17 07:41:35.465532629,1193.3407092600999,260.481216347016,35.76838317309314,123.17770589514501,55.28641868879019
2005-02-17 07:53:40.064225848,1095.8036538782242,249.10230216132985,32.65617446804287,125.35816548083271,66.51726614785957
2005-02-17 08:01:46.678517350,1037.3156196739174,247.19929829695155,33.012924266851776,129.11772366307287,62.394903119055044
2005-02-17 08:12:15.093074112,1107.695867542586,242.5017560324773,34.04715662768926,121.43341153364487,71.19706700480076
2005-02-17 08:22:33.484372444,1092.710831317207,238.4610514227395,35.88713989050113,121.0814049072235,69.22959772663046
2005-02-17 08:31:15.064923094,1095.3593004554461,237.73699658271318,34.8912901796663,125.0780197732927,64.31929967422155
2005-02-17 08:42:29.431963102,1067.6708445435193,252.15649448158243,32.419639538088795,126.8314867945176,65.23357854039399
2005-02-17 08:52:56.553646603,1096.3711220532318,254.79312988558846,34.63716873753253,128.58367130851607,62.13176667285477
2005-02-17 09:03:34.808939863,1114.3000000060983,240.1279246277963,34.285579977037514,124.07960029716027,69.88087159043461
2005-02-17 09:14:08.922547571,1200.1664429578213,241.67722262243123,37.340415206249624,124.94582330744342,72.77507835480037
2005-02-17 09:21:48.487541824,1007.6091215397706,231.5541782959169,32.61394876691167,118.4219595831854,66.15139468166423
2005-02-17 09:32:18.066977739,1070.1857189856921,239.04590766375713,33.93408377413456,129.67109684406896,64.87211382615888
2005-02-17 09:42:47.054894996,1010.2507667355377,244.5386019729687,34.28564397710915,129.11404922986569,67.92273097895531
2005-02-17 09:53:43.923821258,1032.5284527505014,259.57465493716285,34.70877995399388,132.31721849190734,63.3878406471927
2005-02-17 10:03:37.458668769,1026.8983366124855,244.61350984599397,35.78110644958428,126.36536440156948,59.85119410700716
2005-02-17 10:12:32.986969742,1006.6507281001643,258.3282951394335,35.81743469419699,134.78682196992347,63.73967672985784
2005-02-17 10:23:03.727688917,1159.7095281965355,265.2481464839483,33.62575779353719,124.4041127438492,69.30202371867935
2005-02-17 10:31:53.147866958,1157.738071511355,231.38035306489863,34.59827927639175,128.4102639167402,68.74220013764361
2005-02-17 10:44:11.748102122,1010.123756388322,245.1257977047865,34.84795102183802,129.5004640487735,56.244131799190555
2005-02-17 10:52:29.582084226,1020.7007143984746,258.0144041299452,34.62756862637825,127.93241931505693,61.26220561645674
2005-02-17 11:04:00.814653604,1064.4200816552038,248.31875551997763,34.49756107380466,127.3998464814715,62.15723080630623
2005-02-17 11:13:00.454771503,1040.063279528502,239.69387722822384,34.94197078151992,128.20769062866705,70.79965514021086
2005-02-17 11:22:41.876335738,1165.9260138444822,258.2530210748548,35.70456888365867,134.8115253041484,69.76375932028809
2005-02-17 11:32:43.800509769,1126.4124180376514,238.18450462333996,34.813700345032125,125.7327813408303,66.77466795916247
2005-02-17 11:45:05.534680310,1047.9552018699753,239.35373433989758,34.45014962399901,124.4680891401046,74.85704814103084
2005-02-17 11:51:58.902306322,1132.0137812181267,249.32697417453772,33.083469318441225,132.77209255165826,67.29691695809143
2005-02-17 12:02:59.020575040,1063.5418854041316,245.98145162782353,35.41054298489786,131.61627711003496,64.64674527825974
2005-02-17 12:13:45.068799262,1087.2496950531347,254.00386287138147,34.97656768720474,133.61247203003884,71.6100099252009
2005-02-17 12:23:24.967830423,1044.7776826993024,254.16345649177566,36.06568452368221,125.1713683416964,66.1915485978083
2005-02-17 12:33:12.618737670,986.2370683103838,230.24991214526494,35.229993752346275,128.3877447643472,72.29900913069173
2005-02-17 12:42:16.676098356,983.0257609252599,236.40067846115357,34.35568886044524,132.08658650395137,67.16443259723799
2005-02-17 12:52:33.543614350,1041.1915890429923,246.14271776536427,35.38748243513636,140.12054933592668,62.2829800485077
2005-02-17 13:02:44.460815283,1078.0340032678732,230.6161318971109,34.77645793722629,132.83201027145793,71.23984987554262
2005-02-17 13:11:43.424716649,1158.3615879585875,256.9524150459528,34.8228644582748,131.03629952359975,74.32648272794809
2005-02-17 13:21:06.916323295,1014.2680277786229,256.8764965273099,35.00443740091646,133.25526915254787,66.59285144754867
2005-02-17 13:34:23.609861468,1062.0545792737232,261.6701704562412,34.18802605520961,128.08362200949264,76.41417889172365
2005-02-17 13:41:27.464866012,1089.15130485002,224.3243058101644,35.109143286637554,132.73758077973028,67.06451072892014
2005-02-17 13:53:54.590795474,1085.6715737350403,236.89389749613235,35.250974636091044,127.99955439459666,70.54064977495455
2005-02-17 14:02:27.656548328,1074.6595175401196,258.69638066736144,35.58921420295936,123.65985905569084,70.5675108212615
2005-02-17 14:12:45.505632598,1088.9576980056536,219.0575659396204,36.89926653502775,133.0119778078485,72.01427241709752
2005-02-17 14:23:02.725479581,1005.3645976190496,240.04194841275873,35.0012843985032,135.2439910818242,67.98968622328421
2005-02-17 14:33:34.652617755,1004.2453281941447,248.42253879195061,35.0180826153931,133.20968045385447,74.67823903747473
2005-02-17 14:43:40.844050364,1052.2761465869196,256.24874842978676,35.77539799418958,147.79372379530383,80.63950420827427
2005-02-17 14:52:01.355071885,1033.192317378237,242.37781775025195,35.31111924605689,127.66520263149188,69.59317706244764
2005-02-17 15:02:35.408729122,1085.7755946054529,248.76319782893822,35.98043977360381,125.0278663220031,69.59458149946404
2005-02-17 15:11:20.556962722,1053.7057460400956,242.67566595297453,36.90771060442324,124.21293695718062,73.740776356252
2005-02-17 15:23:04.821480848,982.1259841473749,241.8917456137014,35.003550225565434,140.54616263643933,69.00230728903747
2005-02-17 15:32:39.264339637,1115.1188977673787,234.65294465334267,34.175248525002736,134.51611410395122,73.01373454602826
2005-02-17 15:42:48.300685323,1029.585685698224,241.8475059373343,36.588513057344926,137.648115218019,73.84478729655436
2005-02-17 15:51:47.912873991,1054.9941167035465,237.45000572626583,35.96455386761435,127.00372785938865,76.28492974555277
2005-02-17 16:00:55.694314396,1089.5780569117665,256.44695374481466,34.24044528817784,132.72550598882646,70.30026743283545
2005-02-17 16:14:35.830296338,1074.3726615550415,253.84443663111904,34.99484333138607,140.14249610479834,67.40010734874176
2005-02-17 16:23:23.273411333,1076.3397819722688,234.5095008566734,34.5040018732303,144.58320822065153,75.22114416305885
2005-02-17 16:33:35.001564925,1058.3285770932166,240.47689626247697,37.927613543270695,134.62171175290874,65.10773059358405
2005-02-17 16:42:35.025582203,1029.1183855904,243.20044332381784,35.5695799418082,136.7248929367097,86.35559986813988
2005-02-17 16:52:37.977007532,1074.7364728851396,265.14412087040785,35.561284858072625,128.81733691743432,71.82374095470007
2005-02-17 17:01:22.807017519,1008.0748166866532,245.39504736634635,35.75480745472663,139.841289275674,76.0835856246488
2005-02-17 17:13:25.427604581,1031.297798130503,251.46229140623763,37.1444296404799,129.2467179140802,72.01973720309135
2005-02-17 17:23:42.513963494,1078.2627746788448,242.16873050871445,34.046117106982365,131.12502315597436,65.93359089850429
2005-02-17 17:32:05.613665977,1051.232630434001,243.71372228427006,33.67369343628045,134.39963233543145,77.08132445368615
2005-02-17 17:42:30.121738739,1022.6285598082998,240.16223128679533,35.69822958935239,130.16651392229645,74.81143110164172
2005-02-17 17:53:47.037111847,1046.0628650748422,249.96959212564815,36.6358284770171,141.7599890289785,71.55421073226069
2005-02-17 18:03:02.725265992,1000.0797023701073,257.72764531128684,34.67149157706621,132.4108357165197,72.92510466375332
2005-02-17 18:12:50.706220443,1065.1966018577234,241.93889102940892,35.643931436340274,143.20307265196672,76.524025253468
2005-02-17 18:22:58.160180108,1006.0120473718788,250.09090134273904,35.958056412428334,136.40303236389144,74.33118940673025
2005-02-17 18:32:06.235387786,1025.810275460935,242.40052357490774,34.24630664384757,142.73027448594726,69.59393219798282
2005-02-17 18:40:27.094864981,1067.4880097263886,239.45588852876506,36.23785948702613,140.45185030191928,69.12712603152656
2005-02-17 18:53:22.801175782,1106.5615197078644,242.24493814178516,33.63107060584388,148.52810478023727,79.68222412960463
2005-02-17 19:03:48.585023929,967.4517358505068,259.84728074331343,36.34646934525506,131.5581887423991,73.12928381937013
2005-02-17 19:13:59.726491066,1025.348833112166,249.3568968879844,34.38268174761253,138.6423244709353,75.09891834402066
2005-02-17 19:23:38.058131214,1012.02829747429,229.5878538447003,35.69062933192349,134.19301289483732,75.14372877872339
2005-02-17 19:32:27.779067113,1095.2335021100052,259.9735270206426,36.81677173493905,136.3159903538325,65.84715931593564
2005-02-17 19:41:56.314612982,994.2071039357746,236.06782779103006,35.53695425418646,135.22060948518194,73.0325854875238
2005-02-17 19:52:54.180706801,1020.3919532980052,254.0870553901362,34.00020546769318,138.10640469906747,78.65679784991076
2005-02-17 20:01:46.062763294,982.8212388096251,234.85649162307263,34.82745337505559,134.54858690968265,78.79209390105179
2005-02-17 20:11:00.326601097,1103.0685904930442,247.22934581649073,36.5362246041119,136.22398667928414,82.54009387078686
2005-02-17 20:22:43.603484986,1023.9521572960072,245.12358578828406,35.7415813112211,142.11824286120387,81.64522315488148
2005-02-17 20:32:06.478381765,1032.7322684061403,249.64166076917658,33.477485728991816,133.42914357789763,74.5614006090393
2005-02-17 20:41:05.629060469,1031.9942908973387,240.902683061738,34.697278452387295,130.46065957889178,77.56486535517539
2005-02-17 20:52:10.194883032,1013.9623321224739,246.15515154940178,36.175845758739946,138.52756328041798,70.1284413372269
2005-02-17 21:01:52.540483607,1047.7464933823858,247.59910542812239,36.224481003360765,139.99428200848743,78.14431961560474
2005-02-17 21:12:22.374506692,1098.0320883387167,243.83210107681165,36.5272198838766,136.50224201428705,72.23241016977262
2005-02-17 21:23:39.010236362,1106.4744339806662,256.4409118537993,34.320198297576596,138.39600488795176,77.64415950828516
2005-02-17 21:33:04.455661789,1030.7373214703507,237.07911470184797,36.160452412734614,134.35890247798784,67.1750692543844
2005-02-17 21:44:36.635506764,989.9842955373514,247.2627586376497,34.19918462791148,130.69470535175145,73.89566843817957
2005-02-17 21:54:40.485934373,1127.687779075582,259.83224378756813,34.478032833985466,137.5835582916753,68.42786659990108
2005-02-17 22:02:27.877102912,1025.7864100997203,230.07856317092597,34.21636546991781,140.46088424498564,67.96121087836626
2005-02-17 22:13:25.662271851,1103.1607111284036,241.7980193049909,34.20480349163928,133.26036834941766,76.69839760449446
2005-02-17 22:24:17.678313302,1145.440361363641,242.43441794643925,34.125444587067804,133.92607043492094,76.25875098068248
2005-02-17 22:32:19.428579663,1033.4112860102002,242.9096440117039,36.68259414627439,140.02600213406913,82.36671332174409
2005-02-17 22:42:16.262960930,1012.7091600105264,265.8720507133397,35.273196716228746,132.4286281761617,71.64257653716972
2005-02-17 22:53:52.153522086,1045.7668407165586,252.55574547735145,34.66261052711256,130.91843452856858,72.82627792767936
2005-02-17 23:04:15.478245117,1140.2502358861989,254.06413205052638,35.93323200196002,132.52907600358634,75.17202418717633
2005-02-17 23:12:18.759431679,1088.1025639449917,245.79000000399893,35.641800793495335,128.32460981993452,78.34569312181466
2005-02-17 23:22:51.597959076,1074.7272895027058,234.32997674187044,34.05465472471494,127.74082226282584,78.33837396995928
2005-02-17 23:31:32.329685653,1095.8416144880036,231.4211273924567,36.97179593957187,143.30302969679107,72.04964304903363
2005-02-17 23:41:40.966319578,1027.0378664088585,254.70029356591493,35.29626170252367,133.8460986236064,80.14975838216003
2005-02-17 23:52:33.095582018,1093.057947709716,245.70735370080823,36.044724351850896,136.97671029229687,69.92000636534735
2005-02-18 00:04:44.981825591,1073.4334198086399,238.5728930755729,35.311281320137525,128.08930358807643,67.67892215733072
2005-02-18 00:11:41.191960547,1054.8581199743826,245.35151596716122,35.69641128137964,140.4653762652462,74.24754777005928
2005-02-18 00:22:27.902909637,1045.4126446359144,256.8132988038966,34.604552388950346,137.52185321128573,62.044153434717316
2005-02-18 00:34:07.936555960,1084.3449211098066,239.1587915992734,35.07953963155212,133.09190675854438,60.19477788769968
2005-02-18 00:41:58.214840013,990.1696562063322,256.40335419132776,34.20252118535084,132.68871452477092,62.729054375925244
2005-02-18 00:52:18.351691763,1061.485336317736,250.10018349529514,37.17888547943023,132.09876104121483,68.02384690466594
2005-02-18 01:00:49.299099122,1120.0668514925208,239.14881273568753,34.667548055699875,130.97912766805854,72.7068390806806
2005-02-18 01:11:31.698222098,1000.6335609832237,248.27902959894078,34.453463894062246,126.22082713824341,69.11133387768946
2005-02-18 01:21:30.791420563,1034.9540155658758,260.9896384442215,34.73542438291995,127.19586313120489,79.16865173088053
2005-02-18 01:33:26.021284239,988.7807276214206,245.26291332195265,33.9173512633589,134.0431959016335,67.26059860531508
2005-02-18 01:43:44.173052641,1084.8239256522932,244.76389809965897,34.661060741649,136.23162359835953,72.68823682654126
2005-02-18 01:52:44.038264749,1029.4689717257854,242.67450281105909,33.74372961421119,133.49089563454132,69.57319267233562
2005-02-18 02:01:41.762663166,1072.9485092554285,246.32310355415484,35.24163394874746,131.86221072765227,67.33349258314094
2005-02-18 02:12:10.389516017,1003.3467986948472,221.48597608509778,35.36454746021653,123.51714287665277,71.11490137091067
2005-02-18 02:23:02.221354396,1037.4486112244558,239.60965266828094,35.904343859453235,126.58205566621412,70.01926350147369
2005-02-18 02:32:10.618417925,969.538891096295,239.05310007271635,36.13196568883111,126.34863430832701,58.37170435874258
2005-02-18 02:43:53.898310343,1022.9843708093018,233.17560525602335,33.777924193280306,128.92029024280504,66.58156182814666
2005-02-18 02:53:04.531108518,1039.3276682955654,241.04568042603216,35.10924197772711,137.94781011409884,65.84774066701576
2005-02-18 03:02:36.346876264,1109.2660920414164,251.05060108375622,34.78380060382138,128.0874932821223,61.13072102682509
2005-02-18 03:12:55.625144572,1045.8646034629796,243.05376576157653,34.84685536924842,128.40398145892482,67.92807716192053
2005-02-18 03:24:22.231285990,1126.3910133676604,250.33092400626063,36.431136685163096,127.8912395021758,64.15791258683518
2005-02-18 03:32:05.991866320,1061.783488341761,258.7440423853921,33.990134736905674,122.65841949343493,64.44917636183533
2005-02-18 03:42:28.329693441,1078.1288144610876,228.21377528318095,35.82089018410192,136.5253364633305,72.36128248345739
2005-02-18 03:51:04.062079009,1095.2202236072812,240.17210124221836,33.35487383609933,131.22745947175198,63.18641476404125
2005-02-18 04:03:26.252520068,1044.178145450672,255.27393933119848,35.827421753418065,125.87812719175868,74.25517320722973
2005-02-18 04:11:57.983693200,1082.8115152119913,246.31867655071804,35.52364093783342,131.60960485365544,71.67096042945177
2005-02-18 04:22:33.850645062,1073.7458890048472,253.99439864454845,34.36761369182896,132.95991115105372,74.51312059799132
2005-02-18 04:33:23.063445625,1110.5430521641056,248.12754005858795,33.738076532979306,122.69042836908771,66.61654985217747
2005-02-18 04:40:36.259528418,1086.170360147387,256.46553264787946,35.5605633397467,124.13267456215921,66.37479495625921
2005-02-18 04:51:57.476783384,1121.4007780315108,271.4598683944395,36.0371953136656,131.1560656695109,65.7657078083655
2005-02-18 05:02:11.707213136,1078.6280055231484,248.50410499029442,35.371677406180275,123.80916883835756,74.57730552482883
2005-02-18 05:13:18.161039234,1133.4569219840705,253.75359764616215,35.25946387031479,128.53237071294703,57.981566563474374
2005-02-18 05:22:36.803639446,1031.99459011646,249.95709048018148,33.27714887732743,124.0066669402833,58.63393771603045
2005-02-18 05:33:20.756209765,1083.9111868160112,242.94663266222227,31.793071635064663,130.66240731579023,63.796958518891614
2005-02-18 05:42:00.848276790,1041.0197667815423,233.1461533780981,34.427577442560796,121.81674263399553,77.84728605595625
2005-02-18 05:53:09.797582195,1058.8438992784788,245.52907269428204,34.15563753802691,126.80343793028723,66.49910822285952
2005-02-18 06:02:11.310956344,1091.0283467225215,239.12061517846584,34.4057342372661,121.6445362609098,62.490685777516966
2005-02-18 06:13:18.857081392,1113.1393949242313,243.44090449376202,34.79755851465788,120.24432136540436,60.91371901657214
2005-02-18 06:23:29.758142678,1073.2135184189924,246.0099523610431,35.58758442020344,120.6992919457612,68.25416910380933
2005-02-18 06:31:14.232556403,1119.2558692408816,227.65004014001428,35.958855272503875,127.6145463087117,72.97024064963536
2005-02-18 06:40:50.735510407,1069.756384947539,254.5875416556048,35.33402947458134,133.3605059609513,69.20156800479756
2005-02-18 06:51:53.328686079,1104.8322214455884,235.54160610541948,33.30480290232838,125.40891633190247,72.38624879325273
2005-02-18 07:02:34.466433618,1005.8169967089786,246.61120693721148,33.398454370953736,115.70837934478331,64.15948200861168
2005-02-18 07:13:03.762118792,1010.597943531355,251.08526520372564,34.848976207163595,119.53697388904249,63.556977475939796
2005-02-18 07:22:42.175653766,920.4966083870939,250.0428972999976,33.98927586805123,128.02964851189867,60.26803301599306
2005-02-18 07:32:20.647071393,1059.9861918438025,235.47434701544157,33.62631883774818,125.1789752059014,59.9510042662883
2005-02-18 07:42:48.663357608,1054.8054002635206,240.05456229516315,33.406983712576846,126.70415265489036,67.489684582621
2005-02-18 07:52:44.706219730,998.2433526226212,238.15636938023508,33.68573475581497,123.83662373305077,59.21690755289121
2005-02-18 08:03:13.171888311,1109.266849722822,251.5719996416968,36.25819599474398,127.67545780854407,61.117592054686455
2005-02-18 08:12:43.984785726,1014.3432560608258,235.3538963434292,34.56768129668763,123.68927223927263,63.6290762036141
2005-02-18 08:23:41.781449172,1055.0721570619355,258.3015599528392,33.17411235255909,121.76398233443896,60.792231154639296
2005-02-18 08:31:52.668791677,1057.9767298952745,223.92012610630755,33.66098009373611,130.1535177706374,63.984392217109345
2005-02-18 08:41:49.836225314,1085.2446254202619,245.66955324160472,35.033769383714706,125.56931848513945,62.30699092265175
2005-02-18 08:54:03.802472062,1120.728657513778,237.40294054726513,35.950083658785985,112.53412775755122,56.87170348855224
2005-02-18 09:03:52.441643541,1097.9223651076281,229.03599559092487,33.826299770258416,122.37084545528604,70.3703471184978
2005-02-18 09:12:35.254515877,978.7649747468066,261.31664761301573,33.442512252716725,111.09207905026562,61.17910432086021
2005-02-18 09:23:04.573673757,1065.7607612565778,250.6312330854084,34.92690770468698,128.10668791949504,67.76134609164794
2005-02-18 09:33:31.386001403,1024.2365952351583,256.6355329701238,33.51190204129671,132.21143936232326,66.57402684580853
2005-02-18 09:42:13.591757596,1106.6566355830469,233.36494758142874,34.70659425467964,120.72111036754289,62.8159515881064
2005-02-18 09:52:49.299580219,1088.5426178602688,226.89334312795904,36.538612667458565,124.95094997961645,56.85677199288512
2005-02-18 10:04:17.459014565,957.1652983924212,234.03251764712482,33.97058010810364,123.71000484271636,68.72700719201534
2005-02-18 10:12:33.435740203,998.0235732690065,231.8069982462473,34.78566088553455,122.44252596942994,62.26594900490018
2005-02-18 10:24:31.374939538,986.7903279079883,235.13162910902133,36.2649928272811,134.33477536485265,66.98434158983932
2005-02-18 10:33:28.125392841,1119.6031814969374,262.69761764485355,36.1281562768462,130.0599622394197,67.08383034527765
2005-02-18 10:44:52.898493575,1013.5135319050371,249.1243356061628,35.275686630014306,127.70070106723057,70.25399191021025
2005-02-18 10:54:02.657941455,1150.940005210313,237.66816318478675,35.51742937662742,124.49470552099264,68.28677613539413
2005-02-18 11:02:49.082689850,1092.3241016001296,240.9019930147352,35.25888505317156,125.32631639233361,63.99621325732859
2005-02-18 11:14:25.934252138,1017.3384648509473,248.89719375932302,34.701708209489425,124.77316370282777,66.97780878559166
2005-02-18 11:22:52.255090384,1168.9303480402327,268.0880687236775,35.668148000496366,130.51708551675915,68.75924473109768
2005-02-18 11:34:02.112591578,1049.0254221521823,239.55434734110688,35.33726226160941,124.6219631391363,66.08295931108445
2005-02-18 11:43:01.648635501,1047.067697194342,226.544889980428,34.87231180825814,131.94894310017514,74.23090146860562
2005-02-18 11:51:08.243877423,1110.08640176162,244.59870596748166,34.80422440609989,128.0507347778008,66.25113655196397
2005-02-18 12:02:54.025497293,1081.6210156683594,224.48406976758378,34.34314913526427,125.2789525531901,64.95527450478325
2005-02-18 12:14:07.216231520,1093.6504546048816,231.7612769607997,34.268930216133334,130.34902176939926,66.13787361363764
2005-02-18 12:22:21.591718903,989.9851490011791,248.3454699162686,36.44134744996104,126.96701414331531,66.87667425219685
2005-02-18 12:32:29.684555980,1035.4765462682456,230.92305069007244,35.54987931546085,133.73167837110302,61.34860831772101
2005-02-18 12:41:51.104904690,1043.8645897959318,228.91461625230073,36.04116033521161,134.2826128926806,61.88617979467483
2005-02-18 12:52:32.817487815,1111.8955446820285,240.77195385557803,37.159678274517795,116.35937591588853,63.29519786011308
2005-02-18 13:03:08.614769968,1089.2817397372066,257.05386804622697,35.461367862407876,123.24113853353991,69.46872911115274
2005-02-18 13:12:16.017078758,974.0788981823898,244.94102302047423,36.448520428638346,132.34208806886267,73.04331059607112
2005-02-18 13:22:58.550246916,1045.5952951249112,240.84627241568595,36.79430603723314,127.15023823804322,61.061398228321636
2005-02-18 13:31:39.200605868,1125.353947389551,258.72450706735896,35.38007556416151,134.8858777102557,71.09076235403377
2005-02-18 13:40:58.237870730,1050.887617282966,238.81136900712212,34.75118267725225,125.04982104190142,65.66054364858145
2005-02-18 13:53:27.627223551,1025.0404020265312,221.08187289948182,34.35518165394575,138.92528486278,62.316849146166874
2005-02-18 14:01:44.328462352,1058.6502992537937,251.08462721164514,32.76248001701555,132.1777863741463,64.67769045871823
2005-02-18 14:13:40.431676992,1117.0062963759171,263.19401577793525,35.71349572760966,132.79872390123973,70.29897449129999
2005-02-18 14:24:03.318769144,947.9937500021817,242.48842957772433,37.570397202056306,131.50685527213295,61.22781575644055
2005-02-18 14:32:55.972678141,1145.4344015650004,247.49681388310353,36.197517858923646,138.89867695198,76.3438016271577
2005-02-18 14:43:54.185932132,992.2900087114604,258.98460351905845,37.64799052501133,132.69463953278438,62.836531364398795
2005-02-18 14:52:43.281369996,1043.488790947299,259.12755002953946,38.128190232109255,134.73992587888273,62.18999405155464
2005-02-18 15:03:01.960656429,1025.8916679220492,238.90466346362496,34.948762681242556,130.4011595191608,69.85825929317633
2005-02-18 15:11:09.118156214,1014.2248785766753,252.85535833665486,33.5898097422179,140.7759943155712,58.03097434645251
2005-02-18 15:22:28.194243799,995.9475482940807,241.36760731309786,35.738766466204964,139.0408898016806,77.53973842832153
2005-02-18 15:30:58.304536754,1112.60624816418,245.7867874790612,36.57815815766705,131.78154338207062,74.23995727238069
2005-02-18 15:43:47.545615632,993.8198184688728,237.63897979590286,35.82729144140062,135.54379385568802,71.77601555972811
2005-02-18 15:51:17.700339604,1036.531623480532,260.103072801546,35.03125235786999,139.02961205589185,72.16043757145768
2005-02-18 16:03:42.478666923,1027.0405315393923,240.00924875831618,35.24694127094795,136.4051614760449,75.00293974233496
2005-02-18 16:12:53.980814005,1078.7134266028584,236.98585816013363,36.88448302135911,138.17402987699157,71.46783274753047
2005-02-18 16:24:18.090427019,1038.5023837459419,251.6848477255911,37.65102280299063,132.46297772761443,69.01617193305623
2005-02-18 16:32:16.636893734,1091.8661460870499,259.7308867814371,34.3322752792628,139.38053181741736,81.6550184261715
2005-02-18 16:43:27.346293683,1044.852691571684,247.3151441095963,36.93110420305075,124.10464053546448,76.02485386166745
2005-02-18 16:53:47.839533761,1012.8305174319864,253.7675283637593,34.621149052023554,135.8172295094834,80.62056045087618
2005-02-18 17:05:11.777042234,1100.2357124444118,253.30001203354473,36.069389504682604,131.755759829292,71.16509041067388
2005-02-18 17:12:57.432185163,1002.4085462957964,239.87974244945437,35.9476278295874,140.6249844657517,75.97002708280883
2005-02-18 17:23:00.873655292,1087.1596061490163,248.0915070923704,34.191124442090924,132.41859870797222,74.15348954008131
2005-02-18 17:32:48.912766582,1028.1896054015463,262.1634075441806,36.65583597236288,140.75927057526894,73.66178212165005
2005-02-18 17:43:01.477645175,1088.7803520105927,247.5925214729584,34.88968931126179,140.71195696522975,73.64703331518365
2005-02-18 17:53:15.616359109,1061.6020775434238,242.34546751074987,36.76303755486155,136.56752530931357,82.54138040807908
2005-02-18 18:03:03.605686719,1140.795693340798,237.55649757249674,35.770444770225,135.5878561778849,82.94861291824539
2005-02-18 18:12:42.613430140,977.6741253397793,250.56047500384602,36.5928138356489,142.01473066747118,79.30247953953256
2005-02-18 18:22:36.007896805,1057.6788685110762,236.53760231736615,35.54089148712044,130.28488194149338,72.26096657293695
2005-02-18 18:33:40.549232745,1163.6444350027493,234.46570284069364,34.0454004100477,141.801333894303,72.69434494183928
2005-02-18 18:44:22.998250642,1030.9215943235213,241.17363220807312,34.26834318511886,138.45820308413252,66.18084658347563
2005-02-18 18:52:59.506384435,1091.978595706751,233.03533351260694,36.19748526261511,128.8435920723782,75.21005091287746
2005-02-18 19:02:35.207532948,1069.8575979641787,247.59342447806037,34.56043253610162,128.9077899717625,78.61921005695184
2005-02-18 19:11:41.840215182,1061.979528489425,255.62852520507528,35.2650463752214,131.80450346256757,75.61015701842464
2005-02-18 19:22:41.657553758,984.4670924629487,241.40236044605967,35.09999815064781,145.36995850156566,77.28096151711317
2005-02-18 19:33:34.506127671,1079.2055634778974,254.25112434671604,34.868416570301726,136.69989578087626,70.74169567757455
2005-02-18 19:43:21.296579887,1016.120825840293,235.34832040485043,35.242289374281754,141.98188743671793,71.78691318199637
2005-02-18 19:53:13.045156119,1063.5999824395562,240.6573397615118,36.25132908303996,140.92815866339964,78.93925969426026
2005-02-18 20:03:06.079166944,1047.1144628048328,249.0611662147607,35.09121212870448,128.04768885593094,72.25390170715262
2005-02-18 20:12:49.295552463,1003.4011309551618,247.61272280559734,35.7835012748121,138.38708187546115,73.8026406604494
2005-02-18 20:20:00.493763637,990.8154405785882,239.07573333232813,33.72339477176176,139.98115892723422,76.41982387793908
2005-02-18 20:33:14.045786218,1037.507292279336,247.07036065249645,32.864450866267894,138.52760544547002,77.75548554030675
2005-02-18 20:42:45.252157481,1106.443736649881,249.38741580749846,36.098773496728406,142.04675831541164,81.79718655948508
2005-02-18 20:52:17.189660341,1079.647602094884,247.14952045377828,35.02431879043432,145.6359219047526,73.00360139770252
2005-02-18 21:04:15.940866844,1100.4613330216202,259.6258630997895,34.61898285694261,134.74438088626454,73.4440433899789
2005-02-18 21:12:39.747340278,1119.9934305410084,233.35176478562167,36.18717306259237,141.5489345970769,77.39035196857789
2005-02-18 21:22:18.877814840,1083.5271558262186,245.05025063199713,33.83780754899632,132.09437513581906,77.0614111765695
2005-02-18 21:33:29.487592038,1003.887914299598,245.09176699291436,34.978508043209295,136.3532755409054,71.09915545438362
2005-02-18 21:43:26.739201994,1071.497097567354,248.0758384586559,34.87870158189435,141.86181933259766,72.36020049579864
2005-02-18 21:53:18.671068134,1134.0362438759093,255.9925601752148,33.70028078817871,134.56496791558592,85.48190750622463
2005-02-18 22:03:38.965119560,55.87233572216398,111.78062093120782,22.347312239986927,125.49852658360155,73.03485775061216
2005-02-18 22:13:08.984763351,45.040535707129564,89.96967018448343,18.18059991216171,109.88300561419683,70.86066097968931
2005-02-18 22:23:23.644508469,34.57146149963101,69.12454255543905,13.756633218361383,96.41964268792864,68.20815664082804
2005-02-18 22:35:11.611828824,26.19348100115183,51.94996372068952,10.208556290864253,85.68126708147341,64.82473290868407
2005-02-18 22:43:56.557998042,21.581986646444356,43.47174166784025,8.725869235049638,79.86321005635926,62.48915582863217
2005-02-18 22:53:24.401954061,18.341764351648088,36.889696994282836,7.432204971054313,75.31736554755618,60.16490020584081
2005-02-18 23:02:56.388736013,16.349295721324975,32.85545406395147,6.466726944481455,71.65759350295818,57.93534978814113
2005-02-18 23:12:48.474112008,15.212941991745847,30.124510139714417,5.855702318693765,68.40885697416455,55.80529814762254
2005-02-18 23:23:52.056218939,14.002128945914217,28.237534249214708,5.643403813784339,65.79873300838874,53.57576424725325
2005-02-18 23:32:40.803121270,13.416397788707291,27.0321423374032,5.3470793543291695,63.816385822695864,51.742813822943596
2005-02-18 23:42:02.740808125,13.085538967529848,26.21809346111644,5.125683024529616,61.89373754136058,50.21852562797428
2005-02-18 23:54:20.965570934,12.764096531411447,25.614174051130465,5.287234348082778,59.88996053609342,48.16834870257723
2005-02-19 00:02:50.180397093,12.808047724827636,25.422403125096327,5.019250540388698,58.325757900276805,47.222579273175285
2005-02-19 00:12:50.324524939,12.648166038321934,25.159062025124623,5.13090922936052,56.872666277242885,45.53323989443682
2005-02-19 00:22:45.765945789,1034.7866792920106,151.57859813731068,17.457341344954106,58.200040660379756,41.02991284399347
2005-02-19 00:34:30.386856962,984.284422324224,191.42708844682545,24.065401785434915,79.29236331852414,51.95700796431527
2005-02-19 00:43:13.838452625,1144.3651388925712,217.03009851271767,27.285962002327466,77.86439113021427,42.04854017616436
2005-02-19 00:52:18.144089591,1112.4684190142464,213.40001226155266,28.124725037244765,88.35235374031727,36.57187536162422
2005-02-19 01:03:27.962033233,1099.0357902774008,242.21392721074213,32.45684915533094,105.38472759996523,45.98247837649967
2005-02-19 01:13:02.873251690,1078.7653478427412,246.02787594393416,32.66746139739355,100.20518546081547,46.864721106970705
2005-02-19 01:24:32.398081840,1055.965226525212,232.90611219534156,33.93602889544113,107.16476986862146,47.16561579011041
2005-02-19 01:31:38.001532757,1027.513968636824,245.66295571035278,33.743222339425536,103.62285531987037,56.88250914824568
2005-02-19 01:43:15.519082981,1130.7060416466923,244.61387640134822,35.81587986648246,115.05337887354266,54.32072360614555
2005-02-19 01:52:39.871039605,1013.8361032653878,256.14480248307575,35.220588952379856,121.15274959647103,56.76650904683607
2005-02-19 02:03:40.343518923,989.6496035728063,247.0202091310629,34.3352001883249,121.29170165366251,54.8138540597519
2005-02-19 02:12:29.846822628,1051.7902674940265,242.81060424565237,34.9514873570996,103.90485227319714,61.471508174751065
2005-02-19 02:21:36.425939614,1121.2163546382694,254.6755728640923,37.18997427566248,123.03650456678452,61.13402128964852
2005-02-19 02:33:59.134688818,1042.1351456585367,230.36033769300468,34.56709535698477,118.74632608304152,54.55199098910077
2005-02-19 02:41:47.292473165,1017.7887574469089,241.36759728996978,36.011037211332216,113.63691258600346,59.856583447334685
2005-02-19 02:52:29.608119620,1051.508984726601,251.0320673926923,34.76968868649973,116.38193722637841,54.47561353077429
2005-02-19 03:02:26.755764033,1072.1051117734555,260.57222667232173,35.05811854613179,115.96874768154672,64.08484184935513
2005-02-19 03:10:47.970486337,1016.9190665908319,240.2988367796643,34.34177680356637,122.0713878805204,68.20121186890427
2005-02-19 03:21:20.450602118,1071.4841546257223,246.71312882926327,33.872812112549,125.89371202343321,62.34600125453306
2005-02-19 03:33:01.930849968,1116.0272756739587,247.0807017491542,34.226188651231894,116.31139026992786,56.61031814026843
2005-02-19 03:42:51.837348966,1200.3666723946217,245.88709142388072,35.17701642740718,123.9256636865063,61.2507615489652
2005-02-19 03:53:20.020008185,1007.4551744413851,254.31219054018854,34.30740677916983,123.58815590849582,68.16509793583602
2005-02-19 04:02:50.866760563,1091.8058883141043,255.78153766365975,34.95146954535845,125.6134843889285,71.31406765100638
2005-02-19 04:12:08.773371897,1079.6761285690052,249.47823334933378,35.05293317215085,121.85113859644609,66.24450233124753
2005-02-19 04:25:27.954442517,1109.8758499480134,232.28000564698527,32.89578582871206,129.98432479926882,68.17537802717433
2005-02-19 04:33:08.541487348,1024.454128523385,233.10060510623353,34.254188983204784,120.53877778131941,51.13688195718288
2005-02-19 04:43:27.945611668,1062.3670585827726,240.9944663651158,36.13814899888107,123.65332200157074,69.81890080397723
2005-02-19 04:53:28.914557636,1057.7798072875871,239.5272203914276,34.77393000643841,124.20064192468111,68.86339660003293
2005-02-19 05:04:47.322323657,1068.4211556308073,244.12568518989178,33.6523874353204,124.93618874924424,67.90214306616132
2005-02-19 05:14:11.900597115,1078.4858824056603,226.09489440181792,34.30521268411878,135.24818128107725,65.89739291384339
2005-02-19 05:22:19.392396416,1033.228618391389,240.82194213592695,34.88117209178606,120.41103161185612,64.94630800306784
2005-02-19 05:32:34.428753463,1106.524979288931,227.20809852138115,33.73093842793831,118.76891120730448,59.15942021114587
2005-02-19 05:42:48.696960395,1022.6531888782016,242.5010561930153,34.37037257315642,130.60426023734288,73.12122986935216
2005-02-19 05:54:48.098824079,1099.564757337012,246.80073541405017,36.03551167194607,115.06871094385076,62.490620787546284
2005-02-19 06:03:40.113752433,991.0457922985838,248.7376984415185,35.11004128971083,125.7319161411155,64.70713323915841
2005-02-19 06:12:06.867644237,1179.0452938374087,241.1410131486812,34.14865016513982,127.90212601628066,64.25632895747708
2005-02-19 06:23:30.530462724,1077.4901463291578,239.33234594416248,35.32110822780002,124.0836123148449,57.57023692966679
2005-02-19 06:33:57.450245192,1108.8433142478993,242.26645523591185,35.34689386349309,128.02560495581687,69.72624844928247
2005-02-19 06:43:10.196000302,1023.7884888072706,242.71103214111935,35.13088914785649,126.79048321519602,62.87084623922398
2005-02-19 06:53:12.597473454,1099.754852313577,254.95806271498682,33.980699103780736,126.61575471441131,66.8372274788133
2005-02-19 07:01:50.186210539,978.1492135697787,234.69990950928297,34.11672728867543,128.6737295009373,61.63149056735666
2005-02-19 07:12:21.491743503,1065.5994442942242,230.33648366715562,34.08328127789442,122.16533357600817,55.75553670790033
2005-02-19 07:21:30.795325684,1051.8291731186841,231.109458421154,34.881056524631724,114.41552186618404,57.85152119470889
2005-02-19 07:33:05.011265980,1082.4475813097108,238.37903944714995,35.63977805000833,131.90597459224662,52.37292618435086
2005-02-19 07:42:22.193960352,1163.7965439880618,246.43156240512556,35.48123516213641,132.30464705340907,62.27950661894107
2005-02-19 07:52:35.572933475,1043.9636807350637,233.06616562768775,35.43725729567505,117.71314697461189,63.09567412806781
2005-02-19 08:03:35.258450332,976.6578943493048,230.85785328210747,34.36023014325533,124.14148947179314,64.44345524254796
2005-02-19 08:12:16.188506250,-1.3811405985286347,-2.1873473096592686e+21,-196656714218.1076,18.64319167607978,-6143.713997315363
2005-02-19 08:23:22.442498706,21422.973468462387,-1.929725778520917,797510353.9933063,-10.966712885878836,870.1641188131816
2005-02-19 08:33:22.208810495,1087.6818525090316,249.7180634767176,34.56123846861749,124.89695090583079,62.229919323782404
2005-02-19 08:43:51.921198675,1034.3851060506108,233.70190573466914,36.00400197063429,137.94478944923102,60.1482268203932
2005-02-19 08:52:05.147127314,1086.569369770227,239.51930784344768,35.04605924971517,125.6269165736133,67.03257988419465
2005-02-19 09:02:26.973150397,1103.686407369463,231.8099421373856,35.35588454459987,129.48369378237666,61.19650416755738
2005-02-19 09:12:19.119370077,1120.7205092694905,248.64211087499416,36.18405043205646,123.74977552904518,68.02199317942379
2005-02-19 09:21:18.129957974,1128.5635893893798,247.34616983416285,36.6503183598531,130.0979718644343,67.86799409643022
2005-02-19 09:31:35.688377455,1121.7399639980881,244.53495379641015,35.52326131635069,123.20102671114141,75.49950405218652
2005-02-19 09:43:23.838096218,1028.254556331455,249.21528187748896,34.4952848197925,126.05519529504116,61.60243610988589
2005-02-19 09:54:19.950094908,1064.028396487914,245.24942938375307,35.68430745419018,120.05396278284825,66.46442249187407
2005-02-19 10:02:05.501366617,1076.4209099123716,227.66856838154953,35.46147979606792,127.18205312598707,62.76754521106577
2005-02-19 10:11:27.128478303,983.835984324241,257.0982910517167,33.875275371193844,129.48847798942023,69.35464239696319
2005-02-19 10:22:32.958991478,1103.4424239713458,258.60087357361937,34.077728331150695,131.65393958247955,62.27176886666148
2005-02-19 10:32:41.442136453,1147.1537640199233,243.78295396795926,35.432750562809225,134.8822350253805,76.4675365129381
2005-02-19 10:42:28.763055084,1127.3756080649755,229.4520881293425,36.79922421466515,132.2539107002978,64.05360640455258
2005-02-19 10:52:00.154743195,1094.1774122854968,250.68234658483794,35.133083991502346,127.17997747164824,57.323284559643675
2005-02-19 11:02:44.133396558,1079.8680746669963,248.09230871007998,36.50933357630339,134.97912025146638,68.99033750033054
2005-02-19 11:12:23.668710571,1062.0817365036146,249.41155150664102,35.516806967407454,128.394745842518,67.13021934300474
2005-02-19 11:22:58.642380750,1084.010455709041,266.3653984441884,33.48857555054178,133.52041006957788,67.65529446270764
2005-02-19 11:33:53.237312783,1019.0790270144295,251.9562736714748,36.41205290604843,136.13231605488448,72.07893910788638
2005-02-19 11:42:51.480298784,1139.1188395137629,226.77626400702943,35.08672253898543,134.80710862818702,73.10837006633727
2005-02-19 11:52:56.191515012,1093.3221158281533,261.1982471550063,34.5389298094598,122.36689785438476,62.35366835954575
2005-02-19 12:02:24.909439429,1073.7631658813368,243.27377961109445,33.46421727204169,128.42109563675672,64.87306757307849
2005-02-19 12:13:02.723036338,1052.2392488123019,246.1739018842751,36.04948247371735,122.27913670983584,70.81463539036416
2005-02-19 12:21:12.214523268,1076.115111142913,241.35061271390055,34.00368220545226,137.6919612914749,72.97762773959101
2005-02-19 12:33:28.647792238,1035.1623650535885,238.79636954991068,35.757033740004246,125.90458666972722,68.75623316718442
2005-02-19 12:41:27.767440641,1055.2459559128304,236.97123537463648,33.52979401260777,129.52184478294632,69.79310882321936
2005-02-19 12:53:27.986536117,1083.4426670780183,232.03010989194715,36.57011565382714,128.7719772974258,70.76665899415111
2005-02-19 13:03:14.059866025,1148.671160094174,251.79081431386703,36.08332792391329,124.65473693201844,76.42606465204163
2005-02-19 13:12:41.053716174,1161.7131598011886,242.7414722222161,35.21898636641443,126.04810039490079,63.72445493352622
2005-02-19 13:21:02.715558685,1086.4649007404685,246.86150211424044,32.48830501052339,118.8389507667573,63.327980587919924
2005-02-19 13:32:07.577143718,-52333.83911132467,-0.12749594337555417,1.2758624423248372e+20,-1.2757607198429373,1.4508380842312585e+27
2005-02-19 13:42:22.815228633,1071.2644245421666,244.48079230497007,34.312383224685654,129.84667167212018,73.09802215583716
2005-02-19 13:54:13.238443153,1019.6018085211157,251.6527553377009,35.1191158405007,136.17611003744466,67.34090863527425
2005-02-19 14:02:12.067751475,980.6560633866072,244.08961390577687,34.61243445515819,130.5536970346238,74.68964096868527
2005-02-19 14:12:19.611989109,1051.8581753558112,245.80755786144732,34.58847241559294,136.85200869958683,75.09635945860066
2005-02-19 14:23:42.780865845,1070.8827205591406,236.809410083405,37.03532719083047,130.79311165017162,59.84581978812521
2005-02-19 14:32:13.478145490,1086.253688248139,238.66707143645473,37.064952009639676,135.43008517056046,70.25528866472787
2005-02-19 14:42:28.055201131,1070.0554981815314,235.78627127662412,34.13498152513963,130.1223999678589,66.39260692185172
2005-02-19 14:52:52.870616347,1047.1756822315447,235.25555219735426,34.63524291214492,133.46614614070663,80.89113395661832
2005-02-19 15:03:23.448175416,1088.379979013895,243.31507878162603,34.67407947543701,131.6133770124865,75.12211595911522
2005-02-19 15:13:12.733085433,1151.1946155205062,243.74433982872293,35.38417090142609,137.7713645439007,76.54462716689738
2005-02-19 15:22:44.930660309,1096.5317069229206,258.890716717711,36.5435466412741,140.68865299947439,74.2938534849386
2005-02-19 15:33:41.482230441,1034.7369976013656,242.86679925298895,35.44048893165908,134.50665577211763,75.87391047035959
2005-02-19 15:42:35.774054979,1022.1325972666675,252.0257426651682,34.239456593083915,134.0283756497296,73.11979547222366
2005-02-19 15:51:45.595121588,987.8900585681872,256.0619768803418,34.18399967660558,145.65237864995316,76.00148983573307
2005-02-19 16:03:05.929041713,1110.1307709301316,251.75053119554062,34.70214096231186,134.37907685850544,69.97295138134976
2005-02-19 16:13:00.139550525,1132.5737780208747,243.0473021828089,35.35341863885438,135.32263755344542,69.652943974933
2005-02-19 16:22:12.405783708,1025.3412896560983,264.2537370557891,35.64531715138969,139.56803046492556,74.5029196730024
2005-02-19 16:34:17.600812045,1122.080000955542,261.024321808446,35.73856413827854,132.7223538890113,71.49844379076757
2005-02-19 16:41:52.195687774,1018.1770395873032,247.03815448635464,35.56631979199027,139.47845684601427,88.77028615650192
2005-02-19 16:54:16.085034432,1038.5116709771419,254.46751685259238,35.3723284111575,132.67452239778362,75.67515320801994
2005-02-19 17:01:35.312823851,1099.4585247356013,263.68541967820306,36.048714884688316,143.16136694763935,83.87219274285519
2005-02-19 17:11:54.831618246,1078.3920046632252,247.61460308797183,35.21276376208962,139.10523853043873,75.58973538764373
2005-02-19 17:22:26.554213879,972.0140938593483,243.11851780822602,35.28605104877403,132.5552926852462,71.87814073537287
2005-02-19 17:35:00.391262558,1082.9515929191143,254.5304849588071,35.380977356325744,134.1115673715485,69.82204772008157
2005-02-19 17:41:28.253835515,1106.2642743761899,254.05948784211256,37.066755700266654,142.13445276442704,79.45577155379341
2005-02-19 17:53:31.014920330,1078.0418748546565,248.79752682683932,34.50015819133557,129.5643826873371,71.91428728709336
2005-02-19 18:05:01.893386028,985.2514853293761,243.77178600638692,35.113291118880944,130.0358425068025,78.0913056146566
2005-02-19 18:11:38.713698834,1055.1001098425224,245.97123378627373,36.546380660014584,132.77155004123904,74.7428487022785
2005-02-19 18:22:06.845874977,1042.9057606604485,243.78025305046623,35.98659424817476,135.49406465507383,75.32823250251238
2005-02-19 18:32:47.323985270,1122.7476088829014,229.96213079198765,36.75853290163749,140.89203981334657,73.23245795640231
2005-02-19 18:41:35.332176570,979.9950620324289,227.42712495778528,35.07042407149977,137.7516283478925,77.9306226781142
2005-02-19 18:53:48.388862599,1097.2249519187283,239.5079556951784,36.127410724450996,137.86021775855463,89.53761325147715
2005-02-19 19:04:00.569244736,988.7606452566422,246.03300471836738,34.94597940256798,139.01540583746353,73.01920022244495
2005-02-19 19:13:10.732738757,1026.1060154063662,233.99600893318183,34.42747371748418,133.76506611906086,76.77661498692983
2005-02-19 19:22:48.989802640,1093.0945869064014,244.97142118705864,36.42952065223112,133.37950669201686,69.6030938853996
2005-02-19 19:33:22.443764785,1049.8928352508804,248.40216251647047,36.361998816740595,131.63892117770249,72.66327547782615
2005-02-19 19:42:04.555636260,1074.6020985035086,255.13628705614136,34.30004422862635,139.15983475934198,82.01521099951363
2005-02-19 19:52:36.828497871,1033.0231995529425,235.71403081077412,37.0186250640097,133.62608237590817,80.97710324045208
2005-02-19 20:03:17.849953047,993.71303187561,241.1523005457239,35.36750580143836,135.0877322261805,66.06342420128375
2005-02-19 20:13:40.550532662,1013.6265385313856,244.43731654569362,36.117181038580995,141.17955314971007,68.07351166616407
2005-02-19 20:23:41.775590893,980.5133059797072,236.71089291982423,35.4891923113445,138.4043321403176,73.70998886893601
2005-02-19 20:31:50.812356090,1026.2405040548238,242.08328068735656,35.27627978425166,141.76354893126398,70.6954126677462
2005-02-19 20:42:44.761887012,1043.4884079191118,233.55745347243797,35.28514959552325,134.84769693634928,79.32604496999642
2005-02-19 20:51:10.076125454,1122.0359231296632,244.69408273306865,36.13146719833955,132.68645882375395,82.6080297426198
2005-02-19 21:00:31.801097615,1095.8069135224903,239.6413963093188,34.43090036644484,129.44854653371164,81.52456457240423
2005-02-19 21:11:53.541889417,1062.5616653909638,256.6134595008519,36.68785291879526,151.72636956296571,78.80895087587993
2005-02-19 21:24:13.101177735,1061.4261130503205,254.38090055644068,34.98103256085755,132.76692652765286,73.05433987540549
2005-02-19 21:33:03.004125955,1063.7295267126644,240.88197341096708,34.68433340169989,137.49113523919644,88.34708460296065
2005-02-19 21:40:17.252009296,1130.7637545455764,242.44165257130442,34.81620746438375,133.10922261288803,73.03438480193472
2005-02-19 21:53:08.506364972,1105.3401126785152,232.75695247982742,35.86132926403102,139.68786684169865,78.52715932147744
2005-02-19 22:03:13.507237087,1147.2678209724345,231.73321505645583,35.91584715292559,137.48657607937236,74.3713225878123
2005-02-19 22:13:08.312898238,1113.2902681749108,250.81412560109186,35.68205546710228,138.28275983059575,83.07461003710034
2005-02-19 22:23:39.153007740,1061.5867759496866,243.46342457345366,34.05528604340865,143.46400285027616,65.25862943255305
2005-02-19 22:32:49.870904361,1150.7732032856215,251.79424654521875,36.064331323993834,146.41978728212757,81.91011574360108
2005-02-19 22:43:08.567944819,1046.3118127609262,253.2804914825255,34.66598555638651,136.93622760027242,71.21639829687358
2005-02-19 22:54:32.800490632,1068.630399473421,234.09962910593333,35.96335340461536,135.68388146649417,72.46902036644319
2005-02-19 23:02:37.784865134,972.5103988771135,250.23396538613616,35.23279695011573,139.5993695792936,70.37007673543692
2005-02-19 23:11:53.519989738,1021.2603295548247,249.00119658482672,35.17127402277077,124.68921945402118,72.85263568940672
2005-02-19 23:23:59.070763969,1033.8776872746241,246.75274484999358,35.34751311979045,131.92905038542,70.55704106775698
2005-02-19 23:33:16.528930294,1057.5776272546118,247.72875111081365,35.90230926282964,125.00964221524968,69.06966556581503
2005-02-19 23:43:30.842701643,1027.0851819437305,247.78870604408993,34.95302511532688,134.45159579534325,70.84845226008748
2005-02-19 23:52:53.169186954,1092.2029922667339,256.26412089779564,36.89215283130693,134.6102234472565,77.13159658325415
2005-02-20 00:02:57.815163994,1009.4357361717175,244.11334509217363,33.805495153095436,134.85846558733007,74.14422340559005
2005-02-20 00:11:50.814840690,1104.882878732407,239.89943489535673,35.70778446437349,128.91225826264758,75.54338060858385
2005-02-20 00:21:50.835877966,998.5067519506637,251.4380809358558,35.986106813585145,132.4939204204771,72.09050471835268
2005-02-20 00:32:55.526146897,1010.4445521471379,249.3129143573141,34.55970114974114,131.02744153430146,63.99966022930298
2005-02-20 00:42:25.151463213,1018.0595682335332,232.32518884697313,35.30641520440774,139.41547446309903,73.4228842842165
2005-02-20 00:54:19.956997591,1059.61486619022,257.4000254290746,33.758170123588506,132.55958408509352,78.65735937746025
2005-02-20 01:02:18.445159355,1088.622879369809,240.782610710535,34.13675942561058,133.3801040117813,62.58079037530747
2005-02-20 01:12:29.976935966,1044.1379528192601,247.1430852445734,34.231312523569265,132.41494165938957,75.84993219115555
2005-02-20 01:24:19.323912185,1075.9312506866852,246.1746196305985,33.588717363119024,134.85506542336753,74.50463345823945
2005-02-20 01:31:59.363684833,1077.4483975455537,233.24143842048866,36.059456231950044,130.56588582534874,60.83276458134266
2005-02-20 01:42:39.685503560,1026.5003016859555,239.51738902404975,34.46879396573813,126.35947678440493,76.94718611504612
2005-02-20 01:53:04.613245608,1146.1755606719453,221.14278751019066,34.45998094870709,128.76700959226204,75.02808623883361
2005-02-20 02:05:06.428563538,1056.66275049796,231.24129622987326,36.045789592165434,122.12548294333453,68.31292296168708
2005-02-20 02:12:09.377867870,1126.765586851385,226.81271009571188,34.10185010753771,129.71703814390236,67.12349335589363
2005-02-20 02:24:33.520490374,1049.6125911381316,261.9560568142464,36.789294307122326,127.47260720965912,68.91061916344208
2005-02-20 02:31:19.725592171,1087.4324809728403,243.70010860212798,33.62608315609895,129.90712732278547,59.749637279116286
2005-02-20 02:42:37.749018027,1087.3513462376122,252.21446621111116,32.93098706745697,132.57730055438486,63.453915583528
2005-02-20 02:52:27.776955597,1027.7150951440206,230.62744647023663,35.35332091649422,132.89797664811394,70.19707912114873
2005-02-20 03:03:25.256630917,1039.6942187673915,230.11792037252218,35.26137783276943,136.60316025310374,76.01923522013291
2005-02-20 03:13:59.824300924,1056.5217115676028,241.90616085482904,35.75122284660029,128.34239257412312,76.88852516987622
2005-02-20 03:22:45.425752527,1074.0404087429526,244.03223708351928,33.84935899548118,127.68252614710298,65.18296372539291
2005-02-20 03:32:22.613941647,1015.6057096813869,242.85904472753433,34.625036700767104,123.57915841794325,67.88275989802824
2005-02-20 03:42:25.138422551,1082.2761005868845,245.25917846669972,36.05814393956721,128.62484431149983,61.592813531720786
2005-02-20 03:52:39.983928386,1067.3753768638583,217.00852557911395,35.99443544910671,129.31814972313964,70.25157551863585
2005-02-20 04:02:31.092325734,1067.1828365731465,241.96065085023747,34.4270397915875,129.99141122719845,71.13843966415986
2005-02-20 04:14:40.094216470,948.9162557854083,231.91874278176033,34.331538346288646,120.86598869280202,69.91923998846246
2005-02-20 04:24:22.453504890,951.6548884914778,253.3604596505185,35.02171846580421,130.6665242899957,61.31100657824604
2005-02-20 04:32:00.515216065,1026.1545694327194,239.93283441009976,35.80636209789475,123.96004551419631,63.341218089996936
2005-02-20 04:44:40.342357922,1149.868852810159,254.8155119562595,36.245481366398124,125.7654913582863,67.26876200699164
2005-02-20 04:52:24.933173549,1121.832656981125,251.35152062465505,35.18657195160369,125.94894947330309,60.69574969173238
2005-02-20 05:02:03.105957463,1111.4894295810711,245.11090488338908,36.16417939285091,126.55013291950647,67.02071636415658
2005-02-20 05:12:12.047352484,1040.0508902693382,244.2406458990899,34.81037379125819,121.73752977275066,68.32481854778416
2005-02-20 05:21:41.164063902,1096.884212890262,246.5056254239529,33.99092466710897,128.54984150576396,71.89820947409784
2005-02-20 05:34:07.208773039,1148.2851860837584,242.4407711253516,33.69692210752191,128.3568419296799,61.31546155370321
2005-02-20 05:44:59.766918112,1150.146342582445,240.26103613462865,35.99521356398533,129.347233345806,62.60834319086764
2005-02-20 05:54:31.944797999,1081.5260071344285,246.85099939386606,33.79733671268026,129.32242935318845,65.2548307654403
2005-02-20 06:02:27.384236854,982.8352517420021,236.38826537823138,35.640685397693765,124.41797287594423,72.22936964196295
2005-02-20 06:14:35.573231077,1087.3598471131183,238.74608548965153,35.03634797679356,124.79589453007914,71.10288549997784
2005-02-20 06:22:40.663122270,1156.1136053614675,240.3412905957922,34.04385312723252,120.92288586654514,53.83135268039538
2005-02-20 06:34:30.627053752,1098.0829500352706,244.32846481710075,34.68735654683775,124.96005254346838,67.48337904021254
2005-02-20 06:43:10.487669373,1014.6827898889045,243.32448278725877,34.92513554206638,124.31094604568993,63.341188669591695
2005-02-20 06:52:18.803853567,992.2914160233013,248.4335122954771,34.92024470302589,122.30488721231431,67.72270222395191
2005-02-20 07:02:11.568828538,1172.032914538153,263.0433187867119,34.716641386784524,125.23848833608105,70.49171338778022
2005-02-20 07:14:03.359063416,1029.7445027516012,256.18111110487854,35.11297194009654,125.19744825730875,63.57407209729418
2005-02-20 07:21:45.887457930,1115.1912840223233,251.25123747639708,34.063134833259326,119.55379961693693,65.78012354096724
2005-02-20 07:33:23.668954741,955.3754052712708,229.43077858119645,35.47380789015675,126.15562732735793,70.4572459344584
2005-02-20 07:42:36.964277035,1086.585207254987,259.14837089315705,35.55759953685548,135.95959705534932,72.17783299835966
2005-02-20 07:51:34.774269186,1074.298725076449,244.08227978084855,34.560184328221055,133.13753833129815,68.96746477702483
2005-02-20 08:02:04.816215632,990.1755914919761,233.17052023347446,36.49124100921182,127.921351061289,62.027547572724515
2005-02-20 08:13:03.019948648,1026.2298531704735,243.94860257083013,33.17324298663064,128.4186631519633,52.79085089613676
2005-02-20 08:24:01.523293782,1000.5246925718968,245.05389724262415,35.94971348854199,122.28828604292038,53.70125854967915
2005-02-20 08:32:35.510959073,1050.547750019804,239.81951999961822,34.2965191341308,113.96093008885238,61.40050671451582
2005-02-20 08:42:47.097867280,1057.8101310123911,238.4812154249687,34.6604988523023,125.21304410875928,72.68861879426166
2005-02-20 08:53:14.767830990,1037.6390839930548,228.47163886729027,35.3626943819795,134.5361930670558,69.7416198982757
2005-02-20 09:02:41.957150267,1080.5977248142551,250.14244242228307,33.07601533948013,130.59212612367745,66.58687553888261
2005-02-20 09:13:41.754497020,1035.9457641766733,240.0552976669171,35.273140740814135,133.24447416623212,57.4874305940965
2005-02-20 09:22:42.428098689,998.580490195975,247.12273115897318,35.79421044668023,136.25461988627922,71.89829279976168
2005-02-20 09:31:45.258962570,1052.329334301831,233.0686482123443,35.414533914910685,121.13847075275478,66.50876636465608
2005-02-20 09:43:49.694111790,1098.7714618132918,254.3734529720339,35.11531297868119,123.52441380877868,69.72988175358016
2005-02-20 09:54:17.302921483,987.2720975506857,232.74390575267216,34.618579520775214,134.14162687700534,59.15237846065799
2005-02-20 10:02:08.340860511,1096.2677034729788,221.59284253796096,35.42121648959219,137.26541205440535,68.63236964288332
2005-02-20 10:12:42.955009834,1024.7938541629671,261.4872342156356,35.01718016138533,124.10285192345665,66.90902409998303
2005-02-20 10:24:21.660262989,1118.5814794678306,236.29979317701796,34.20174190681228,129.55624605462702,73.50394614417948
2005-02-20 10:32:26.685620232,1115.2292387585712,245.44933335048697,34.70647683460548,126.76772129172316,60.988666141629174
2005-02-20 10:41:59.602735874,1088.0896824628485,235.0135125698511,35.94039618547509,133.28972938815022,76.51574449989923
2005-02-20 10:52:51.394867138,1049.2535484173177,230.8628143129603,35.66780056873262,131.88702672861407,59.58186114357308
2005-02-20 11:01:33.016222195,1105.9129624735372,222.96917163446767,37.234519678753756,128.7842959514248,66.77335789753464
2005-02-20 11:12:49.583950497,1011.5436923267465,250.577108701392,34.751662695574986,124.74455847586677,74.71169647470703
2005-02-20 11:22:25.907935599,1040.8890191096443,231.77375966115505,35.313951284037685,136.16713529831327,68.58882701045971
2005-02-20 11:32:53.369666404,1019.7016959973196,247.73462668921317,34.9827909825684,127.93160096921451,64.96933535665984
2005-02-20 11:43:22.626689666,1041.8039820108875,241.72945761737594,35.19526903869075,135.6054792173557,70.5162232427256
2005-02-20 11:52:36.941592385,1065.9314900745258,258.1050176612085,33.70477775829016,130.2629656343101,54.1722417137553
2005-02-20 12:00:55.522016936,1045.4442033031357,248.57506106360896,34.96408198521677,136.09256232554063,70.78711742842103
2005-02-20 12:11:44.849709341,1109.9546891474874,251.35851298916222,33.14686609449113,132.60795270182857,61.688759275137194
2005-02-20 12:23:25.967753146,1030.6428744566679,230.95606788124064,35.3414932007265,128.64295945679743,72.7396458892707
2005-02-20 12:31:42.105538381,1076.5693690884516,254.38597876913863,34.97882054641952,136.93211842847802,68.3712267822246
2005-02-20 12:41:42.442312899,1109.9764640962323,261.8956885127212,35.767954900078685,136.86330865703752,71.18768155938744
2005-02-20 12:53:51.522135844,1041.5999125774647,224.51375587847699,33.67898910491016,127.74386709584347,59.96526378179278
2005-02-20 13:02:27.989685207,1048.1479063573881,239.75945839608497,34.92848840598436,125.27277549116744,73.20959664091907
2005-02-20 13:13:47.252906366,994.0054700897996,231.4598001947944,36.552132420335155,130.7555829138913,69.27202146181052
2005-02-20 13:21:14.983547590,1044.1635882248634,229.19266761295862,36.78242224270622,137.08447984685208,71.45373300903884
2005-02-20 13:33:16.925618212,1044.8635720541774,252.55151281600146,35.85831208147849,125.75848816566776,80.43349371273574
2005-02-20 13:42:02.344935674,1052.586980504855,251.02987343726244,36.41602571560075,134.70780057764978,65.19333781641949
2005-02-20 13:53:37.436384477,1100.1991905856055,246.65381185472935,33.41074947416463,133.5173711910347,68.6480579044995
2005-02-20 14:03:02.378467486,983.678440729647,240.02983204583768,33.85272114233561,134.41324535449507,77.27250342145163
2005-02-20 14:12:59.052059871,1056.1389237253427,247.30435271945868,37.045597114709366,137.82522194057827,69.44559180763339
2005-02-20 14:22:13.609720163,1034.745944291683,249.44687142186032,34.62412713618368,135.54480447245263,77.38201767923141
2005-02-20 14:32:07.811483059,1022.8672455050194,251.95266068162715,34.787928549129646,130.50839696574647,67.12292219588466
2005-02-20 14:43:43.115226199,1053.2579006112962,254.38563566943233,36.66272015768641,131.27536872331586,62.46110591326369
2005-02-20 14:53:14.581484020,1018.2059147244788,248.37984031300567,35.12519539448841,138.65514017610812,77.59012535566742
2005-02-20 15:03:17.403165959,1027.159497827176,228.94611269537197,33.48353214972484,135.8747591164461,71.83292700016834
2005-02-20 15:12:45.122187329,989.3428598221835,250.85203080068374,35.25268981511775,133.47491577938567,62.06005083857512
2005-02-20 15:22:19.451890921,1116.0538773982432,236.1589257398742,35.5881538066461,135.14394232054602,73.54799757616686
2005-02-20 15:34:38.666415389,933.8540088953382,238.57209738844534,35.912955120307856,153.17618547770613,78.77990814561376
2005-02-20 15:42:21.112118247,1050.0466766174745,261.9155568467219,34.7209606974806,145.01691119645503,70.36380357046606
2005-02-20 15:53:21.288099319,1087.3633820920993,255.37551127202372,35.64428843405917,130.54913110234975,80.07381541074187
2005-02-20 16:01:40.360694420,-15.664862879049036,-2043874433051.0203,-0.14522739058149972,2.4210927967059915e+27,10341071.939529836
2005-02-20 16:13:28.721479251,1060.6234524231595,237.41181664111895,35.54684997391256,139.5788003820145,75.01813793624433
2005-02-20 16:21:54.860169096,1057.7563290645699,233.92434313845905,36.50699210388074,136.47073506854295,79.02830337128376
2005-02-20 16:32:44.247439033,1053.9770057385108,237.43576386569782,34.506996111659795,131.29089653668765,69.50415270394299
2005-02-20 16:43:13.319421340,1158.4809825944785,255.97243889447788,33.93923312841148,140.27500022490122,82.64467507716303
2005-02-20 16:53:08.888825333,1051.859877223627,234.7825161169559,36.23332049493278,134.89810581640884,68.96285636196414
2005-02-20 17:03:06.638764608,1115.9964995173414,252.53319933118163,35.05160580027248,132.3542538327106,75.86841428309715
2005-02-20 17:13:08.111999136,1081.3789190672267,234.0927624644539,34.83162016624256,138.55414241325326,80.99609308669493
2005-02-20 17:22:19.187458165,1028.7753273492422,225.0199699796434,36.83054566840479,147.5993017451589,74.44923609549758
2005-02-20 17:34:21.132105988,1050.6664624870123,250.3366854890249,34.58903594833011,150.7134848440392,78.18598761986519
2005-02-20 17:42:26.806690185,1101.5320865414021,259.14418000562375,34.48566716876275,140.95385394440612,82.01210615489488
2005-02-20 17:53:51.220423403,1094.059538257142,262.0663394731297,36.256100702786306,144.06564079205708,78.52974525502134
2005-02-20 18:02:25.898982066,987.3299650803079,227.99014671060513,35.628031801196016,137.3393783683219,72.88638318298098
2005-02-20 18:11:34.933075864,1035.2922832028635,241.11308055615245,34.85843132651714,130.29464884202952,75.76847492135008
2005-02-20 18:22:53.903717532,1038.6622386399679,243.86265059786913,37.0300039725509,134.07350295800228,70.58420226731951
2005-02-20 18:33:02.930585465,1098.1866007508715,247.75852122910288,34.790717281604,133.36682560082676,69.36304569977425
2005-02-20 18:43:20.868942602,1084.5889395676722,261.4348520819089,36.06661372469808,134.8930489518436,75.5887747199862
2005-02-20 18:53:50.592935934,1076.8795574410951,242.36441487814986,36.42930236241142,141.4019583500198,72.97429478422062
2005-02-20 19:03:05.869306886,1063.726120476709,243.04669980979097,35.05795363342497,144.3538075924672,74.81844440580973
2005-02-20 19:13:22.775404238,1123.3762197524275,249.04421884369177,34.02864702535394,144.21402045198062,76.51423926010393
2005-02-20 19:22:05.419196567,1081.1303594509407,235.77917938252105,36.243708596675155,138.83745572234972,77.70117533901366
2005-02-20 19:31:18.921218611,1066.8468287175792,229.12833761813786,35.75054124502857,131.7598674304687,73.5621670117124
2005-02-20 19:42:49.902564706,1019.0390299068965,271.31881854380646,35.14260110158347,133.33233770234767,69.11948334764806
2005-02-20 19:54:00.192504204,1011.4463421918518,238.31661882551475,36.27087331332773,138.01291441905917,70.95530494698
2005-02-20 20:01:07.295255887,1092.4098644772967,253.58862959443098,36.47658866431153,143.37274683539087,78.17543219885455
2005-02-20 20:12:12.899968274,1.3070577621001047,-0.8850018997791771,2062.3996963626346,9.88951750559658,0.13117941295399366
2005-02-20 20:23:17.957557741,1110.9828634335765,263.98693348750896,34.934141737704515,146.34588608725954,81.94104971186678
2005-02-20 20:32:32.882739418,27.227433920977216,-27532.18106466288,-7.556373974991937e+25,-23.255346545769356,-10.819284728425819
2005-02-20 20:41:14.872513062,1027.9527422541485,249.655351069145,36.32236240056124,132.74855410575972,84.61535692262481
2005-02-20 20:53:31.206272757,1043.7946706159737,257.1240898652777,36.13945383437194,141.6860221897757,84.3050167629529
2005-02-20 21:01:13.600219456,1122.7760995818999,255.57006365385976,34.820935614449354,140.4864910253823,73.15727457741232
2005-02-20 21:12:48.293078229,1064.576654834045,231.48853440176262,36.105269999649224,133.7618262769664,72.0023151115869
2005-02-20 21:22:07.428861073,1054.3376014305888,264.22697653738754,34.95534492832952,140.98756550919163,71.29663087048459
2005-02-20 21:32:45.715274091,1164.8039637160023,240.9338592437312,35.425875032648825,135.83651322917703,74.78234055294891
2005-02-20 21:41:35.142698186,1050.635418098715,250.87306420668426,35.794393436186944,133.36050959313664,71.24098148476831
2005-02-20 21:53:08.584604838,1122.4565178077207,240.8577291395378,35.52970734246785,135.73353471629096,76.6588299394649
2005-02-20 22:03:21.294028978,1117.9278222704163,240.32452284528318,36.27919666499906,140.89491690777518,75.05575361348478
2005-02-20 22:12:42.498607866,1152.3491975122088,254.39414829812523,34.53727375385155,136.87386996113614,76.76165582032883
2005-02-20 22:22:27.781746175,1067.6314257095898,246.33434156578681,34.596592946677,143.58316818605817,74.93987320743662
2005-02-20 22:33:32.706110073,1071.742081815291,254.8891210891274,35.85281354108529,137.78264323655407,71.35352098625395
2005-02-20 22:42:05.692787937,1163.4096094948686,240.03841604748789,37.25452473835497,136.68162381625078,73.00766890048935
2005-02-20 22:52:27.011122099,1074.4206477743696,247.41442438202827,33.90940351210628,137.6445698712985,81.58182888966938
2005-02-20 23:02:42.304699200,1078.5516097159239,248.3452667178165,34.46307050147755,139.26636355812965,68.20297521499394
2005-02-20 23:12:51.906592918,1024.8381487819822,254.6953305035195,37.09460677265876,131.53124663165036,70.47728488469387
2005-02-20 23:23:53.318335548,1030.2039955233683,231.3786177788783,34.64982884519079,143.74549584518502,76.77711574686381
2005-02-20 23:34:09.968891967,1031.8129634249626,243.55628395658496,35.2343708680682,129.40649859829256,70.998920379328
2005-02-20 23:42:25.132397209,990.7134001323022,245.27661883145308,33.67265840219645,136.55367205569706,68.97355048245672
2005-02-20 23:53:56.597154405,1015.043403619053,229.31113408833585,34.84606652160992,127.51486012345302,70.127603007294
2005-02-21 00:03:31.949752619,1070.3190849428704,263.9809418513272,34.64281820526072,133.68535104656763,75.49362354472736
2005-02-21 00:13:39.658862978,1073.424588264523,237.88576915212624,35.742018852241934,131.91509586054553,88.19071921762239
2005-02-21 00:21:32.990542583,1051.6900178627923,243.58050993575614,34.84613327559306,142.73666554081836,63.76474680414447
2005-02-21 00:32:20.378984538,1072.8794285279125,249.007186113338,35.71678657391651,136.77464082927878,80.12767236332816
2005-02-21 00:41:24.633488363,1085.1528000775013,214.58514734760837,36.14067894555011,138.55445531744184,71.22523731087387
2005-02-21 00:53:06.794679249,-1.9582732470626108e+16,-59255.944579467774,2299.2344690890195,-7.79318865525311e+24,-4.830365641427054e+25
2005-02-21 01:01:55.818454103,1079.9987561360006,237.6753073889834,33.515101794361115,141.85175116915292,78.69301227828467
2005-02-21 01:13:17.961975514,1053.345548470395,251.12083893464614,34.40200447547469,129.15378597809828,69.72730302314667
2005-02-21 01:21:16.871280525,1102.9477395534898,249.23768993328957,35.893133906234965,135.96629951822445,71.49572414108107
2005-02-21 01:32:50.488981401,1017.0774301012528,269.11828936782575,36.38017392298435,139.17600673170992,64.72563522468852
2005-02-21 01:41:17.093091137,1105.0851564699706,256.9362331141342,35.36979823835034,134.57868402837897,67.5042271978039
2005-02-21 01:51:18.643584561,1075.1980563318214,251.71968139827518,36.15016814159663,127.52634658716106,69.08443537155755
2005-02-21 02:02:20.915082731,1026.6457523044487,249.18271593255395,34.566482233717785,127.4452495034349,80.80430057102866
2005-02-21 02:14:32.202547257,1075.2844551151004,247.43431622219407,34.2467829789592,134.21058409598064,63.11649351165644
2005-02-21 02:22:48.368491275,1094.3234032791336,234.41560443388101,34.12666277980278,129.51050913004624,58.74156627336596
2005-02-21 02:32:33.010340796,1051.2271222612644,237.81749139534983,35.449100368220414,134.34357117997484,71.87654918684437
2005-02-21 02:43:20.020094700,1038.37607405412,240.34958849881363,36.72626071961601,131.07913099066448,75.43648862366848
2005-02-21 02:51:30.839541062,1069.3943293671014,245.709286634385,36.040782742248815,132.0521457726934,81.58305359751365
2005-02-21 03:01:47.287389514,1042.2162082088853,258.1302574803008,36.640325196793434,135.47076838367076,76.43047717307155
2005-02-21 03:12:41.218562355,1086.3543685001787,237.4591683892005,35.47156693920423,127.74524536577562,69.85118380150827
2005-02-21 03:22:59.648038551,1024.4932020839906,262.4274656323288,33.54795359845513,124.17566577551594,62.95684865748648
2005-02-21 03:33:33.947171640,1035.2887367586516,252.4463353389794,35.53855015432785,126.70291031982025,63.352718054058094
2005-02-21 03:42:19.921116492,1127.6932176815963,244.11495262841066,34.81016869003024,129.54222776774353,69.53536221587467
2005-02-21 03:52:28.195923307,1091.8317945461426,232.4453595830429,35.513506317181225,132.29019430256957,62.887705573502714
2005-02-21 04:01:33.810014113,1051.8940474367707,243.5727759164903,36.34351587054684,127.15184570131417,64.37953698256548
2005-02-21 04:13:10.888268085,1035.066661645557,245.5088733896291,35.918150913244396,123.67625890443541,73.7232090990578
2005-02-21 04:22:12.638339021,1058.049205421207,249.68185576633027,33.425212476649286,128.77408149820798,64.52843295456836
2005-02-21 04:32:02.964041321,1069.7825224116252,229.75678840694766,33.643422842922334,128.65843543586348,68.01512776789006
2005-02-21 04:44:20.499665850,1050.8928302885902,241.64873165636027,34.04572222948939,131.6438528658332,64.31545827987259
2005-02-21 04:53:15.430418587,1106.7316173238573,241.2623810646826,35.29490541583542,126.27011078420703,62.5357228539873
2005-02-21 05:04:51.123424549,1023.2647673042951,257.71127259326664,35.097210499021024,125.29836855388314,69.01886512127402
2005-02-21 05:14:30.177453439,1066.5151005496973,245.15017351269157,34.480447801378794,123.0070677841382,64.69297527128698
2005-02-21 05:20:49.373635839,1089.8135605684904,245.7684329163784,35.84593564540128,127.33191576336222,60.15113216734675
2005-02-21 05:33:50.488414640,1110.955066055883,224.79703987647994,36.2119261680719,114.92251141329474,57.26111886471743
2005-02-21 05:41:55.979553546,1076.7017186923508,256.3688650142886,37.06468066173832,135.48767062066867,65.00699411486234
2005-02-21 05:52:10.979625736,1061.7728829750367,247.02150296855288,35.83917401161969,122.98300711460735,65.41212061684423
2005-02-21 06:02:15.270594818,1082.417477724515,241.73895662591474,34.836224866116076,129.27035573415958,65.05200300927038
2005-02-21 06:13:34.159512594,1036.3214224130752,251.14767709728415,36.08060850839355,123.7620288512536,70.29758897532581
2005-02-21 06:21:39.156184580,1088.4193652457088,252.12537798780068,34.24739590088708,120.03730312469165,75.42318692982587
2005-02-21 06:32:20.635898459,1079.5509219658863,232.5251266054147,34.24635848680515,125.74934384893112,63.108175176924235
2005-02-21 06:43:46.331337564,976.8378461860203,241.26008629412905,34.91180837811513,128.14806318229842,62.96325119912304
2005-02-21 06:50:50.762461260,1074.7033235998751,246.19751178666127,34.048455517024664,126.85851098108398,61.437958555806254
2005-02-21 07:02:49.188642585,1065.3322379146314,234.90528896162763,33.65124515652403,125.95789208436335,67.88701387283703
2005-02-21 07:13:53.987253822,1106.6243103701008,256.95712572284833,34.69568437860265,125.07619233680157,63.620174055263085
2005-02-21 07:22:27.488068367,1072.8089853243064,245.13625945686212,34.78748153545484,129.6712313620685,58.69810248673075
2005-02-21 07:30:28.076209775,-1026.78785276693,1.3063466581694891,863487025763.7186,-3.200920487689051e+27,-0.254109519702581
2005-02-21 07:42:24.461687703,1043.7692727484557,238.26169058830612,35.57301354587799,122.59960251412213,71.98119985918593
2005-02-21 07:52:40.542050668,1071.0634031914176,242.7213534106372,33.212399038167845,122.2020278845263,65.7995077229827
2005-02-21 08:00:28.604606202,1114.4823403408986,263.88679662625145,34.70687617159891,122.0584719215796,63.83570898481342
2005-02-21 08:13:47.349832737,1045.9959673389542,245.85420522384715,34.525986033744076,121.32203434642715,56.11553603624174
2005-02-21 08:24:25.821294182,1094.0605810402453,255.76605184889374,35.56002080903016,123.7144176914879,64.50197792418986
2005-02-21 08:32:08.274249360,935.0248767827006,235.30555621929798,34.98759946676781,129.92863077496284,65.23375319352321
2005-02-21 08:41:44.175126274,1053.4211549112536,234.34962015478825,34.144583100730635,123.5289749617064,58.73540152656775
2005-02-21 08:53:58.344575702,1080.114051361087,227.8203667013225,34.130432330177975,128.0258502063921,66.20201079382703
2005-02-21 09:03:58.876405997,55.36612981042388,110.77618202512713,22.013692987796524,116.42820240982932,64.75038990059527
2005-02-21 09:12:47.532030247,45.295758869408594,90.89419616128379,18.271901129405457,102.60806730511776,62.902008629721905
2005-02-21 09:23:59.006018082,33.95732471154276,68.10582844404195,13.529251263835237,87.93964674116405,60.312366667367336
2005-02-21 09:31:35.970027532,28.183305730465847,55.892708999105885,11.146540216700448,80.90754735241687,58.22189464900987
2005-02-21 09:43:22.944289642,21.64090759890119,43.19983942592946,8.693701086434823,72.79730562342158,55.5537481172018
2005-02-21 09:51:50.392127176,-0.37646228505203566,-1060854053.1505373,-1.8805931853141594e+19,20.556776412563227,-1.0051349333092436
2005-02-21 10:03:41.651912543,15.833121755664223,31.90268632087342,6.304937955987338,64.61746163160197,51.40400891682412
2005-02-21 10:13:11.874100442,14.623954235960623,29.391895514643362,5.899720952595196,62.31571631650543,49.5161807752042
2005-02-21 10:23:16.025739286,13.94381941229548,27.91581011776968,5.431394780207734,59.93178647876075,48.07631985711025
2005-02-21 10:32:22.786763581,13.440411060153638,27.066899086050764,5.339391995173571,58.417463795002334,46.49564852621066
2005-02-21 10:43:11.429361829,13.092419898000804,26.500599059320102,5.1602977791793885,56.41190176740265,44.969422598515166
2005-02-21 10:53:23.193039600,13.035028055172752,26.080383661305103,5.344883396707438,55.27115011667674,43.822888574670216
2005-02-21 11:02:55.750791617,12.939500950658715,26.01926259526419,5.107598151926178,54.14037074768658,42.56842665016587
2005-02-21 11:11:41.172325263,1073.8575634277663,168.6302513641005,18.235112058207566,56.792288950785654,33.99311676757377
2005-02-21 11:22:55.878871846,1058.0930589423458,157.46497576369995,22.507924019306103,66.38321051530163,43.431182321442236
2005-02-21 11:32:23.543530465,1021.3814788830376,209.43294858927837,25.59094565925726,81.4615065021384,52.496767690360684
2005-02-21 11:42:04.621282503,1126.9919607941174,222.71167308911424,29.573032238597797,82.76341868803756,45.387036278035495
2005-02-21 11:52:44.747885438,1087.5786867971412,230.5895871404874,31.164954906361366,105.57045138873114,46.2739316087119
2005-02-21 12:02:21.595437021,1029.9468632102937,233.42699561812495,32.78768815877281,107.66617476504587,43.81957710172333
2005-02-21 12:12:53.470568150,1151.9444019180871,252.4499375747166,33.532292352497564,115.48113818237802,58.91162049644881
2005-02-21 12:22:26.682716326,1089.6437690773637,240.9801176419636,33.93653486319054,114.22487349049543,55.3341306683864
2005-02-21 12:31:25.643805693,1006.7290181379867,235.39848685824438,34.550181437631146,119.95431591002071,52.85618342445311
2005-02-21 12:41:56.359830145,1141.7368636905721,251.69650160101583,35.61068336328935,112.3291608466356,49.49973642747011
2005-02-21 12:53:55.577977614,1036.0041686702361,231.7133183287814,34.193789282422756,117.24565892092454,58.44848085157499
2005-02-21 13:01:13.814177761,1060.0876021269908,236.80007517067418,36.56079765950669,120.04886771767679,61.38608461124588
2005-02-21 13:15:10.048037527,1082.4771582649232,255.7378051459015,33.462222616956936,130.72604717622949,52.94613982185977
2005-02-21 13:22:34.171802937,1066.1752655609416,249.43199320838482,34.13303171050899,125.27120110315954,68.79602532056907
2005-02-21 13:33:10.348510523,1078.161050010599,263.49520625207526,36.069575441293715,125.02410096154577,57.714037471084445
2005-02-21 13:43:33.099561144,1078.3057596603192,230.82531801822273,35.38030044818005,129.20975487851888,65.98558064202217
2005-02-21 13:53:06.399613249,1007.1894996621705,254.1611537281567,34.830289483791304,124.27494236524055,61.70400860028924
2005-02-21 14:03:57.419386008,1015.5461047813037,241.17522684140135,34.9448781955012,127.43684702392486,62.14924728674145
2005-02-21 14:13:08.554800536,990.4657504456532,262.4097274151905,33.84079877125593,128.1540171613918,65.50144234582503
2005-02-21 14:23:24.513928192,1092.1790293337046,245.6541058312282,33.74993744095211,123.41860362327687,67.42576808967718
2005-02-21 14:33:13.904478298,-248387.33670236348,16235380.527832754,12623604.208225008,287.86349684006734,-1571944.628108098
2005-02-21 14:43:31.345092938,1107.3364164569778,246.2886361259079,34.21513588535087,126.88577119983053,58.45763697618729
2005-02-21 14:53:28.646615256,951.1857425648484,242.79528297664245,36.400601586681475,128.53418844197196,57.730595424760594
2005-02-21 15:01:31.796417214,984.5727975502595,245.89622520901293,33.318861327435684,129.621198054658,60.508043877007005
2005-02-21 15:11:25.366696200,1006.8478308816842,227.5887523675426,34.43094315404154,131.94261310010836,77.88534555185107
2005-02-21 15:22:51.522279473,1092.7983795262169,259.5059602866853,34.64317542958596,134.46956748323305,63.00340912728081
2005-02-21 15:31:22.768674145,1074.202116658037,258.1564723647535,36.099358784758124,133.19121018105258,74.29794329988715
2005-02-21 15:42:45.671130182,1038.2562276427914,256.0182060486115,36.37313364259206,126.67333568309964,72.89976975414729
2005-02-21 15:53:34.874919305,1091.637424513689,241.90397575178335,35.22774328250954,134.90234797728397,66.64976138007559
2005-02-21 16:02:51.846412143,1081.2175264918876,238.18088350039724,34.11932057916031,130.43327135162698,70.80985956828388
2005-02-21 16:11:20.827017324,1001.261965323798,251.0464295091124,34.40575377121401,132.50542139601643,84.22390135023628
2005-02-21 16:23:08.577386384,1027.641457501907,243.37760176976445,36.50725465407115,135.6486894080156,74.5749604847444
2005-02-21 16:33:35.215610157,1011.6558677071791,241.5829810280946,34.3388464274743,139.36353662933286,69.42380582002994
2005-02-21 16:43:56.850668183,1142.3972482221752,264.6044952028862,35.0185890419838,133.22023335176064,75.21039820272708
2005-02-21 16:52:35.217534099,1084.4048691621388,247.90616113239452,35.16425333429184,139.2533758432997,76.4647754968296
2005-02-21 17:01:52.218222999,1066.2460176901618,257.12903933817364,34.64549152357939,137.94047573508405,70.1686290138192
2005-02-21 17:13:56.594978901,1050.2314195201698,267.9724554857759,34.973828837682674,134.7461414114797,73.00237173407486
2005-02-21 17:22:28.244139865,1063.23008884415,247.6578909940974,33.23730591061115,143.30588053911384,65.3163665916434
2005-02-21 17:31:38.206864856,1023.9412240179166,271.1560181988851,36.00738182609938,137.51392078698905,75.78213747525527
2005-02-21 17:42:20.523779045,1060.9359013080602,242.15779054930954,34.778782074606205,130.4979032208738,78.26486239669748
2005-02-21 17:53:38.008244718,1078.182389585032,253.379962827557,36.032140767600595,137.65548938988627,69.8453140404109
2005-02-21 18:04:25.287143278,1075.2216600988581,243.54092200508796,35.065174542562374,140.45111507478327,79.30424091065079
2005-02-21 18:13:14.401270535,1067.4222858432292,238.47867338008518,35.666448136722515,136.83528083975636,80.6219584392144
2005-02-21 18:23:28.523805817,1074.9766169877362,257.0655152234614,34.31348085417538,134.2767564501491,73.92899614752584
2005-02-21 18:34:21.920001416,1077.8440629970794,256.68097777511355,35.046195504468706,135.27726065117471,77.03766554419799
2005-02-21 18:42:45.970422058,1056.6563497269658,238.27510058644447,35.333198943237704,134.02582787563944,78.1035906570693
2005-02-21 18:52:59.733334167,1172.865169657645,252.81800899955067,37.37266735792606,134.50062450676845,72.9715547521177
2005-02-21 19:02:36.644315426,1036.4404081936339,268.46336948992206,35.842257083323716,134.99079062617687,77.02932852372184
2005-02-21 19:11:23.268413712,1032.6203856455993,238.52965789204788,37.1053132842906,134.89631965205268,72.6604402514469
2005-02-21 19:22:28.367969045,1006.962670880447,266.81826974746014,35.36707088426294,144.39325762660022,72.31299548142098
2005-02-21 19:33:52.197801091,1104.7759600858974,252.66029656618971,35.47038108766031,141.17882139276801,71.10599675128202
2005-02-21 19:44:28.396313481,1061.5088869845983,240.19037430378341,36.63831036225437,136.53618573372665,80.20349286907172
2005-02-21 19:53:08.875081954,1083.6934030904474,274.7865975665646,38.4576798079585,127.31765183095966,75.74682904637402
2005-02-21 20:01:44.971506976,1038.2636215778728,244.02201353417334,34.72874772005354,138.84722677080853,65.97644418712544
2005-02-21 20:14:14.690679491,1117.689619024741,249.58370640629525,35.37393775627821,140.33383352453671,79.57888983670605
2005-02-21 20:23:16.923378489,1020.0520834394356,244.51130631220101,36.937197235902644,135.47303943565979,66.4780056080508
2005-02-21 20:31:41.070641223,1041.7493447651955,239.86162055061814,34.174733438663885,133.36868238359054,82.8774013359322
2005-02-21 20:42:45.003221939,1084.041977350123,255.9938321406705,34.26061685241563,139.4543842936091,76.23601912066461
2005-02-21 20:52:27.250291405,1070.2627083287823,247.4951213742869,34.32339899272032,147.05701319139303,75.8614164033466
2005-02-21 21:03:03.500320117,1046.0791788092229,239.6054449365931,34.99464135250243,131.34886973863973,66.75144040229151
2005-02-21 21:13:03.948092074,1038.088513606926,263.2316247947441,36.54992346456039,141.2925586920005,73.82246916897611
2005-02-21 21:23:24.982730611,1077.8894486944585,246.67767991108494,34.58607438745943,140.2171258545625,69.46213890155285
2005-02-21 21:32:04.304943573,1104.6346801994334,257.1465744076071,35.50682759456247,136.27448953192655,74.96400947121258
2005-02-21 21:43:23.760917530,1019.4364490317789,234.59848133202397,33.84412385015957,139.99018843371346,74.65243199989052
2005-02-21 21:53:55.518657783,1042.3660510695643,265.20773502148523,36.022340892208774,133.24157835660426,78.04469898493
2005-02-21 22:03:42.123549874,948.1437106673945,256.52167273822926,34.99709749271101,140.8147339197935,80.01871235973344
2005-02-21 22:11:42.369219630,1127.1901327108349,228.41782122045288,35.96252852598886,150.68896702837262,82.43143157729966
2005-02-21 22:21:47.330097552,1082.6016461085244,239.04853897349253,34.9126473877628,138.42751288969433,73.76242975144905
2005-02-21 22:32:51.619039005,1031.4765923680231,257.7506599019308,34.82879248380946,135.109236166945,79.25498382514466
2005-02-21 22:44:31.190466269,1026.1798830998846,242.85612598200697,36.05287681816489,131.16745167229348,72.28767152646307
2005-02-21 22:52:22.495883809,1038.2085832628259,258.2168650697064,34.07779501359456,137.02733702445414,72.14605068398278
2005-02-21 23:02:40.080085266,1026.2050097162905,231.0893276437822,35.60072249720399,143.28651624543676,78.60256271426495
2005-02-21 23:13:53.434320388,1130.941027510476,255.09327111452404,32.9179721186871,143.1111471990195,73.16131618733971
2005-02-21 23:25:26.757823886,1036.5010592455542,242.67683832912817,35.79418233124093,140.41948987340865,70.63565127566234
2005-02-21 23:33:16.461138819,1096.8251937299315,224.47789749263697,34.39964587601192,134.9797083755201,75.9751260922934
2005-02-21 23:42:28.681767490,1079.1981295469657,233.59830289411389,36.540545825867895,133.50983022673174,80.37000399644421
2005-02-21 23:54:22.987064298,1099.7389783490828,247.86374724970148,34.66507004572916,126.45230656000277,70.57430324286993
2005-02-22 00:02:19.751425209,1086.673991647215,259.9235015509207,35.25819145033228,136.16413796358967,69.0908712918315
2005-02-22 00:13:02.578275018,1106.4471926436627,259.7231699575162,34.729862854424816,139.10245169206803,73.13543208125908
2005-02-22 00:22:29.679851896,1073.046626548565,235.89434609040163,35.98197469104793,132.6632301947546,75.55937444793312
2005-02-22 00:31:46.507942487,1034.113084678588,248.57693960270294,34.649025401009766,131.46008015998262,78.03624819233774
2005-02-22 00:43:08.533901967,1089.3012162549792,235.98242114725522,35.72442140880782,136.46320127801405,73.08459589243775
2005-02-22 00:52:42.290278657,1039.479152428273,249.40747073170405,36.78616046633476,124.0092710580077,69.2394032078751
2005-02-22 01:02:07.078341040,1112.3344736412791,245.01952445131107,35.564576958274436,139.90706091059565,72.62822913303793
2005-02-22 01:12:55.600066642,1019.3634419647018,257.2103139699442,34.355342352875205,137.29822235119659,66.43699776667013
2005-02-22 01:23:21.121299901,1097.8196099399688,267.48014454855803,37.39395768347554,134.4427832941995,70.07300508495874
2005-02-22 01:33:40.292639022,1048.1281897612982,240.83482777128262,34.9826263830611,123.38134624867541,71.90683243455564
2005-02-22 01:41:11.232070515,1002.6760961288084,246.33643970088772,34.05506358942525,131.9503883185463,70.09969215359068
2005-02-22 01:54:09.412212387,1029.3492420575164,238.30001763941644,35.06491024849812,131.00341740620968,75.20076424878998
2005-02-22 02:03:06.645647600,1023.8946507807063,262.7637940953157,34.01954830973335,131.0123777947959,70.42004490725706
2005-02-22 02:12:24.347058137,1117.7806027603906,240.90039885297614,35.325725907781234,134.27643681705197,70.58884228259342
2005-02-22 02:21:29.345869339,1032.9570903794977,236.29489538190256,35.56409829620706,131.2259888869929,73.07178359457247
2005-02-22 02:32:23.547034981,1047.6306528122752,239.0217929813715,35.395312298707914,127.27499130275213,72.22363792270025
2005-02-22 02:42:18.975753820,1079.9406550341773,233.26080483110385,34.29394645719154,129.34040946871085,69.86434809705355
2005-02-22 02:53:08.408044218,999.0884557476875,242.3026253679842,37.41530800556306,137.09159769562083,72.02733019964484
2005-02-22 03:01:42.561242898,1089.0379886729795,243.01878767914766,35.9008807911759,130.18086929835644,62.85165495601778
2005-02-22 03:13:13.996055987,997.770732557695,250.66162190894775,33.97935844096383,129.02507532311148,74.24527211768981
2005-02-22 03:21:05.684476812,1015.6253035414242,242.50197878965525,35.616206655668186,126.64272281225315,65.7838381937637
2005-02-22 03:33:29.143774278,1058.5263413794542,248.58215730175567,33.33840253876377,123.9751882835792,66.6154788475559
2005-02-22 03:42:53.582419117,1045.9864931162406,258.3358549326904,35.79778439070161,129.56914229282756,66.78164782289723
2005-02-22 03:51:29.300932423,1062.124565979292,234.09694655899426,35.98923234686195,127.13481542627524,61.29743152311776
2005-02-22 04:02:42.379302820,1047.9414180449148,250.9751297205954,35.70110740073702,130.08994149686976,64.67418676136165
2005-02-22 04:14:11.337413764,1103.7828623069267,235.9666223512078,34.72372938454941,121.95880296518786,61.72179654026182
2005-02-22 04:22:47.006690835,1101.8126309718546,238.92843161496566,35.43206838383319,130.78257999754075,69.04269850326615
2005-02-22 04:31:29.327681811,1083.2204343809344,248.80623527204776,35.234559701770685,132.85459531081136,58.349493811226324
2005-02-22 04:42:42.744628679,1108.694551833299,228.29787640182423,34.173543961370015,125.67071387230932,63.95175129542911
2005-02-22 04:49:53.747517166,1009.8112291831392,225.62664856280395,36.01212749359235,124.5132977501777,68.34893655451809
2005-02-22 05:01:37.722787157,1010.8977798530368,250.14703577482575,35.42860874496896,119.11114073694286,60.294425218778485
2005-02-22 05:13:16.875546280,965.2853116835438,272.47120180470023,34.67474156613107,123.10978991563717,64.36124826867405
2005-02-22 05:22:21.906302369,1053.8549565652713,259.5166640177179,34.80047275922779,126.79167117030717,65.46892974065756
2005-02-22 05:30:52.380441906,1097.8716315990482,253.74525289130955,35.01649949686891,120.63552229953346,74.2712108302912
2005-02-22 05:42:45.839811257,1079.953652565675,246.48546846555885,33.668388888186364,120.43922621506552,69.59138903465224
2005-02-22 05:53:10.725494577,1079.2453829060853,246.58036373762133,36.295004089087726,122.42093323919127,68.08317277486678
2005-02-22 06:01:00.696067135,1050.0624790877805,222.96180364165707,34.409457880011864,124.102943659415,64.28979892488803
2005-02-22 06:12:51.459435847,987.8619368163679,237.83907185863745,34.90448067728122,119.70121467930554,70.2004698379487
2005-02-22 06:23:35.393851244,1103.7325255016287,232.86541372322887,34.9140493039575,123.91143717235195,68.2326969103055
2005-02-22 06:31:22.692393844,1093.7504840474653,234.3587198979938,34.56878370601577,133.90796102707307,71.02315487606644
2005-02-22 06:43:14.532621625,1042.9765612918707,247.14608556346187,34.15498380854031,130.26689955380883,62.42291693199142
2005-02-22 06:53:42.286045464,1169.3879632994667,237.37258357647133,34.220038692961346,131.1032855519296,73.70035803394475
2005-02-22 07:02:47.041981519,954.7064170328379,230.79827352202042,36.331417791378335,124.15206710860048,55.56922612618638
2005-02-22 07:12:51.195556071,1075.8251934032253,243.11542586846795,34.67472749775861,130.12067222206355,67.10168404978106
2005-02-22 07:24:25.871496297,1029.610053735435,258.9610595724976,33.53360733463541,132.3747705425729,67.85558277619283
2005-02-22 07:31:44.356033051,975.1508973093516,245.67845311135824,35.11368030048298,121.52588509042164,70.66884528572523
2005-02-22 07:43:27.560799235,1023.8432961469528,250.479728597267,35.354981031497864,126.07665236750638,59.635386597729266
2005-02-22 07:51:52.320307722,1029.0046292775728,242.96841369710697,36.614997535776006,125.2146146494095,64.04984910629275
2005-02-22 08:02:02.869032952,1043.0584297066227,244.48085494482305,36.58837736474393,137.07350475680136,69.82608730450401
2005-02-22 08:11:00.500784226,998.8004410364376,239.92188123455637,35.40524232298174,128.16860790997114,61.092333295891095
2005-02-22 08:23:15.164558146,1019.1969230089599,251.33660777729597,36.22266435505353,124.13166043059131,66.81403085346044
2005-02-22 08:33:13.034608981,1130.3157290982397,242.48749115698118,34.881698415078745,131.29076820660052,65.82782243622688
2005-02-22 08:42:23.225165256,1116.1064370767874,259.26970783100387,33.839091308630714,124.90211949214934,70.4320311080311
2005-02-22 08:52:22.014754188,1117.961609037403,237.89617737485278,35.16877245346366,129.3004578937004,68.27224455515814
2005-02-22 09:02:29.088941776,1035.8785971211298,254.80221006367898,33.72673616320556,129.1403595037242,62.62951617524205
2005-02-22 09:13:22.638871623,996.784226080635,257.34089251913923,35.48348480254511,116.6996460675072,66.83837135874954
2005-02-22 09:21:41.532239130,1071.5497310846818,243.5046349213108,33.46743533436369,126.95790966522725,60.59333804372908
2005-02-22 09:33:33.135441142,1005.3959433753214,250.54439849054364,36.743405912782656,126.03070227658849,69.69849641741148
2005-02-22 09:44:25.764517635,1079.5139337281637,251.3435422542842,34.77538360690006,137.94180815545818,70.69026295306618
2005-02-22 09:52:36.946160985,1056.377204379096,242.04065598680342,36.26316737453135,132.91385967725262,75.24667933278947
2005-02-22 10:01:00.543304689,1140.950614114297,241.1393106610338,35.29594227372013,124.90788361775378,71.52948295675377
2005-02-22 10:13:18.864233808,1064.5204217457406,235.14654088002726,35.22603081021189,135.04134514844256,61.61703808593561
2005-02-22 10:23:05.248565328,1104.1189283818546,232.72520563848298,35.860743516876646,125.71019617850166,70.51403078418028
2005-02-22 10:31:59.402710656,1139.74387572573,234.45648895463003,36.334807287409724,137.0408818790131,62.99684526907338
2005-02-22 10:43:09.813275330,1114.5720603350203,253.85770911086263,35.47478475003394,130.09072727766318,63.49128762737228
2005-02-22 10:51:36.983114155,917.5588948826144,217.2605046616661,35.41210229968866,127.79821718922601,70.99746894429957
2005-02-22 11:02:27.740498658,1049.3950964441722,241.88043106371444,34.110562553450656,127.19675298809128,67.02044539760284
2005-02-22 11:12:09.717355744,1122.3684644490472,237.8474157417078,35.064104495066,131.86541010850087,71.81652936913412
2005-02-22 11:21:09.336574484,1095.5127111580325,240.38783632318365,35.68764897439096,133.95326969230837,72.32546513337729
2005-02-22 11:32:08.288423340,1116.2544071840125,252.08810864187495,35.51491018584756,132.2074702095116,72.61434414779069
2005-02-22 11:42:56.988769778,1002.5027371509314,235.43900571363682,34.78668693398271,131.40203653836443,63.533762219557005
2005-02-22 11:52:59.818291000,1076.6165516531646,229.4275571112434,34.367905314118005,132.6947559064245,72.49958429466113
2005-02-22 12:02:41.843235871,1136.8276446076306,246.56651861340166,36.812121202849056,133.15212338274145,65.66179025877544
2005-02-22 12:13:50.514861780,1005.7980174981865,237.8084626252791,35.02815797500978,124.00512179589128,69.20104025953296
2005-02-22 12:22:22.568425009,1000.8454383268632,224.88186930851413,34.86990574889687,128.70712123999007,64.60245964903136
2005-02-22 12:32:01.199131107,1170.0982836375417,256.5989797281626,36.1075441906537,133.515669682444,70.23449544587677
2005-02-22 12:43:07.306201364,1087.7193791882842,252.20001608511637,36.16649220415382,124.24506671757982,73.61558113908815
2005-02-22 12:52:50.170514112,1092.897357460899,236.2232192803393,35.54426278595451,135.91637787707012,75.64602712595521
2005-02-22 13:01:00.139593712,1060.259777401002,257.3648309388854,34.5353357197479,141.13224916454288,66.93438672858957
2005-02-22 13:13:03.629541715,1055.8965697232595,236.18202807588654,36.374569012332906,132.9638781393561,67.06134322852144
2005-02-22 13:23:10.267741529,1100.849848920761,238.50918186729797,36.81025006270689,123.66293652682928,66.8332007656527
2005-02-22 13:32:13.730482079,1039.0604171812683,252.520613119557,36.69108907344143,133.0128748718569,77.96896944125261
2005-02-22 13:42:36.431275893,1105.9120613139874,242.08340177333812,34.01548284163876,128.92011890421477,62.6167250582353
2005-02-22 13:53:00.177833935,1124.2560620178774,248.1912402062922,35.945443125134254,130.24808659561842,67.76851921818411
2005-02-22 14:03:17.802126850,1054.5563677665712,242.9041697136155,36.75421343672193,130.15339532308522,73.00394587396784
2005-02-22 14:11:59.342322577,1041.6318788006938,248.58875646105548,33.92840074648011,129.61538679298602,70.84413934577469
2005-02-22 14:22:18.926219696,1105.503684520142,240.36882715858988,34.61305299103822,132.15304759036718,68.51222867246473
2005-02-22 14:32:54.783031391,1120.251369456167,263.85282036775806,36.948050213100004,139.05448861511712,74.70410599675563
2005-02-22 14:42:08.798229315,1040.9954924370843,232.24603180110591,35.27823458364528,140.0370832990209,75.25776897443592
2005-02-22 14:52:17.326917117,1008.1043002661008,245.7510183788196,36.041045462016825,127.49085296542783,67.3030120697436
2005-02-22 15:02:19.172977099,1081.9220843781954,235.98520046559702,37.14409566998664,131.82056807080622,77.00307994411237
2005-02-22 15:13:49.614910059,927.653188702035,235.44425525944712,34.77923830401107,140.17344423009104,71.76746971616761
2005-02-22 15:22:00.851444686,1081.467152313281,250.4832962033694,35.21483598491636,136.77638438711688,72.49550007757618
2005-02-22 15:31:34.676539105,1131.5622412005557,257.71634687740715,35.031948733539444,136.20391738465725,72.06542973472017
2005-02-22 15:40:26.991443398,990.6947303573764,254.58653646257326,35.46948014880932,141.79630375325084,73.54842285193313
2005-02-22 15:52:33.463494097,1058.9787474880977,259.65567944985276,34.78358801148116,132.40069783795735,78.94074051741603
2005-02-22 16:02:48.198881425,1017.1705364014164,256.9589154047661,35.14934996020387,141.81770745237972,79.51161247641411
2005-02-22 16:14:18.169367536,1132.9202059704012,259.93489486402797,35.84928286731539,129.66030312004204,77.0253002588331
2005-02-22 16:23:17.729468333,1070.2754941126889,242.1340688307812,36.17766544248313,140.60205606550878,80.82848394814431
2005-02-22 16:33:14.222510072,1063.966180815051,243.27342481349038,35.8009589839361,142.6881710374527,78.07460884604704
2005-02-22 16:41:05.389391288,1112.5623758929476,259.35861429626783,36.09795364751812,149.09500017105722,73.4634703869304
2005-02-22 16:52:08.308127383,1059.687915898193,256.5324207777298,36.733900878292474,145.05308500759432,71.28974353860924
2005-02-22 17:02:24.588428453,1113.129267286864,267.26845026164733,36.01656753771807,141.60269260900392,74.43963958295215
2005-02-22 17:11:52.317141832,1076.0263509346614,252.168200501528,35.865846416284484,140.9226982139351,78.92637975116061
2005-02-22 17:22:54.741875886,1020.2356556221215,251.85331462720907,35.5519242117441,135.88170039778308,76.48025745338671
2005-02-22 17:33:58.265916926,1141.0632641792126,221.0434423792775,34.57482730984486,137.43081280347326,68.2900763875573
2005-02-22 17:42:56.568184923,1044.6478477971182,237.27268715163467,37.14849014012069,129.9965455061212,78.86168593823193
2005-02-22 17:52:52.070027434,-0.2347474211804721,11044.980828256017,572053844959.3278,-3.2983482770014804e+23,2.943179505981397e+19
2005-02-22 18:02:38.321816511,1100.3283051387002,263.9881903414917,36.6156413809485,131.03623156316243,84.8899780142796
2005-02-22 18:11:47.042740193,1132.757713787241,265.89847604865935,36.540997350945396,147.24800674957618,75.02888098612866
2005-02-22 18:22:47.363892580,1219.3580427404813,245.6329310676461,37.30647727859168,140.07330572070885,80.62978944632172
2005-02-22 18:32:01.574394509,1004.2364362745185,258.1711630186769,35.566283987084695,134.39959640762953,78.30865289118537
2005-02-22 18:42:14.442118152,1057.8326903451282,254.42948907361324,36.10077258267779,144.60284285578552,77.20141678822873
2005-02-22 18:54:18.798386555,1128.5352879593634,249.3732433796808,35.99754090345639,141.23664251332957,72.68864868435296
2005-02-22 19:02:19.394185036,1076.0503666755333,258.3556374609179,37.40991543426101,137.30338832402202,77.59006692892629
2005-02-22 19:13:50.216544554,953.8176614076053,247.99384214513964,35.16132144693757,134.95269567291555,70.06828928616031
2005-02-22 19:23:10.258428764,1019.8027916135215,223.61405040708394,33.44253882093277,135.6025186919793,69.6410277139276
2005-02-22 19:32:36.614874213,148.18354861538316,-2101610058640.0535,1262803746871425.8,4660277.16353347,1020.147801728369
2005-02-22 19:42:56.421022552,1038.151605959718,253.7732311372684,34.46726656819133,147.6810563831396,79.08525351746637
2005-02-22 19:53:58.545147783,1059.8572542261932,256.56983287267684,36.71300272779186,132.61520248315105,65.51378396647551
2005-02-22 20:04:25.125766444,1054.2267601114686,253.3004565566373,36.03178642426569,140.15682059247982,70.25863168219145
2005-02-22 20:11:04.018397628,1110.4636504005773,242.85565887551616,36.25407894211918,138.44780114529274,88.7698769834793
2005-02-22 20:21:26.728931962,1057.3360403805038,252.2014184574086,34.51084426322365,145.46426154315486,81.1754704995427
2005-02-22 20:32:27.304368354,1095.2888056060617,247.16883373315528,35.306238287303486,143.83018907332905,85.75752803353936
2005-02-22 20:41:30.919378926,1115.101118091051,240.13504568604634,35.274501032457714,139.6875701361117,70.46137981709856
2005-02-22 20:52:31.526576857,1144.2410425494768,261.3341979519705,35.984497607264245,143.72227495299805,73.97727765354811
2005-02-22 21:03:43.751448754,1085.2239906794246,248.706492086617,37.819344512494155,149.08719979831014,65.52882239995333
2005-02-22 21:13:43.789979068,1125.6362104387706,251.44160984993587,36.81362786395088,132.16878330535826,78.73559645296339
2005-02-22 21:22:38.030085031,985.1908366277371,250.06103408859403,34.58632117151816,139.74540243927248,69.11952556471272
2005-02-22 21:34:02.140712349,1126.8801696092337,256.9560624229391,35.144488028244936,132.01274178270506,85.33208017454254
2005-02-22 21:42:31.685412430,953.5053469187878,234.85479780532248,35.54979253932442,133.25614563773823,69.23661044448144
2005-02-22 21:53:02.316134420,1026.8535423280148,246.59426909366374,35.57069838885426,138.42130869211707,74.04375931189955
2005-02-22 22:03:24.850094486,1011.9709834903623,256.1122423690711,34.97300372481263,133.15227607993546,79.52461250822468
2005-02-22 22:12:09.973460201,1055.6438195600017,242.46613650241557,34.897015114351575,137.8179305892039,71.72454168303285
2005-02-22 22:22:47.140376421,947.8961161263235,237.32451595736302,35.774498187666495,140.6542655157247,73.89268988664705
2005-02-22 22:34:51.281961395,1049.689059063794,248.49817049121165,36.29180562856245,139.43000240930715,74.99718453582159
2005-02-22 22:42:53.395153701,991.468409843264,264.87322322628165,35.23504326466998,126.50541947221116,72.90945259529721
2005-02-22 22:52:10.477727700,1009.0258416168564,249.6310478851292,36.44428791378348,139.31360605742887,74.88118074085419
2005-02-22 23:01:43.528012869,993.375680988222,251.94850978447568,36.216686913970776,133.86254843523466,75.14022534686772
2005-02-22 23:11:29.544401942,1127.5856888731573,239.18262749679394,35.580352979744035,137.5549207912335,79.64333394261776
2005-02-22 23:21:27.866894907,1087.0455056301234,247.3371051791294,37.06223040461561,132.79975385026754,73.82608499163113
2005-02-22 23:32:07.468640011,1133.2520110240248,240.6644595697381,34.436817666839616,133.00061988167164,79.05969266691923
2005-02-22 23:41:57.769752210,1049.4948587508911,249.1375492763838,36.464619866748414,145.43899338404267,71.92589773448572
2005-02-22 23:53:14.325880147,1108.2410333334728,242.26998823955896,35.27410941856196,136.90562735570686,89.52348134441507
2005-02-23 00:04:53.951644603,1088.2550025885569,257.53935658250634,34.444107756113524,132.92392215744817,76.11261242614638
2005-02-23 00:12:57.667411520,1080.3254653486536,253.87681441006887,34.944284518378424,123.38277446850401,72.89485773540312
2005-02-23 00:22:23.072059321,1147.9522464273136,250.49544316594066,35.55149777535338,134.0037724569999,76.92289145536549
2005-02-23 00:34:30.978689652,1050.0655674143047,250.97043662925384,34.179714211817526,128.65277655186827,65.34136880031394
2005-02-23 00:41:30.601231705,1095.1089135427198,234.72310200372655,35.93625061602677,137.99951979333935,80.59375252627642
2005-02-23 00:53:30.552655407,1185.2424675417353,223.27613463533987,35.58125865170579,125.11219268725371,66.1341908906881
2005-02-23 01:01:07.835833879,1019.7720771142123,240.61125177659332,35.2221658973166,131.05389151250634,63.99328117098927
2005-02-23 01:11:36.578901248,1091.3581280021992,238.81656575098208,34.912671141539874,130.30456576175132,70.42022412481941
2005-02-23 01:21:46.913093994,18.13458963467461,-3885.1713015771943,9830377.044485925,-19187824385.789154,-0.9605127045353489
2005-02-23 01:33:39.386261543,1164.3734554907749,252.62382064586905,36.25387419842785,124.98477741845869,66.39188360306656
2005-02-23 01:43:30.883500081,995.5171881692177,248.08657085149594,34.9170095704455,135.17733877855778,78.7179526725263
2005-02-23 01:53:45.517673883,975.7296209608909,254.97782557273226,35.05611378878974,142.85192837203434,64.66372541661897
2005-02-23 02:04:29.099791505,1050.4019646208737,255.70018113823872,34.01257710019284,134.10103796878045,78.13033481480024
2005-02-23 02:12:05.665242935,1071.8885314999525,244.78916096045984,35.88370669355624,130.21310115061388,58.467742181210944
2005-02-23 02:23:42.169996510,1038.0528779578544,224.64186543269568,35.668231938408375,120.5623352851387,61.65330544861826
2005-02-23 02:33:04.565362164,1018.3187777452988,248.36748283558333,37.688759275671885,130.62873219281133,70.13869335334299
2005-02-23 02:43:48.585921764,1079.4320032961398,243.0026064199629,35.192020190521674,132.23394287497155,73.85379172883226
2005-02-23 02:53:56.528765425,1033.8445459832199,241.42100510120605,34.35599778402781,138.97464973219294,78.53110686841252
2005-02-23 03:00:20.375911448,949.2720918394323,237.5587112844571,36.1677780249058,126.45067649804804,66.72085391135197
2005-02-23 03:13:19.685101365,1071.5562454816259,249.59116435236933,34.75077703598973,139.3024362964298,70.15466707922475
2005-02-23 03:21:44.465713004,1074.518635852192,250.69810649965189,34.874273641623525,132.8942332922969,66.99604145662275
2005-02-23 03:31:45.097013595,981.1622349653269,238.13318969858332,34.47113574814073,127.8648822933742,65.61644929503656
2005-02-23 03:43:45.391085514,1131.618920790494,253.56760536452128,34.61074061306659,130.6791851072411,73.8173435195117
2005-02-23 03:52:44.534045978,1063.706622272638,250.5058015349091,35.93252954767008,131.93770521516691,63.76691592745718
2005-02-23 04:03:30.758110312,1035.9690634798592,252.9455087093296,34.88165099427442,125.90936347686826,70.8561151560587
2005-02-23 04:13:29.124869374,1046.1640444034508,249.0156445599112,35.7970890675885,136.31682084257946,69.98926121980578
2005-02-23 04:22:49.657055354,1176.9961455668745,235.35508889043126,35.26567303531582,133.96387652579912,61.11892753754733
2005-02-23 04:31:56.576570055,1080.7906824830113,253.5311816052324,35.64721486297862,119.06779184461514,70.01903932498199
2005-02-23 04:43:48.596562799,1065.4653095966835,254.56839000323905,33.44506071295245,124.69721565976542,67.50870984894827
2005-02-23 04:51:37.053603333,1013.4979264930055,255.84132680585805,36.6914516687294,131.54540573195234,64.12294316254511
2005-02-23 05:03:12.064652115,1041.2146397569688,259.28572580978744,34.3420073494656,123.9181277685244,63.87191054675159
2005-02-23 05:14:04.504041346,1052.3058306681735,250.27047327718793,35.92680478681564,133.43621700810604,67.89437349718013
2005-02-23 05:22:28.371964353,1099.881632646984,244.29293986799402,34.30815002283028,126.7412450089017,66.46705290150184
2005-02-23 05:32:31.376157956,958.6029464857172,248.8344583767878,35.701629634317946,126.68755773391608,66.90877113864757
2005-02-23 05:42:53.939982688,1067.8483261696535,251.7490484536748,34.64473370007509,131.49947233678898,68.36791398508905
2005-02-23 05:50:02.101385953,1107.558095504265,227.2059439676825,34.79647361028022,126.18441072374831,69.61255169718649
2005-02-23 06:04:07.390112084,992.7191835905377,243.9769262509495,34.757912811687014,132.06145157468478,63.4409571242525
2005-02-23 06:11:05.794510197,1139.4488671468764,251.3078744804858,33.94723905787919,132.3453756017512,67.74519342182857
2005-02-23 06:24:59.614869919,1033.5163867505983,240.80675983859715,34.850642999743556,125.55115949844827,62.58918646060888
2005-02-23 06:32:57.918814835,1107.4579966219762,238.09186629278764,36.590876373352906,122.87701908306332,66.02986241791703
2005-02-23 06:43:04.462912491,1113.7589657804558,223.05884688198907,35.79628614405171,122.16202160091579,60.14336989226844
2005-02-23 06:52:02.847432537,1085.7276366750202,243.26348654171198,35.22744463141403,133.19776469991183,60.108938769507496
2005-02-23 07:03:56.733673588,1140.027795664366,244.09767820262962,34.501574856641476,120.4763380560155,73.61912972272026
2005-02-23 07:12:47.006353773,1034.3388172398472,246.55825660015992,35.17542805133864,129.5735053457382,74.23306693681107
2005-02-23 07:21:14.343110679,-148.15347737809088,-21229412892.422104,16747894.118504876,-44145331.229819864,-20022785.33150918
2005-02-23 07:32:59.544140479,1109.4452026041122,247.1730839163717,34.673790318872996,124.60523707803553,64.4374275184017
2005-02-23 07:41:48.467198673,1067.99908162359,252.97880697328134,36.39328830200566,126.77481338337694,63.46260343054733
2005-02-23 07:56:13.382184755,1086.4322633008856,242.78114362679688,35.786848909835925,132.25258208531613,64.00516946215349
2005-02-23 08:02:49.435964559,993.5484309534767,261.577625577349,36.069578928757025,125.75656292119885,66.84939488481044
2005-02-23 08:14:28.607504358,1101.821888190731,244.76675444933693,34.9730520767571,124.54453277752219,66.641998084677
2005-02-23 08:23:53.163020825,1096.8318378723575,254.5975435681665,34.74816258933362,130.1065361066347,67.94390535057441
2005-02-23 08:31:53.907004309,1070.8651829069104,243.67017549190285,36.13047972786531,120.30141890506204,67.41181436838193
2005-02-23 08:43:52.315025253,1053.4618669607155,245.82748084519793,32.67992788722885,127.54347197692717,71.39875446677846
2005-02-23 08:54:14.427836962,1015.5844881968393,237.39156730105128,34.89663930154484,133.06735932403524,59.5732724145755
2005-02-23 09:03:39.835817142,1048.161099552016,241.78718819728343,34.006414291086664,131.78747521122364,71.09651113679658
2005-02-23 09:12:32.786786017,1046.9964206518098,250.10964303609532,33.03182988525446,125.27622135235202,58.5742810085746
2005-02-23 09:23:30.143549650,1045.8980129287252,253.92847573631843,33.87384028594206,128.4234256316562,66.16264180271801
2005-02-23 09:32:49.821480832,1013.9913158871295,253.30579424622206,35.686694927153354,121.50563763562937,72.02128417924733
2005-02-23 09:43:21.327379228,1093.482096754055,245.4001950304994,35.377059566871665,131.7003983041213,68.39970069364395
2005-02-23 09:52:43.932477800,1076.377649996014,260.20435371796094,35.17753724975352,123.32393611720164,72.62222138803092
2005-02-23 10:02:12.095564635,1108.072467326791,239.48480006174032,34.83079792224151,124.77645977334136,63.0327166859851
2005-02-23 10:12:16.617866575,1024.2862267737169,246.6604605094203,33.55807860093985,130.07636058604325,61.36705076962878
2005-02-23 10:22:57.771461843,1019.9648715388777,250.14906603965625,34.65045341630562,128.53760517320512,62.36640310845846
2005-02-23 10:31:51.598019068,1065.9025340918436,244.2689849563875,34.741350651305254,140.776748135454,71.08040034313605
2005-02-23 10:41:58.199960806,1075.4530921568987,240.84970387052095,34.534693035160906,133.94934442750034,72.51491917962764
2005-02-23 10:53:36.664269723,1049.5191385585172,233.9158673239507,35.06262395829239,137.5372122742185,69.48014270610949
2005-02-23 11:03:15.989965676,1096.4467340747756,245.82044817288073,35.675190554345114,127.84589027065921,66.85882855264187
2005-02-23 11:13:42.801409502,1067.6318292225835,248.72071158018082,36.43628415435708,132.7314472956503,66.92665942269517
2005-02-23 11:23:07.144878871,1089.223268793905,253.32078150350443,36.33880965391921,134.53184117527724,71.56328833456284
2005-02-23 11:32:54.052910300,1042.3205714003745,222.761496859678,35.70541513271884,130.54486612578646,63.641972075772905
2005-02-23 11:42:18.133491561,1085.9278398518957,233.0409465195768,35.52119818306798,133.71074698610224,75.27975751836087
2005-02-23 11:52:04.517609292,1085.9677199603314,250.84476823566695,35.39810919103417,125.1467236615863,68.03294676236541
2005-02-23 12:03:37.411383119,6081153166.098208,-0.694392059535592,-3.8900544449294202e+34,-5.195720180780352e+17,-8.06804834037842e+20
2005-02-23 12:14:02.248682642,1095.5493453032802,239.89314981027331,36.24366708129326,127.73308287456405,70.43676523347804
2005-02-23 12:24:04.821522225,1122.1568683169794,242.14722264257344,36.132951948141724,136.78190136043776,70.67139794509193
2005-02-23 12:32:26.610776799,1071.5739980033331,243.13703866194874,37.00667206058214,129.60347825571648,62.58100543498215
2005-02-23 12:41:39.365944192,1076.0204446720622,236.29437028935075,34.17449834482113,139.70947552459432,68.2958863541863
2005-02-23 12:51:45.431573978,1139.132736526763,235.33977128754924,36.303303171496914,138.84204098682673,73.25567640439826
2005-02-23 13:02:50.721392753,1040.9457343261827,243.9986934566831,34.06667014532537,135.923161838259,62.45228823025397
2005-02-23 13:14:15.711107427,-4.873535277442002e+17,-97.91711795458026,-1107853264.0959618,686059.4557287873,889.3238721328163
2005-02-23 13:22:35.769122279,991.6401599684626,251.80229535021203,34.45202981921691,134.24897600289464,74.22755747773505
2005-02-23 13:33:28.655643135,1025.8795535149725,253.33129669046423,34.24765530119625,130.2910645588389,68.54160867538467
2005-02-23 13:41:49.574100366,1037.5072570393584,233.56746433154058,35.59615227289562,130.16545121440214,68.40646037123058
2005-02-23 13:53:32.048860135,981.7520166251838,226.6645751875789,34.515850526155646,135.9370680555588,78.81124423462417
2005-02-23 14:02:01.016355721,1064.8498424010597,242.92161138861246,35.4856442304261,139.2596143338684,69.57399853949705
2005-02-23 14:13:52.858181016,1131.9724537273994,241.59834445689523,35.37941509022879,142.2881601427132,73.56235371047657
2005-02-23 14:20:37.371909474,1073.1077445153333,237.48013829038726,36.15018581212102,133.25915869934624,69.17040305901675
2005-02-23 14:32:46.238879438,1194.134779141723,245.52990499976758,37.07306614036164,125.23618157342572,63.45906316363944
2005-02-23 14:43:05.578860650,1109.1979092758852,265.0070525982486,35.55144923526519,128.31700507854808,71.63415607272546
2005-02-23 14:54:31.573553002,1086.1366126677765,254.0790548428761,34.81520313631729,144.43861019650225,77.11834282395161
2005-02-23 15:03:32.503145237,1093.1442492573005,239.57743968496433,36.41024134653409,132.9796465183301,70.33512229606242
2005-02-23 15:13:06.910011473,1014.3386734684447,251.85551460161417,35.80745958849939,133.76184932274458,72.29367699547984
2005-02-23 15:22:22.014499779,1058.5775608147355,235.57532906161734,36.17962550661353,133.89081180112316,76.05688561102545
2005-02-23 15:32:04.402925935,1089.9142617214734,251.42363690705395,37.01742862429258,144.3137865615554,85.53288441926813
2005-02-23 15:42:08.115414547,1006.8127302769485,255.98965864617585,35.56283401322953,129.1906620858058,73.99934234259007
2005-02-23 15:53:59.681454851,1100.8447376108136,260.53536188444514,37.02199733983551,128.2726700919649,67.18494438885983
2005-02-23 16:01:35.659860297,1086.6640810907156,239.0138793523226,35.85584608764173,139.02442854293022,71.34008595398208
2005-02-23 16:13:00.617416911,1041.268362565264,247.85360380163593,35.32615412360434,139.80218513535,77.83915436950201
2005-02-23 16:23:43.271382943,1044.7558364469432,241.6834103537525,34.76401703429366,138.67927980554842,68.07115959875144
2005-02-23 16:34:00.517578904,1061.194788100151,244.59405127780857,34.54801516787714,143.66436883485324,72.32706037765618
2005-02-23 16:41:41.129298088,1057.2178995513011,263.48830040331774,35.75530515800805,133.10267902411758,67.87855207198616
2005-02-23 16:55:12.567452446,1092.26456322569,245.59441044585486,36.25220697151874,133.37317693629436,81.25843998005602
2005-02-23 17:02:57.894745747,1132.6019042008688,268.539955496274,34.81178106299194,140.67623871957804,81.56618999685413
2005-02-23 17:13:20.702583419,1119.9667427811282,235.83053718854063,36.23683479633547,140.115566056073,74.65814455867583
2005-02-23 17:22:55.747717482,961.3460670007717,239.42643188413007,36.55355259739439,139.98371217185817,70.23330033167026
2005-02-23 17:33:24.734924139,1147.8709533803133,265.657846372594,36.56717904699928,138.62992202324335,74.8385686784386
2005-02-23 17:43:17.887004084,1019.7318031152233,255.94807712773377,36.79162409639528,146.41135662390408,76.96715517899274
2005-02-23 17:54:58.304058525,1073.0327312098264,233.3341812526509,34.93616299674921,136.81105108717065,82.37658269192568
2005-02-23 18:04:09.407393515,1099.1402011694142,242.96562742953802,36.95517662461593,146.08367817115723,69.25172739539894
2005-02-23 18:13:13.105193921,1049.274069102623,272.2098916952049,35.7351328267643,140.88019834252418,84.57730495811437
2005-02-23 18:22:46.696373922,1040.5122423180387,250.16161491338127,35.873540688510545,149.03093848770237,79.44352665617005
2005-02-23 18:30:22.114389105,1114.0810262272892,270.14360219631936,35.9552454846704,140.9487001457186,65.05396373805063
2005-02-23 18:44:03.872269766,1074.6525124584516,245.87617126638997,35.45444340891831,137.10626391985,67.71680186130536
2005-02-23 18:52:56.213511633,1057.124340927498,229.87880509155494,36.61331852348557,140.952189437826,70.8582534459429
2005-02-23 19:00:40.906218622,1045.6471057325286,242.88028177113776,37.80659443401779,138.29249216628097,83.8126969922724
2005-02-23 19:12:09.782809583,1013.9298208710084,250.62114576789128,36.03208334841615,150.80753651467577,74.43113366396021
2005-02-23 19:23:15.909863842,1027.5501398309439,257.4053947089412,36.345363639734565,137.80081760279296,81.7385884462785
2005-02-23 19:33:42.344229042,1165.6634054561516,251.26729455998844,35.417130389854556,136.17643677716342,76.63347727986584
2005-02-23 19:44:25.801134214,1009.3432502885835,240.77336801714725,34.91009008329262,131.88146439457188,68.22294885553842
2005-02-23 19:53:26.400863379,1114.9230925794138,261.8483010058274,37.85642490792319,133.3809526418783,67.2797380258718
2005-02-23 20:01:22.315076303,1131.2175468726512,251.28559537769638,35.709336288934,141.34494328280496,69.19701506065505
2005-02-23 20:13:06.127571144,1133.871272441963,253.77787755415022,35.194708003522564,140.6927464516404,70.31317001548283
2005-02-23 20:23:16.601780413,1020.7087650986198,252.2826127960632,35.39370864160036,146.13295237072649,81.1702527018709
2005-02-23 20:31:38.705577866,1045.927124470351,260.5176448855071,34.279389026951186,142.08628061968847,72.13148731184438
2005-02-23 20:41:55.542062388,1069.2299748285066,242.3190209317964,36.58292225971745,133.35054887488963,72.50603100764023
2005-02-23 20:53:25.583467171,1078.2739150829298,243.5915984708435,35.15923710084999,128.98452101559934,74.18696505423517
2005-02-23 21:03:41.697278687,965.640621218868,242.33519768553867,34.958106443945454,144.14441401072264,70.7727949189871
2005-02-23 21:11:52.075751148,1067.1968398927604,257.23659335839363,37.06273893125983,145.9924475942102,68.32614991377028
2005-02-23 21:21:10.585422946,1059.8449788596545,248.6441911399091,35.36278861491935,135.66753559093848,65.8022059440021
2005-02-23 21:30:44.132555545,1164.9039588716594,235.65505815182877,35.60017650718899,136.46778489320553,77.68426640375796
2005-02-23 21:41:22.421443104,1098.695134148401,259.7546836302524,36.62472270519442,141.69543779758038,76.11236503798489
2005-02-23 21:51:38.175084391,1165.0716891385596,245.5785939988696,35.32306737484916,140.92391222976866,75.75826249767766
2005-02-23 22:03:02.815226726,1106.319883095062,252.03036374341528,34.92213774268581,134.18031905538805,77.42120221393175
2005-02-23 22:13:46.839246068,1032.4222856361189,237.87448197448288,36.303523758079976,139.049976763878,73.02469754835332
2005-02-23 22:22:59.481467302,1002.8689360947922,270.18870086399147,34.82812948131019,139.85683747235765,69.3566394651589
2005-02-23 22:32:31.396000191,1143.824170007115,230.39076563675042,35.70873394413684,137.22747206991423,77.94082949250291
2005-02-23 22:42:22.221680984,1147.3433299311866,262.2083696086243,34.727120797703805,134.83823694569008,70.46323341147762
2005-02-23 22:54:14.589161066,1082.8329607020405,244.27524313011463,33.52681308342443,133.54371685010776,76.54872088369798
2005-02-23 23:02:50.504009767,1092.5718910294006,260.8025068288413,36.74387152018773,139.06134808773183,81.30289402487364
2005-02-23 23:12:12.633593627,1069.7253188077575,255.16394405989683,36.37234149736854,138.26850063904513,76.43415375437407
2005-02-23 23:23:42.863497033,1167.9726032532676,235.40309989196723,37.092587041080165,133.73037731514722,78.43499684813153
2005-02-23 23:30:08.406746353,1138.6569864694231,259.76477387921307,36.4724015301494,129.94679035797716,82.8266754495761
2005-02-23 23:43:12.675490527,1015.4507519160426,248.40992752639934,34.70993971911833,132.28354339620554,77.09926046112197
2005-02-23 23:52:06.805395357,1139.5284916973571,244.2941194913683,36.95790052703747,142.12964300154826,71.82618785032295
2005-02-24 00:04:16.511907288,1062.4114075339824,245.48109862584366,37.689043022563794,134.3280870997693,72.59844707777363
2005-02-24 00:12:51.724804900,1073.9477482025557,247.80826593975416,34.44517335276071,139.21852071794794,62.99482202761896
2005-02-24 00:22:50.263479995,1055.3387334081183,249.29906056421228,35.00886411828796,133.86023660481337,82.2849472629379
2005-02-24 00:30:57.465834613,1025.2713137700568,258.9245599409199,35.36660734933734,128.34926107636593,71.94032390007497
2005-02-24 00:41:58.365571556,1044.9087373937825,259.3169507160895,36.13385200474891,133.4587948053978,75.73158796815441
2005-02-24 00:52:23.742376281,1027.2799130115388,246.37807043934535,35.264437715877875,134.88191296843524,65.28353577374767
2005-02-24 01:02:12.320920452,1124.401219067134,227.49744981776195,34.52705719802054,128.15768336203806,74.00796783413165
2005-02-24 01:13:50.665051455,1038.7760496730486,244.42341880664756,34.81695553963337,134.2181830291107,68.50564217217024
2005-02-24 01:22:54.405984248,998.1143230086581,243.1348176916133,35.4324550057255,129.22869245348593,68.2275422100778
2005-02-24 01:32:17.632032822,1002.1372245217774,252.18662090476522,36.8796468544627,135.30187014042247,68.32000166331794
2005-02-24 01:43:14.636742499,1116.5076022906326,252.5630867891466,34.10182544589703,121.2493509876682,77.06101212634287
2005-02-24 01:52:07.222384059,1103.3325657122691,235.16590760356826,35.60019011432684,130.2366577628823,71.52524731206682
2005-02-24 02:02:49.679796606,992.4729725148418,247.54200815469483,35.171936516654974,131.44658138063753,63.92989058554774
2005-02-24 02:12:00.502458681,1043.9040126396637,242.90716828584462,36.837296474816085,133.90926746882275,63.35044436049925
2005-02-24 02:23:41.792451076,1021.022514734362,255.90774274002948,34.70617564330885,126.20384457519003,71.27986266770662
2005-02-24 02:32:35.356372071,1111.3654939862847,255.25767361643824,34.154278127125146,134.51927415742233,69.37813724842846
2005-02-24 02:45:03.242908546,1007.0230737588722,252.59720505873727,34.84442765051462,131.49626773469686,70.98820343897103
2005-02-24 02:53:22.340969816,1042.9297630566668,246.74127054778748,35.3495553265075,140.50670550348198,64.51711000548848
2005-02-24 03:03:13.662997118,1008.8421840927924,223.2935579051502,34.93211630328959,125.02138426373239,61.85236512867276
2005-02-24 03:11:20.210975774,1058.60953764338,250.3708688105133,33.71509888256981,125.49434296412329,65.37092227362689
2005-02-24 03:22:34.916940602,1083.210337647375,249.24078894338683,34.3817278283738,134.97078142794976,69.14118442557613
2005-02-24 03:32:35.485175867,995.8551111629697,240.35518709037152,33.54780280809203,133.88090000492662,68.81304473259118
2005-02-24 03:42:36.327441367,1138.6656144169847,250.4486649168825,35.95574192212742,141.62599492619458,72.66203408519092
2005-02-24 03:51:50.028844960,1097.0585236738318,262.41772665832184,36.91748064651722,130.6281941409872,66.7392551015962
2005-02-24 04:03:32.218730977,1081.4426956377104,247.16372152921537,34.55602886895934,122.47963422065317,64.38958798958141
2005-02-24 04:11:30.665520051,1091.0121742315405,261.98907337481046,35.51225179871091,127.45942483720452,57.41476537580657
2005-02-24 04:23:50.557030859,1083.9505838888776,243.31003247201576,34.02813736351582,128.62121190733365,70.35874003334555
2005-02-24 04:32:33.425341955,1140.1842746380066,244.30303654826605,33.911052306430264,133.44417244928277,83.9545579362465
2005-02-24 04:42:26.427532312,1066.9313119511794,237.19423297653634,34.98974223195366,120.56138588160965,75.20166576766977
2005-02-24 04:52:26.170779372,1011.6490006261888,260.22128272788194,34.508181429298645,130.31505958012178,71.27533126452522
2005-02-24 05:01:39.798373214,1176.3159158765511,248.49113318794218,34.99946688704191,126.17502973012296,66.37388221987776
2005-02-24 05:13:44.772887410,1044.4074843183396,246.12189966334034,35.517360607551105,128.73014697805172,72.23762986406274
2005-02-24 05:21:55.721055224,7.322966683286024,14.863498212969942,2.8003512146932286,75.27417277686561,66.42058104055987
2005-02-24 05:33:23.999424478,-21.17326384722049,-42.78360957160872,-8.294448795187558,64.9924673216196,64.82288324624517
2005-02-24 05:42:38.947616384,-0.5738787603906477,-0.12558484376229984,-0.3481856405022573,-2.720071465200573e+19,-0.3513891943509312
2005-02-24 05:52:26.000396410,-12.737349630554764,-26.46235102758881,-5.287566511225467,59.40832627475701,58.233055233619936
2005-02-24 06:03:55.987468842,-7.980956624579584,-16.1120573825463,-3.2302315108070268,56.70044193005989,54.226198942609464
2005-02-24 06:13:25.347412647,-6.750432723980332,-13.55072560225623,-2.8289394794452813,54.061917093546796,51.46207446411855
2005-02-24 06:24:40.708023490,-7.388374901561917,-14.67011819207792,-2.7628845664474366,50.83070169118782,48.26140156220723
2005-02-24 06:33:10.610818704,-7.457902084252788,-15.502186089479144,-2.955977288282057,49.03297782406017,46.658546125329146
2005-02-24 06:41:39.215109037,-8.100507823797017,-16.20532324262887,-3.2168684424043374,46.7139928510197,44.625200692160355
2005-02-24 06:52:34.389230978,-8.215354097591723,-16.240772002816673,-3.3222796169414925,45.003683040703,42.27777595114286
2005-02-24 07:03:36.274190346,-8.093363416628497,-16.534898533057223,-3.0052950524290125,42.50772821904185,40.4784414802832
2005-02-24 07:13:55.763531685,-2.6972887657771802,697736749664.8633,-72.06801009599633,2.964994085445066e+20,760744.9506288421
2005-02-24 07:22:43.961919088,-8.136242585848924,-15.956511313755424,-3.2457525500349504,39.50616487005712,37.40505118211963
2005-02-24 07:32:44.696427698,-8.06863374103827,-16.41202091537849,-3.340921893563653,38.36421652285962,36.145128485640804
2005-02-24 07:44:20.292548488,-8.108122150203274,-16.19903541062983,-3.194680760156287,36.66425557612403,34.90997969885561
2005-02-24 07:52:44.618852439,-7.969484969956109,-16.50180801750273,-3.434083302301825,35.61912841894532,33.645616358857836
2005-02-24 08:04:28.169823041,-8.25756422205848,-16.134744552532933,-3.119914327179396,34.4573338091662,32.02574837184595
2005-02-24 08:13:29.501376118,-7.898932276532279,-16.11580985929226,-3.406363735223301,33.73693318228923,31.513795598119767
2005-02-24 08:24:57.002569144,-8.133941378486835,-16.426388786031524,-2.9105104856011583,32.796079213618306,30.334115936514433
2005-02-24 08:32:45.810860736,-8.263247000624284,-16.233374855653025,-3.6838123060336656,32.102342468656296,29.820074317621835
2005-02-24 08:44:00.811066149,-8.047833060638759,-16.49228105719238,-3.288944092328257,31.20631816040799,28.677494538082005
2005-02-24 08:53:36.450025989,-8.272731451568099,-16.418713264070472,-3.271722874073448,30.398973138932956,28.357755674540314
2005-02-24 09:00:06.008076690,-8.232353818314834,-16.52375938276828,-2.975576853067699,30.161179701705542,27.949157407240328
2005-02-24 09:12:29.529751609,-8.559776813273935,-16.177822291020334,-3.4505036071088577,29.506387041099263,27.47283672368992
2005-02-24 09:22:30.453135274,-8.22967718944291,-16.869359637846472,-3.144107371095613,29.276196634021204,26.735367336574743
2005-02-24 09:34:30.099841214,-8.099948052459592,-16.809850609744647,-3.322788444804743,28.416584027023802,26.460988869736646
2005-02-24 09:42:43.708679820,-8.538070737180872,-16.263320878301787,-2.957941784399974,28.42390757608736,26.483646191929406
2005-02-24 09:52:24.771652184,-8.446165451524058,-17.03545184421243,-3.6741273700845625,27.897667555981247,25.763616219878447
2005-02-24 10:04:32.863702242,-8.165369064178606,-17.157515850105145,-3.450470415352452,27.375410988239413,25.09556788160975
2005-02-24 10:12:32.375957992,-8.660898988183357,-16.874631522766254,-3.3702075388835793,27.409085839074763,25.073217726075693
2005-02-24 10:23:40.866788237,-8.583780218469476,-17.105476959086246,-3.2796263477531244,27.235857109594768,24.98963404480398
2005-02-24 10:31:58.183320372,-8.548824392754609,-17.018735327262647,-3.0534006878826507,26.981998905308256,24.731863301838757
2005-02-24 10:44:34.455035057,-8.639594999541918,-17.056286688181412,-3.5207830625130248,26.930147190059458,24.725932891305362
2005-02-24 10:53:00.948577207,-8.5872060054948,-17.233459219590298,-3.4528122094270364,26.721148434828642,24.498088342237825
2005-02-24 11:03:19.622094920,-8.447810383854824,-16.812514400728052,-3.599522321971773,26.6477493088961,24.54993581096037
2005-02-24 11:12:23.477723560,-8.204191467575018,-17.2597683233582,-3.429846202278649,26.780473946313094,24.71619557755954
2005-02-24 11:22:47.692755259,-8.750142475899048,-17.383967578419092,-3.5458281680454213,26.773101670435782,24.2386691200927
2005-02-24 11:32:50.597183560,-8.84669226896895,-17.26259249950038,-3.342338998023319,26.8653850074667,24.110013670848677
2005-02-24 11:40:24.544297942,-8.821027289347604,-17.16393883547513,-3.267495921968082,26.481635600027346,24.919083282352602
2005-02-24 11:51:17.901688222,-8.552271189311274,-17.628859138386748,-3.642019616404376,26.739027974845204,24.465144847406737
2005-02-24 12:03:02.098193890,-8.664851437257337,-17.55996779633608,-3.6939792543341823,26.568493507940868,24.502632297932923
2005-02-24 12:12:45.982905849,-9.006682910973787,-17.567261478080358,-3.7142716596505263,26.62615316483062,24.686708367735314
2005-02-24 12:21:54.513056993,-8.842890094649425,-17.823217837932912,-3.625757131890187,26.61610803286583,24.52168107935092
2005-02-24 12:32:58.462470878,-9.020489890275721,-17.43114922954125,-3.761171556234243,26.94659540275086,25.06896737943934
2005-02-24 12:41:40.081633364,-9.043553181660695,-17.84813339085706,-3.349488842537939,27.125536364511326,24.86545057190387
2005-02-24 12:52:00.308903029,-8.867424732929111,-18.070213477724394,-3.7760497318074417,27.016938962657196,24.943972996124163
2005-02-24 13:03:51.482033911,-8.989578510584376,-17.91135585934367,-3.383478630441611,27.0147027705403,25.485509046236352
2005-02-24 13:13:13.344896647,-8.876745664736456,-18.213990000407954,-3.7406454553240382,27.39234240297809,24.94631585571982
2005-02-24 13:23:19.169155898,-9.032241344508323,-18.09904819321021,-3.5718862450562883,27.586410691678626,25.28858935093355
2005-02-24 13:31:35.479992235,-9.092778148121704,-18.225056208564812,-3.845143948453119,27.65200652469897,25.717519619263815
2005-02-24 13:43:37.219713345,-9.069520185548084,-18.156925828650323,-3.7918694688782497,27.551907586756016,25.58361140494404
2005-02-24 13:53:27.996197335,-9.346830778045163,-18.025355462409866,-3.525383028384561,28.21044112544532,26.087366180198053
2005-02-24 14:01:35.648670212,-9.219485077799009,-18.332967950614574,-3.598244057707353,28.091113412325747,26.02903840762527
2005-02-24 14:12:08.899814817,1048.0579542438895,134.19512054544586,13.194188533258371,34.53699307019588,32.516332603254554
2005-02-24 14:22:34.659419438,1048.7277826359123,167.60583412653054,20.15574907114952,48.39986236319972,33.89913041584548
2005-02-24 14:33:48.569031729,1113.6265378127432,210.41077259171277,25.123088373449185,73.95229954956355,33.740671760401675
2005-02-24 14:42:00.388980124,1056.1609999235916,202.471415062549,28.782395707740946,69.40281361431397,34.70451029105034
2005-02-24 14:54:34.635212960,1055.8875964806518,239.68342671282508,31.35293496509683,101.75288855366954,49.39997800649202
2005-02-24 15:02:22.926265922,953.4712940594186,227.97996900691646,35.05436065985893,92.01438658895803,37.484632451370786
2005-02-24 15:12:07.807257128,1067.3836166434794,233.51292978082665,34.617549661746864,104.75930453588747,44.401482038482584
2005-02-24 15:23:31.537923280,1196.2853790069448,245.1761931407445,36.990776152290415,110.83805478560356,54.23797382026309
2005-02-24 15:30:23.716007526,1095.3192749753619,238.4875209027071,34.328436559101426,111.971993243581,54.45616012251463
2005-02-24 15:41:29.629755772,1114.1860527959702,232.64512755931398,37.40561243411066,110.13480457487252,58.156347188077525
2005-02-24 15:50:00.289294489,1081.5527220261126,263.5300066752288,35.95217583434298,114.3467890457083,54.89516777788355
2005-02-24 16:03:57.120846530,1011.397229498729,237.33048640331987,33.742081953257426,122.87296089886676,57.431912599882345
2005-02-24 16:13:54.891991059,1096.6598319070522,251.5897199542062,33.807436606735806,126.01437711068897,60.54166746644543
2005-02-24 16:23:56.629019419,1042.4692234135503,244.8839230343443,35.30884974927969,120.38528144616008,62.79228946461311
2005-02-24 16:32:51.113709038,1100.4115553720164,248.56520549724434,34.96008380654017,125.92303454130312,67.96525080792618
2005-02-24 16:43:10.025941587,1080.7126801892794,263.28859049913217,37.144490438079096,119.74403294076498,61.57813308218135
2005-02-24 16:52:30.039909169,1053.1355641965483,248.3652339357396,36.39687134245275,128.16582196270457,73.57370252596695
2005-02-24 17:03:35.669956335,1049.7012389502738,248.52310935367922,36.6687034813779,133.16920601838,72.98598420905142
2005-02-24 17:11:33.983617938,1051.753105762754,246.0985343563075,37.63494547203268,138.82636065407985,67.10506409889612
2005-02-24 17:23:56.777062258,55.860293903686,111.51011220219422,22.15658454155908,116.88387424992084,64.61122021242964
2005-02-24 17:31:54.870145103,46.55540440042849,92.91038295844987,18.618010460170616,104.43323965629982,63.4356147981819
2005-02-24 17:42:06.700977430,36.27145124124614,72.63482748189003,14.584470024337598,91.7846934024955,61.830998950490354
2005-02-24 17:53:09.264467142,28.284597124391933,56.75471938177306,11.118397408214314,82.28705222494635,59.79362839878865
2005-02-24 18:03:23.507335606,23.295827389805684,46.80943663394266,9.402219893091583,76.64972075676852,58.03451000249154
2005-02-24 18:11:55.683468344,5648.392523475449,346.43199802888813,84.19057058422361,-4011994847176.3286,-38784931.769041225
2005-02-24 18:23:56.893561947,18.31200093759139,36.53235158567419,7.209578369322659,69.67993526637945,54.57424267708528
2005-02-24 18:32:12.140621523,17.380738203919908,34.57457267966864,6.962277647300895,67.92989810474647,53.467819841483006
2005-02-24 18:41:08.798460262,16.780815476914714,32.76455701837651,6.591235715624672,66.09838519411238,52.28994878487822
2005-02-24 18:52:47.147424966,15.860267750471477,31.778324354509078,6.4348299120368795,64.3105260492741,50.799717486074094
2005-02-24 19:03:46.924916494,15.663573640423984,31.142225811093038,6.196355856249758,62.600983901861,49.55087155592316
2005-02-24 19:13:12.202454240,5.346229906504066,-4167.844963759372,0.05829041477260981,-7.527909763017854,-121.73581743616712
2005-02-24 19:23:38.870598037,15.320507067414518,30.692176388269246,6.065363088586012,60.576250492652974,47.69478311548874
2005-02-24 19:33:06.055260093,1027.1177311849347,160.06733561349608,18.752917293877054,63.48033304734212,50.97881692425458
2005-02-24 19:41:15.190830168,1096.9721494816033,159.33264662240364,21.980197555607468,81.31817051407525,46.48514254351328
2005-02-24 19:51:43.072092882,1092.1603916995064,210.82356262356376,26.143591272225798,92.13281024609375,52.596650483597706
2005-02-24 20:02:07.008393292,998.3702152374457,229.58664226451074,30.950286170262487,97.38531125284287,48.3260922944587
2005-02-24 20:12:21.844137664,1045.4045399317156,231.0729814707593,34.07870338952054,99.99769227646142,45.325882999234445
2005-02-24 20:22:07.397091671,1064.8645545897696,248.22959855154886,33.31626427982578,106.48686371215257,52.11332828612382
2005-02-24 20:31:57.772971586,1123.3200082045018,261.41705784134786,32.53473842895351,107.65747806052698,49.06060548971099
2005-02-24 20:41:51.461457300,1011.483685657355,243.34796467057154,34.20993568542915,117.9956990185864,59.08928856982995
2005-02-24 20:53:36.469163345,1098.1004712457775,251.854133072224,35.14336001826492,119.6078542359635,59.955777802079105
2005-02-24 21:01:57.066618180,59.01725595135462,118.1322035441437,23.597943090110615,117.04663854829394,60.5940963043716
2005-02-24 21:13:16.367777019,46.42951709767853,93.02465253397531,18.5362403949356,100.23107382943701,59.15045697383576
2005-02-24 21:22:31.241532516,37.24325939903391,74.40113854883623,15.11347428713266,88.74983795703831,57.93675238342033
2005-02-24 21:33:36.403600958,28.8333451337082,57.59163094980447,11.402952719420302,79.15600705073207,56.017880962439875
2005-02-24 21:41:56.128612299,24.480167328034145,48.77288577335332,9.709472704004197,74.11717171998652,54.532104468145135
2005-02-24 21:52:01.418296203,20.839813506756748,41.48789598717687,8.351606024147358,69.70626802081428,53.104236682086814
2005-02-24 22:01:19.663147086,18.526379276181565,37.23511874171927,7.441231492647422,66.81577369398688,51.6996388353757
2005-02-24 22:12:14.611377044,16.950572462624955,33.86840381064754,6.805606594845912,64.00596006940413,49.95631678223604
2005-02-24 22:21:42.234532727,16.174040006417624,32.03237387471464,6.414373932385549,61.97723788149189,48.76330180822536
2005-02-24 22:32:54.694916125,15.541945366942612,30.848608102070454,6.117541727777037,60.26917155292701,47.225080120787155
2005-02-24 22:41:38.291020307,15.096174310812204,30.043073124464755,5.898053984086717,58.870206411575396,46.14301321305932
2005-02-24 22:53:52.567243609,14.844563649048645,29.578654544083378,5.908333725675634,57.61513677212731,44.88032293415652
2005-02-24 23:03:26.483918317,918.1457899793579,161.14012664767807,19.892748199128903,59.90361403523358,39.97630132421927
2005-02-24 23:11:45.994294337,1023.3913071576138,169.7149305818534,20.3993020806378,72.22731535276067,42.11491716490655
2005-02-24 23:22:31.171160651,1014.7283853873472,200.6318570364629,26.422512784977588,89.84438514757984,48.37191923369073
2005-02-24 23:33:11.661844922,1014.6345662073038,216.72777706932646,29.05694576701878,92.00457999212557,47.382343954226556
2005-02-24 23:44:34.184139592,1069.4679881271688,240.25012839307885,31.201633000557692,103.45982099766996,51.627604371511325
2005-02-24 23:51:21.589366066,1139.5338354340236,243.5866355367494,32.373747184670734,113.98983890325813,51.35317995757003
2005-02-25 00:01:47.095763810,1157.6229436392316,244.01854014648222,33.892846332123014,108.53929239861401,56.611903642598314
2005-02-25 00:11:51.915758007,1066.195539177432,243.0382624024757,34.88463468397247,113.44640537829599,62.95365799521111
2005-02-25 00:22:59.882733534,1114.9865850559654,251.76447013709276,35.86434990876994,123.07824967002314,52.55510322262902
2005-02-25 00:33:04.508083540,998.7155581775733,242.027691384185,37.03024558940372,115.3880064460781,62.01302383138621
2005-02-25 00:43:55.906247190,1009.9321884286771,245.5434195812584,35.84296197843012,123.31366072745168,56.865112045669434
2005-02-25 00:53:04.479100172,1035.5556211236033,246.97427186755053,34.863756166425766,119.21125377912401,69.19750303105246
2005-02-25 01:03:49.301443704,988.7236552601821,241.04592284010587,35.54821178181337,120.6536532601631,59.767340202558664
2005-02-25 01:11:18.097241157,1105.7407861731458,253.0939589722543,35.46356992353191,125.73917818782992,69.33815674992208
2005-02-25 01:23:29.776738206,1027.5832571541112,250.1593920303264,37.3426149997574,128.1256939925809,64.49968137086277
2005-02-25 01:32:44.236139817,1207.6828708177452,266.4932636689526,35.25510845241421,129.00970300984383,67.1933086945709
2005-02-25 01:43:57.814284218,1138.516129120829,236.73373977647188,33.46032806990393,123.22206896463447,67.32094887632051
2005-02-25 01:52:53.168428540,1001.1511502167765,239.3561135382886,35.627600404168334,122.27297591385143,57.68035356127661
2005-02-25 02:02:35.907027094,996.701301530043,255.61131170470762,33.68495193493384,126.71094812513174,69.95494137524045
2005-02-25 02:13:24.211710195,988.3286344467147,248.75850419290808,36.25614204333143,117.91317266240242,61.28432063309495
2005-02-25 02:23:09.978136598,1003.0236714005915,255.48308060698753,35.99287623039746,127.99799803712197,73.3013146343891
2005-02-25 02:33:38.327470794,1080.497382509285,249.34961008045565,36.298136457466924,132.092632588792,73.17689820405744
2005-02-25 02:41:25.840619804,1084.7280350019416,253.32837981640301,35.67048693068814,119.990488829143,60.250249280405974
2005-02-25 02:53:05.339715790,1041.4026332736046,265.27038459982015,34.93320422640167,131.5203222704597,75.01316641562099
2005-02-25 03:02:20.565310031,1054.9361146241724,266.37202981249135,35.5597662405441,116.84508904822411,62.12665706611706
2005-02-25 03:12:24.193213038,1022.0887704797104,237.7847672008108,35.16291901465527,123.52764950458725,73.25748762108245
2005-02-25 03:23:05.852006948,1061.2485370647496,250.87111879957226,36.23314397810348,118.28956925306805,66.78056926410882
2005-02-25 03:33:23.012907057,1093.9593289889071,249.54971539550263,35.92700221337084,136.05023726776287,67.4844266951594
2005-02-25 03:43:00.881486757,1066.9028329024845,245.92564252864676,36.94507245571032,127.44305563924333,67.58114021729351
2005-02-25 03:52:20.804041717,966.2419530024688,242.490695751152,34.95713219535654,122.10739439686583,68.47589031664795
2005-02-25 04:05:02.922236803,1078.4939131134659,256.77473939899045,35.05543377750166,127.88261804929284,77.3800484849439
2005-02-25 04:11:53.441895205,1046.0759341047888,248.90383528902822,33.70746563354798,130.95624139780722,77.52664011743357
2005-02-25 04:21:25.485579615,1102.370120637656,247.93546080210118,34.16365012343319,128.69608520284697,64.86965482620283
2005-02-25 04:34:36.444191256,1112.5826305091846,263.6371732149418,34.32938543149706,130.86000936091867,65.99184300149506
2005-02-25 04:42:25.869625497,1040.2706497208828,257.73767925673053,36.96173578262892,123.80092503499345,60.28023287286874
2005-02-25 04:52:12.958789370,1104.2120168742135,245.16186041149197,36.33571895979072,124.14190319405702,70.18969619890383
2005-02-25 05:01:05.777789724,1128.8885930765916,249.1811884687741,35.0368275575325,122.55136773136549,66.29890617372385
2005-02-25 05:13:34.212362610,1077.7272416154954,248.1477569893805,35.76763528432623,127.50623439649445,65.86381052407205
2005-02-25 05:23:48.598886351,1118.680306040986,251.71069559205435,35.424018249134605,126.88382852520665,69.2867327433709
2005-02-25 05:32:33.981645759,1080.673192143073,251.30347905002222,35.686284406143805,119.57337241601957,62.551118794780514
2005-02-25 05:42:45.241006569,995.3575676143935,242.356691724276,36.49817799791459,128.60389665273456,70.81679715671537
2005-02-25 05:54:18.449927019,1052.8897918988996,249.25529876938407,34.73012150308526,134.64705644582102,63.21731733817459
2005-02-25 06:02:16.079630613,1065.9335620392626,258.95165949075505,36.125691018229325,129.99351995725507,69.04751949987958
2005-02-25 06:12:34.066312265,1101.980695918379,230.58111438779267,35.28282208159162,133.63109591445692,61.81680871322944
2005-02-25 06:22:32.205693478,1053.5872100199979,237.5421512705838,36.18725162834177,122.60530983569322,65.51994601192067
2005-02-25 06:33:33.667030765,1163.9901105686329,247.97296472053637,35.7470123981343,128.64239416626847,56.471408946928136
2005-02-25 06:42:39.637047738,1028.9499715006561,243.8193965798678,36.050697018421246,121.17072944032715,65.06147425603749
2005-02-25 06:50:47.843542733,1101.9553837072247,269.2407002865255,36.66597616029915,134.61361018550986,67.97119676700564
2005-02-25 07:03:06.671236187,1060.5089333428966,259.7982498289759,35.81547328811805,128.022902829642,58.54288453917117
2005-02-25 07:13:19.890156820,1070.4240232758864,250.41654403895433,33.39080982636983,124.8280263207746,56.543371024975606
2005-02-25 07:22:42.343627153,1134.5829261640738,268.8712692958236,35.92561217697698,128.5203470654789,64.40819986998649
2005-02-25 07:33:39.999753188,1013.5578029050146,267.4981591973355,36.08143757083916,130.94373871592646,66.40434854042807
2005-02-25 07:42:34.772438224,995.7298121737906,245.70790525216324,36.711623154283856,132.32772290851375,59.641301595028715
2005-02-25 07:52:17.011332502,1080.4653948210507,237.0562516954554,35.551619289942266,123.94223547715275,71.02890630635636
2005-02-25 08:04:22.853070243,1045.0838224672984,236.16884919565194,37.58230362685619,130.33165925616424,72.42810503733193
2005-02-25 08:12:28.304540701,1072.2774690162298,252.95881571352305,35.41395822624811,126.83151794579649,68.81257039804379
2005-02-25 08:21:54.122160702,1083.4188366131145,243.95017103902126,34.36898127536824,123.69099978950365,58.9162766712239
2005-02-25 08:31:48.380071403,1027.9318812534661,247.4746151355575,36.5159587645563,124.57263743885451,63.83654229404132
2005-02-25 08:42:07.218790346,1076.2841008382588,250.24627323523057,36.08589948834033,130.46184717256415,72.06477458393377
2005-02-25 08:52:56.770032048,1106.7859877569263,235.5519648945695,34.10973083906921,127.81151137577173,61.64565237359723
2005-02-25 09:02:28.245301872,1059.3192104467203,239.93792881650657,33.17102695442906,138.01823750473693,67.92964598971488
2005-02-25 09:12:32.927234883,1133.0938691517695,250.55379367512128,35.0456069237272,146.76783916527273,65.08103532847929
2005-02-25 09:21:06.204631005,1017.9194304211996,250.81504076582053,34.78516560869091,128.03575861720736,63.32866993383932
2005-02-25 09:33:41.690236508,1144.2272284417336,252.6957010198572,36.27541342626421,127.12260640870792,63.08311967770007
2005-02-25 09:43:37.361747123,985.8444330581673,249.59088868260952,35.23198534793264,129.0536210765768,70.47183927587491
2005-02-25 09:52:52.543851820,1164.1374278848007,244.6355469465033,34.41633767810318,122.68342421297925,65.47639882524415
2005-02-25 10:01:03.909573457,1085.1003120121595,236.25312772162147,36.24382154797513,128.98997556181547,61.25315840770817
2005-02-25 10:12:07.565258052,1043.9942318968529,253.24899840556492,36.395951956061225,136.55697754866966,64.65613458470388
2005-02-25 10:22:23.175379430,1080.1076433037915,252.04607448180175,36.53454279676244,126.49535164558408,61.73942160933048
2005-02-25 10:32:45.444561690,984.1765738532048,235.08517897510023,35.35418936183163,124.5760022750586,69.37129506659224
2005-02-25 10:43:12.814537322,1053.7832615508719,240.57355488889726,36.90850692451757,132.01289823496182,72.56318562830143
2005-02-25 10:53:17.124612163,1122.9724281585247,249.64706658388252,36.175102407182905,131.48602346505012,69.32876458394689
2005-02-25 11:03:49.546756310,1043.364371797973,246.84653851761473,35.69893778499318,128.57834736576368,61.729318272678356
2005-02-25 11:12:49.362989185,1118.9803372368724,247.58550537518386,35.18595553726157,123.2224869174108,63.69099347816427
2005-02-25 11:23:10.185123408,1053.8669473220489,237.9849335322791,36.0015450790821,133.26457054811235,62.289490144393255
2005-02-25 11:32:31.098135878,1107.9952460765776,231.09484071820418,36.926819042552914,134.83745330342148,66.27144421283916
2005-02-25 11:44:47.145620144,1052.830530142084,245.3363244509763,36.55524583417182,147.74942845133305,69.25248597469701
2005-02-25 11:51:21.551185705,1086.8173370316556,250.64508264855962,35.215241647828215,144.0156338033007,70.13592870761647
2005-02-25 12:03:35.289104660,1042.9327513398712,255.89969208819835,35.70418883456499,130.16974815886948,64.54896944679274
2005-02-25 12:12:57.363028803,1042.0604958291547,259.2399536354687,34.231595232145054,123.25336270364329,62.25676147675964
2005-02-25 12:22:35.665160361,1040.1159869234782,242.645009657256,36.42951640615487,126.43592401761185,66.22039560559533
2005-02-25 12:34:19.130628629,1070.2552048990021,258.42603918458155,34.8474416247755,138.3359329611838,75.96949175066757
2005-02-25 12:42:57.399387288,1041.411229418493,228.90985627996494,35.5377385326865,138.0615762044162,54.77627559807067
2005-02-25 12:51:16.340652608,995.8991178845831,247.04694604209448,39.151185606137645,127.11790479145102,70.89535255406214
2005-02-25 13:02:12.494697515,1120.1852316457084,240.44606661907898,33.652105843119685,130.38991650595278,60.175490500219674
2005-02-25 13:11:28.216944230,1138.9833816225523,243.109766232051,33.87832728743583,132.88701313658817,75.27735182128832
2005-02-25 13:21:59.867424877,1060.1670250459179,256.6334043119535,37.51693822060977,139.83991689172072,67.44622948075717
2005-02-25 13:33:35.222526366,1073.8505687404988,258.76817364400557,34.900563362449205,131.48268909262978,73.71031186443817
2005-02-25 13:41:18.706074816,1012.5105708390716,251.16244449066082,36.088226543592185,131.20617586838236,70.17878230493459
2005-02-25 13:53:39.315614318,1080.4816984690908,246.37039627781368,35.65743779157116,136.72150055711415,70.55762152312953
2005-02-25 14:02:15.811691166,1046.8837668826998,245.8479176669982,36.40194648730544,135.17301612322044,69.43324952415813
2005-02-25 14:10:54.485225796,1117.1729566254226,252.64731658487636,36.053861733103396,141.06747699987176,73.96178028767225
2005-02-25 14:22:36.912098490,1074.220389650522,245.07205957189998,36.414363950221095,139.97711015540816,72.75010626982542
2005-02-25 14:32:32.665542974,1084.8662848412287,244.84702316289062,36.47002769499371,134.4048621287383,70.64246347576355
2005-02-25 14:43:56.070109097,1081.2452977296427,247.1513828058232,36.47953172308755,138.8305813355076,76.24679068834699
2005-02-25 14:52:31.367711682,1070.410395097534,253.56391024661383,35.48519411514347,150.14577214607394,74.43237011263848
2005-02-25 15:01:42.841210931,1038.9350240311903,255.83741246155608,37.85767758949449,145.69762149275226,78.46010438034702
2005-02-25 15:13:17.909804866,1100.7802775763732,236.41186625791883,36.441512689874145,137.84400324209176,76.43092059554165
2005-02-25 15:22:32.340732887,992.7389611191659,240.85802922659607,36.12618888347515,137.4243912929932,66.13804855924474
2005-02-25 15:31:07.395333788,1080.5199941451058,260.66020456266426,36.47635276508346,136.1673573401684,73.30156778282937
2005-02-25 15:43:12.817721923,1038.676332506715,255.03474044113193,34.54906125850292,133.09297511631235,75.69222197405563
2005-02-25 15:52:09.601888834,1062.3104544808111,246.7621737695017,37.57800582609727,142.7686402616016,72.15460779524884
2005-02-25 16:01:21.189810871,1111.9936877643747,249.39978679565723,36.32306632176194,151.1452405259249,79.43382993630969
2005-02-25 16:11:18.873065007,1010.103287825796,237.62754875339365,36.30336342529242,156.04364165338635,73.55158693744688
2005-02-25 16:22:28.991353610,1092.2103121175626,257.9222271696982,38.47838197067747,141.15950208846604,79.48410311567636
2005-02-25 16:32:19.100129195,1096.4206265840285,260.55858259736823,36.93193309755291,131.63331373902153,76.20027809291477
2005-02-25 16:43:03.125511121,1122.3450688427135,254.02252376675347,36.77178364953798,140.24004792555363,64.75378965374061
2005-02-25 16:54:08.066511384,1063.6883414225576,244.43550694495528,34.973749848298866,134.38723858442444,65.77112388967552
2005-02-25 17:02:15.644459946,1023.652912681662,264.39270170851796,36.524103263463466,137.02900853133838,76.09137955943137
2005-02-25 17:11:30.973849258,1054.730210928526,263.5616371738536,35.671112747091385,142.34553653284476,68.48266681642326
2005-02-25 17:24:43.392566528,1049.998261759244,255.91201515700564,37.65010228649472,134.4158791611244,69.09694152207216
2005-02-25 17:33:56.007069667,1039.8735282559667,270.13502872925187,33.686865892121794,141.8806956067673,72.75012484571992
2005-02-25 17:42:41.194371119,1058.4967826112388,247.73229187972666,34.36123570351721,141.3586695605533,74.28658707882963
2005-02-25 17:52:34.233754540,972.0146443261244,241.02463184849728,37.09068159351561,144.0209188658438,73.15579266882487
2005-02-25 18:03:59.759535206,953.8145919038477,252.4876072198251,37.39634948487884,151.2508457023339,79.9659000233637
2005-02-25 18:13:11.771038973,1021.6022348211841,243.0322355948314,36.13168834241619,136.8272112590064,79.29244940463278
2005-02-25 18:23:35.270816419,1130.8909117380188,244.70812761059184,38.06152994487238,150.13528328788027,81.81069351459561
2005-02-25 18:33:49.258334271,989.2524135388514,244.8496487566109,36.33144502046638,141.6345548572508,70.41392686568732
2005-02-25 18:42:54.358153117,1095.2123012887178,261.03254063464846,35.832632992465484,142.92102543059113,71.97545567122017
2005-02-25 18:51:24.211056283,1058.6138489478717,240.83750378740802,37.22257917861413,146.71650474547334,74.6240379016503
2005-02-25 19:04:20.073062306,1033.7157688656657,254.72833349473046,38.341567965724686,143.86422670859514,80.65120008113635
2005-02-25 19:13:03.569223320,993.6455425931796,266.0349671870194,35.200731111062886,141.80743303024724,75.87158339052239
2005-02-25 19:23:41.614771959,1012.4054847097159,250.3133552819792,35.96175743787584,140.26087537796448,79.23276096280148
2005-02-25 19:32:49.922047833,1085.613110905446,242.56149555842384,36.59164851346932,143.00788612729062,74.12650072022493
2005-02-25 19:43:07.086617027,1003.9095146297259,250.95496811245522,34.25011993241815,139.20793074226592,78.51206311122328
2005-02-25 19:53:28.998636969,1070.634727670943,251.36843661544697,37.519302538624146,137.02924772041612,74.3872673305199
2005-02-25 20:03:46.120794927,1018.7677964393368,246.7914107840551,37.22054435255175,134.07055774613613,74.01149075645246
2005-02-25 20:12:40.930140921,1035.4097470891595,246.23149411313346,37.53485117068455,145.96308301360602,82.60860970496398
2005-02-25 20:22:03.815723732,1076.2417208811632,256.90947192820073,36.7802197908836,139.21021997811832,80.11291457240678
2005-02-25 20:33:31.679394303,1062.5777350094208,245.0367691530996,36.25072441817648,137.70393941571325,71.52226673440822
2005-02-25 20:42:20.945743060,1012.645243678115,241.13284254003335,36.1074601235591,142.72177347891687,83.0534721600857
2005-02-25 20:53:59.868544673,1101.526645694489,270.08463728745113,36.8162273135601,133.574236714152,79.66620169851166
2005-02-25 21:01:58.199014271,959.266873412854,243.04424189768787,36.376190890558945,137.75728362165003,75.35811976784599
2005-02-25 21:13:11.864612850,1092.064284567117,229.8858329434384,35.70110476949851,137.183658239813,80.03348451635203
2005-02-25 21:22:17.718506587,1087.4323097702706,258.51743853040165,36.27437981557583,142.13389812795853,75.18782714706725
2005-02-25 21:33:00.680131452,1086.9940283323651,240.3795965017815,36.30878240073762,138.48260756315346,70.07540725117418
2005-02-25 21:43:55.179272821,1094.351456853383,253.4554002603284,35.78890882405181,139.49694481650067,71.53922588419731
2005-02-25 21:53:37.600079015,1070.2553066478868,255.72571983561758,36.623696734553306,141.0151408429165,76.69620425131782
2005-02-25 22:03:20.863827657,1059.161765810236,256.59806550729814,38.31171702568744,143.25565736028017,75.61822530042336
2005-02-25 22:12:29.751090201,1086.190379309572,237.42910983386128,37.23809528836131,148.930431195005,81.12838122822534
2005-02-25 22:24:23.877742282,1092.5537269017198,242.2339755522183,35.20279125368722,138.36090518253022,79.16822893082698
2005-02-25 22:33:27.171453840,1042.2024070523987,273.9752996570891,35.07696263381205,150.1437735514077,73.1976771486608
2005-02-25 22:42:48.369240285,1024.596291702915,250.33375130623082,36.12876388876632,138.4015938060544,77.3920345806156
2005-02-25 22:52:33.087976361,1039.2475393142045,245.91574781980694,34.7119550846456,135.4445494412177,73.92018054483715
2005-02-25 23:04:49.057179660,1077.2263079459392,269.1975583482611,36.42169286752555,139.76825818247295,69.61773114462264
2005-02-25 23:13:26.610585416,984.9573202076328,237.30720249527658,36.670939256846644,138.27842677662235,78.91475212814127
2005-02-25 23:23:36.396454074,1081.7204483074486,253.74001294731374,35.45270142020625,134.57387647650228,74.35002390380441
2005-02-25 23:35:20.474927034,1049.8748646735028,244.9194024397966,35.888463009247154,134.63667035473406,67.53297831503774
2005-02-25 23:42:46.013149068,1069.8805679102104,252.82790843494104,36.894941913005944,138.6289285495415,75.09938523834099
2005-02-25 23:52:01.783885087,1008.2400763167326,226.88178277611541,36.62583512515429,141.0376351566921,73.54295123115722
2005-02-26 00:02:51.090923159,1130.7469938855272,230.184406486282,35.442578288551914,139.11851348272705,73.37497364130469
2005-02-26 00:12:04.939428179,1046.5512930975003,249.64482360301338,37.001366625777905,143.1870136824232,74.795825896272
2005-02-26 00:21:24.053010014,1074.211112791847,246.3361654148435,35.766798372022436,142.27671934642282,81.5748695005264
2005-02-26 00:32:40.866971322,1067.215936695413,243.8779368230232,34.7226232492135,134.10231678543303,73.9150537393496
2005-02-26 00:42:33.276918961,1049.7726331291387,261.0361104030856,34.897735645249426,134.26657258085584,77.02727123002798
2005-02-26 00:52:07.747055415,1045.5073386230501,236.62768577094238,35.737166342551184,135.03460357921392,70.40845445872613
2005-02-26 01:03:18.776925010,1090.8918248943633,248.66551241853512,38.432005112299365,132.01405829983707,58.441548045278346
2005-02-26 01:12:31.243678358,1034.0293117879141,253.34329400185723,36.544641517219254,142.47689103204152,68.37072936219505
2005-02-26 01:21:54.538536204,1030.1914235430543,241.23521220255918,35.33569378269285,144.3319560901882,73.18507194464544
2005-02-26 01:31:45.030713336,965.8583108658235,242.8166385532251,34.75133848640654,146.04700617559328,79.28771271310232
2005-02-26 01:42:12.566644721,1066.6574085472025,247.48549639321251,34.79906539730643,144.30545806217526,82.08230651361227
2005-02-26 01:51:46.477614101,1003.4287245608846,254.05235939592498,33.8762521165269,129.52274659374217,71.11994884417587
2005-02-26 02:04:22.474211240,978.5828367318463,246.30133475543607,37.43734428606658,133.4033822488807,73.44688848351028
2005-02-26 02:11:27.033841963,1032.2462237790787,256.7549926542316,34.613818175157064,132.84298240563731,75.11132187882511
2005-02-26 02:22:22.355476140,1112.1689074529306,247.96996675810536,35.991465753999854,131.40443095457277,69.65153700820402
2005-02-26 02:32:29.711846774,1046.2929123066206,277.48091292453705,34.92496284687046,133.83770816850682,64.70247879877931
2005-02-26 02:41:47.753843476,1051.1181646910838,252.60788349866476,34.44954222760669,131.46426971772257,72.82393869360448
2005-02-26 02:52:29.396898038,-0.2265383039745868,-266.8399082738904,81673581190.39055,157315641.71847516,521522499583.0842
2005-02-26 03:02:41.458792795,1105.6980824214156,253.97746044308906,36.246993775957726,130.39262488405302,69.05655418637005
2005-02-26 03:13:12.079795314,1047.4024190191806,255.84891736504957,37.550676949329336,131.62114604055787,68.61667909870977
2005-02-26 03:23:28.784330697,1094.7867384450149,248.9420242817195,33.91044460589342,135.2211622479841,73.48074080675616
2005-02-26 03:31:58.578650949,1060.4200072075907,255.23369182326005,35.751738974746466,129.71669839462425,68.98265208716874
2005-02-26 03:42:03.496442411,1140.7571700901392,254.65582322032714,34.27625584110735,132.7582947427304,77.23284603858978
2005-02-26 03:52:57.824698920,1036.8180607777326,237.21657492302452,36.36870585023762,134.40059666239154,64.25817077967596
2005-02-26 04:01:29.346211258,1039.8834485568157,231.84113585185577,36.260300939785836,132.0175527877009,68.87776326904905
2005-02-26 04:11:47.431455626,1077.4143201431268,243.7892499835665,35.69873640666645,130.41454540156474,63.77435078922151
2005-02-26 04:23:14.274410810,1033.6833974443675,245.75806504790873,36.2325415035551,124.48534366338595,61.52567080051621
2005-02-26 04:33:36.010925602,1005.4839687434775,243.342999624016,34.71421785636453,129.96286749773162,70.2679797548464
2005-02-26 04:44:05.108894586,1075.6177135322282,245.02366691378597,34.543180634209484,129.96451537845903,77.93298761372928
2005-02-26 04:54:58.089121855,957.5043392778948,246.4408669282356,34.2938295548497,133.05413008159124,60.23819620452393
2005-02-26 05:02:36.426548433,982.0949032455406,250.52498549936027,36.25643652282895,126.24721263182614,68.95789832036989
2005-02-26 05:11:21.129840224,989.5447799992958,250.96519503697795,36.59157521369708,134.99799910064417,67.6411001050885
2005-02-26 05:23:28.700415081,1043.1844741843067,248.9466284322729,35.47827205526375,137.6952070290179,61.31424859649881
2005-02-26 05:33:23.182397916,1118.0434486016225,256.51574686214354,36.125534907088586,138.8114721846383,77.29824599304213
2005-02-26 05:42:28.384881609,1041.4844873177271,250.089168588055,34.89394909261057,124.83633276407186,56.23754674603167
2005-02-26 05:51:36.199509154,1121.2167363029985,255.13874052768026,36.10560316408496,124.91240528957084,63.59627437411731
2005-02-26 06:04:02.687297124,982.0731616867704,242.55239011324392,36.69577860479151,129.98663026132803,65.50455285393441
2005-02-26 06:11:00.165056582,1037.8643297571703,234.05111073070321,34.780327889025216,124.34471261353751,67.04723053514405
2005-02-26 06:21:31.037643696,1124.5124621664531,251.92892731366032,34.154730515479756,129.52104876824953,61.44987690988068
2005-02-26 06:33:28.067378589,1036.9429004562362,236.79078704490018,34.81891261344657,123.76918253344064,59.295725100313064
2005-02-26 06:43:41.072487307,0.4683010241158594,-69287.44422763321,-2865810.6356200418,1.71640508027507,-19794002046676.586
2005-02-26 06:54:26.574916417,1120.189207590838,243.26269548609585,36.70692975323024,126.42097791332704,61.241181862878
2005-02-26 07:03:23.043231516,1104.5267479041631,250.9804604391697,35.53859435106754,121.11594520881832,61.94582323083486
2005-02-26 07:15:01.638589603,55.232607890532,110.53862088712509,22.04955490901455,116.86292638809864,65.24534702873802
2005-02-26 07:22:14.625502047,46.973762476964886,93.60794425211478,18.765920345975385,104.93949642958081,63.788897425252806
2005-02-26 07:32:55.001200452,35.857525190311584,71.68639293153315,14.353789247137508,90.61016936172967,60.850051323628975
2005-02-26 07:42:42.719439700,28.60598853209049,56.870163247880065,11.223832330547964,81.10574594831154,58.34844314083316
2005-02-26 07:52:27.567654881,23.385879906331635,46.690451478171916,9.343709248512516,74.61522665328373,56.20855198749924
2005-02-26 08:04:44.290556873,19.22046160392571,38.62390374858292,7.764476158969509,68.99909466124927,53.14697270536193
2005-02-26 08:11:19.672064147,17.860128431605276,35.56070419806769,7.140981657870339,66.3061221499961,51.79573311071045
2005-02-26 08:24:04.719898303,16.196351944887965,32.198715311711254,6.533888078045538,62.88003057529809,49.43702071040414
2005-02-26 08:33:40.620007016,15.146853071628463,30.492475086958837,6.025348974423701,60.70234846154433,47.60503965671846
2005-02-26 08:41:48.131433458,15.063099840838309,29.98312603054962,6.026618710688299,59.075971634145574,46.46362608601942
2005-02-26 08:52:02.150974995,14.627552195739582,29.162764355579167,5.8720119220837805,57.469871354889854,44.85604212089853
2005-02-26 09:03:06.917361837,14.338381408306677,29.014440175314807,5.8770355077326375,55.618905642999295,43.3179556701524
2005-02-26 09:13:55.715546551,14.211287841222136,28.76996488285437,5.714427973119989,54.49950280357309,41.935867935644154
2005-02-26 09:22:51.802764143,14.302064021522744,28.42245209171931,5.809710203870397,53.36555008365243,41.07908240459397
2005-02-26 09:32:56.594199299,14.37242362948512,28.6906018188342,5.565969987383105,52.37077578165316,39.918120063084984
2005-02-26 09:43:35.765130700,14.207854651202021,28.62439004093598,5.6237971136137554,51.5631004516318,39.02190707538181
2005-02-26 09:52:16.000753623,14.337923580044068,28.71780991987192,5.786416161006924,50.69604301886283,38.55061161065959
2005-02-26 10:03:45.204000066,14.413597796467675,28.947678293612277,5.794080269396789,50.005968534638455,37.44218002452139
2005-02-26 10:12:39.689547338,14.52071272286988,28.756682991122666,5.7719610857039525,49.42071248481132,36.749096153377785
2005-02-26 10:23:13.745242089,14.59287456176837,29.170406071905926,5.5942652339066425,48.78678050055662,36.30941198255181
2005-02-26 10:32:20.328733247,14.677073076151604,29.233312764169703,5.816356283271956,48.405643383719685,35.71671412873191
2005-02-26 10:42:20.229681648,14.574726664381402,28.996617827349525,5.769064454063859,48.06556166490371,35.560889981390275
2005-02-26 10:53:42.433510435,14.692798601696017,29.22862868519291,5.59790268722295,47.61464337081704,35.02500865972784
2005-02-26 11:04:09.371328148,14.810177720989683,29.294077525198308,5.884480089127379,47.19133399614858,34.53687236127002
2005-02-26 11:12:22.440543262,14.67335938330355,29.350595734347685,5.755144463094047,46.996373459299924,34.32883925203555
2005-02-26 11:22:20.132428133,14.83549059767361,29.546114344821074,5.885586592697395,46.866002717629385,34.20078824227207
2005-02-26 11:31:44.179121229,14.778515094406847,29.7361772370928,5.900022154275773,46.59608466400194,33.9112345874241
2005-02-26 11:42:16.378397863,1126.750656791048,153.62272588299533,20.120491880780445,42.50381697903151,29.99252326082292
2005-02-26 11:53:15.990287805,26.900822248213686,53.772763853754064,10.706480243780872,57.86204969393817,35.7119824827995
2005-02-26 12:03:45.988798851,25.206886137888468,50.22751369860733,10.147143374325928,56.355913605973754,36.3323683006875
2005-02-26 12:12:03.148072412,23.036571912325286,45.8296896723197,9.116260383073522,54.458314135903606,36.221685360809595
2005-02-26 12:23:17.410292530,20.204148676537276,40.480956950033814,8.066162927371435,52.37450957091979,35.84832891153145
2005-02-26 12:31:46.274898765,18.77072049838392,37.34634309086383,7.485246025466007,51.08198538207932,35.84579608257014
2005-02-26 12:44:59.374845931,17.096748591178443,34.362773149353806,6.671968373360316,49.8652764809489,35.73802986006346
2005-02-26 12:52:44.975332169,16.7173539241572,33.15056572453978,6.505221716517654,49.31772289231893,35.569722044837235
2005-02-26 13:02:30.480228364,16.20926978714962,32.10429649075253,6.479567077493438,48.918957949283765,35.62243098999987
2005-02-26 13:12:30.965222399,15.777932096791696,31.73729911025961,6.35876292632335,48.644590901478956,35.374824112832606
2005-02-26 13:23:32.629807230,15.738178765439159,31.358777299293386,6.310771744641307,48.36357461061476,35.39292537335363
2005-02-26 13:33:22.142537804,15.59984834713677,31.18163271342972,6.218964315639616,48.43626663119773,35.23453835866444
2005-02-26 13:42:32.952998052,15.677220094387387,31.19529353344293,6.134963846557569,48.299783027751545,35.266632668365446
2005-02-26 13:52:46.796949100,15.598571776918696,31.164602203444975,6.131897210941192,48.531357788316384,35.08966368395836
2005-02-26 14:02:50.378724800,15.671351729040358,31.054494379699833,6.187605837520749,48.50601953242745,35.3528890283505
2005-02-26 14:11:13.647328466,15.647670525349104,31.365103858420873,6.356871738076884,48.589597155054605,35.24187977566338
2005-02-26 14:23:36.040086807,1020.0561754520355,174.07789635888977,22.167332728763544,57.72268351946479,36.40680374672314
2005-02-26 14:32:59.852989490,1034.3929235438159,184.5759137471668,23.491650569342276,62.26270491697069,30.994658866980167
2005-02-26 14:43:10.508786067,1024.731036184819,209.30747287740394,27.687181782914458,84.11749810224896,46.286483221591396
2005-02-26 14:52:34.316086175,1094.9990118262767,228.34982348005005,31.310639481406145,92.68594237224994,49.63959543954472
2005-02-26 15:02:20.546465561,996.475045493188,223.34450676271058,31.743367811725417,96.92078240179914,49.57173817849629
2005-02-26 15:12:06.272510595,1113.7257709696132,240.2016339575209,34.83235836261945,115.01736067115088,56.55416162396513
2005-02-26 15:22:53.255467441,1031.4237824757872,260.2684232382459,34.026101349445014,112.85749034148331,55.66555431224056
2005-02-26 15:33:11.880354566,983.9120492187125,239.06937313755978,34.34479853731295,117.5475740166466,52.78843093031483
2005-02-26 15:42:01.126608351,1052.3157422694162,256.24372649248164,34.45675976793998,110.5309030758905,48.35564847509028
2005-02-26 15:52:54.784266883,1031.6228059007287,272.53828844847254,36.842490808241884,114.185781933127,50.49729682682091
2005-02-26 16:03:34.971356075,1115.3632895761775,259.38172025625767,37.532767216070624,123.77022317245553,64.30338726026156
2005-02-26 16:12:00.518498381,1089.5236180832326,235.42195713915908,36.98296186064734,127.55056303163397,55.428452992060954
2005-02-26 16:23:01.040731388,1025.5153512136692,246.4717280629679,36.90098707928203,115.99043879184093,52.341847571637075
2005-02-26 16:33:16.830044283,1014.9936267572001,243.52331616685063,36.74399093127656,125.67789566922218,69.16430670239782
2005-02-26 16:44:20.833124015,1045.1490913118669,244.0353949250322,37.54822068234269,124.47851328573888,59.487186753987096
2005-02-26 16:51:33.684977012,1081.7212918506011,268.87401907578845,36.065260138871245,124.70383571169664,61.88461413740477
2005-02-26 17:03:02.266025548,1023.0522005522201,254.36949948659242,36.2944192497433,138.34701830267548,67.39687520925376
2005-02-26 17:12:16.177263768,1108.480000529974,247.16851463507194,37.25021793137057,136.23841382913906,71.11692469668516
2005-02-26 17:21:50.501936573,1151.7946731346694,251.18215976897648,35.20443740036239,144.20051138331715,71.55246329892972
2005-02-26 17:34:42.757751689,952.4280224314384,245.33043342225184,37.11902801769826,133.9257061019077,66.88334288822324
2005-02-26 17:41:01.613706360,1028.7084169723082,256.78851506743285,35.74923891929895,130.63936036695526,63.61014962285941
2005-02-26 17:51:20.525759757,1087.5101837098257,250.34064879227992,38.362595347187664,140.87762293106417,67.84387717793697
2005-02-26 18:01:55.727266520,1168.1707957494023,262.1048399805701,36.78954966769486,132.54468722689055,72.70977286510123
2005-02-26 18:12:37.638268877,940.3729370700866,260.8048044502394,34.17257728801317,129.66265024895554,71.0618481436714
2005-02-26 18:21:33.701125956,1058.9060221137206,266.88663283087857,37.11163694085157,137.76005925432963,69.51072195702733
2005-02-26 18:33:02.520858529,1083.3919334946233,250.07357899619566,35.59123463152678,143.32699051871091,78.72120532277069
2005-02-26 18:43:58.306434111,1103.834006564269,258.8430790750929,37.96677836531975,139.90981194262017,77.83292417714497
2005-02-26 18:53:34.764177579,1083.2212916659532,246.8124889193539,36.50009743319617,137.14587783615545,64.46918812535412
2005-02-26 19:01:17.948776077,1050.9109540132267,243.2552995697769,36.47672889159104,137.28752453196853,70.67237104509749
2005-02-26 19:13:08.198446109,1037.26694276125,259.81769505887803,37.61660842133688,145.42212247896063,72.87246062714416
2005-02-26 19:22:07.996587667,995.4142401627004,249.24070624439938,34.55911161219111,142.00346220768907,76.9237691494344
2005-02-26 19:33:32.056245873,1000.9189300844391,241.63882497349883,37.26652890802233,134.0303481754059,65.36940558740238
2005-02-26 19:41:18.738295403,1101.2311612427152,253.89206181659912,37.73835963203148,148.28162196382536,78.15423211642722
2005-02-26 19:54:16.470449258,1126.7281714828468,249.31714817893712,36.646146760502845,136.82937961770017,78.10728231282481
2005-02-26 20:02:33.699277604,1133.343736801695,247.42690056936206,35.69417822816928,141.40462016017102,71.98564041720455
2005-02-26 20:13:53.806481996,1124.0281722027423,249.54194307248935,37.45811000189813,127.29779728756603,71.76397683755181
2005-02-26 20:23:59.347183576,1056.3287039908496,256.1365805653232,34.896796224304445,144.73667295992814,72.79452089000254
2005-02-26 20:32:55.724799862,1078.8569274641764,233.2556808245181,35.341038905550754,137.76437207292275,71.17457816125469
2005-02-26 20:43:07.863589635,1103.0795018815377,241.78921055679444,38.126881350459946,144.2543103294792,78.12289573150177
2005-02-26 20:52:17.880075603,962.5753706202212,240.30940155790427,38.50662719848115,146.05918743436087,77.24485658547098
2005-02-26 21:02:16.156285752,1051.6606714824368,265.8271830569499,35.64258996851588,138.19742336428942,74.37615218768718
2005-02-26 21:11:09.680961522,1091.0712310736237,258.00151966188486,35.27776960144953,140.23779903619635,70.69010478379776
2005-02-26 21:21:09.732799181,1069.005361944267,236.92940207604923,35.39959346629657,142.52009918225693,71.78745413144247
2005-02-26 21:30:40.373569663,1092.9505135914324,249.32274913530134,35.291577187916914,142.25777928247442,74.16296250061613
2005-02-26 21:43:12.758684787,1082.4232988153726,241.89884728645777,35.670622171593294,132.66036635974157,66.66318887820165
2005-02-26 21:52:48.782595050,1090.1612581072466,262.9975559140536,35.53307140732132,148.37669519588792,75.16978202114082
2005-02-26 22:02:30.326942521,1021.4728810837263,253.1219751780652,37.03071221103674,149.5131399330364,79.64390380041861
2005-02-26 22:12:50.129335558,1028.300368965613,252.30379384957405,34.675381783356265,141.97394778995903,77.11452520218512
2005-02-26 22:24:23.464584952,1034.068468498974,249.5801927348285,35.65978147557544,149.5184774745852,78.4522463687101
2005-02-26 22:33:04.151428595,994.5605490735093,246.53467493383238,35.74513626098538,142.60703623444732,70.36873844795566
2005-02-26 22:42:08.454514043,1109.877626755655,257.4506544239126,36.51600532621787,144.84525588116216,76.71719987004232
2005-02-26 22:52:49.813145805,1097.6746657640215,262.75061348040674,35.83483117432971,146.58501861894283,64.56746349577986
2005-02-26 23:02:10.328528989,1062.691139801622,245.44376681275452,37.48657113871715,136.559493803628,74.67932961955894
2005-02-26 23:12:59.473305612,1043.7466838952405,269.34742700810557,35.54896216920963,152.53788795420093,73.49398857008819
2005-02-26 23:22:45.605000560,1153.3317800784262,242.11029623322668,36.983595369092285,143.58163954942455,76.67364867433719
2005-02-26 23:33:07.201624919,1038.9815807338289,241.10249026053748,38.58647037198981,134.8903537582639,72.40819600764608
2005-02-26 23:42:34.674797083,1147.9294657355952,253.92071414325608,36.37775801651889,137.93815142009169,75.35003953435897
2005-02-26 23:53:02.501977974,1071.7452920098713,251.2743202814857,35.35353704086851,143.44472038738235,78.90186313567087
2005-02-27 00:03:47.249534776,1048.5647812283378,248.64371299797625,39.295023063531524,141.79063663624044,73.8575081901457
2005-02-27 00:12:01.134198862,1089.8230036252771,247.58055694205527,35.87034570194018,134.68816227988955,69.75887497685085
2005-02-27 00:23:29.550518146,1119.1578784363335,248.692921100734,35.806926873117156,135.19662894701256,72.54122320299076
2005-02-27 00:31:41.928090614,1116.301887307171,258.2399419612824,38.141728619198915,135.48700366470166,73.72652163356501
2005-02-27 00:42:30.808502954,1151.8383372348853,257.9780583038794,36.75121456626494,131.2661858539722,76.70049770181275
2005-02-27 00:52:44.372524309,1109.16577421524,258.139149167646,36.69265534745796,136.37163297874994,77.88423212101797
2005-02-27 01:02:38.192073148,1120.2453739175303,247.67978054144922,35.433949885025605,134.35295680901848,71.58882644251965
2005-02-27 01:13:30.426704215,1059.8998694462414,253.56638829494398,35.342082115614005,130.1844280250265,73.71764146168044
2005-02-27 01:21:30.951252643,1029.168260231679,250.62638327659866,36.12252923719145,137.72219392704022,73.57304611427111
2005-02-27 01:32:31.582616034,1169.2247985149759,237.5802319480591,36.94761175084471,136.2507215080392,66.59398587067703
2005-02-27 01:41:55.410055346,1128.4627909131254,246.98713930451584,35.5515870686832,135.39058853318662,69.36086288835476
2005-02-27 01:51:37.604431957,1053.4814498102082,241.5460039165755,36.12109962086179,139.5695342575059,78.64307110480999
2005-02-27 02:02:19.590473628,1034.2423007736131,236.30391668368188,36.511663540444644,135.428397129257,68.60645996367114
2005-02-27 02:12:12.100427434,1112.584125328492,248.66356921392293,35.713960844331176,137.24781155250025,74.01997042417518
2005-02-27 02:22:20.607749435,1143.0520469419753,259.36272383226225,36.29455240962748,136.9169639053628,65.5729469411641
2005-02-27 02:33:28.734303618,1103.018046217277,252.5287808787248,35.61439320236073,136.98189405056547,61.02759838824909
2005-02-27 02:43:38.245315193,1012.8015876215933,243.00553710833003,35.96656462118158,135.25311613236371,73.68869425767159
2005-02-27 02:52:27.240682852,1103.0138820642849,252.57471970230156,36.78205798042133,138.5197873375311,68.952947633104
2005-02-27 03:04:08.670659106,1051.9126455478176,251.01579210852861,35.741262791201564,135.3042082284721,70.71259818587724
2005-02-27 03:15:01.574788991,1145.445100220862,255.60072260927032,34.71561197428999,131.7942818150656,72.00972748526691
2005-02-27 03:21:49.458461839,1081.8249561490568,234.5432906779745,35.26100220321416,129.3971633391843,67.60795431207505
2005-02-27 03:32:24.085964517,1081.0641172386872,252.7625818665767,34.84514905951678,129.11681963057717,70.65311890527154
2005-02-27 03:42:13.099438428,1062.9986222336247,254.71165919434688,35.28195217629896,132.07864204007674,64.41691290237189
2005-02-27 03:53:52.792697652,1090.4050425044347,240.45590283886096,35.73531291101232,133.8571616371724,71.33604669865242
2005-02-27 04:04:05.779104933,1000.7354422067565,227.14013401903156,35.13817398600061,126.17515412298727,71.80352164888721
2005-02-27 04:13:18.905253947,1060.4655111385387,257.1271586914303,33.315362526719966,134.28061186108215,69.7993219761197
2005-02-27 04:22:07.464086885,1097.9169862832318,250.17149965156506,33.2279538526203,135.53400104176123,68.98380251478599
2005-02-27 04:32:43.820878966,1006.0131080339496,271.53107301173617,35.58739090692391,125.54163636063254,70.22586347529943
2005-02-27 04:42:47.164366297,1143.8221159873326,243.3924908944203,35.11778840063206,138.0486001106619,64.48356463700878
2005-02-27 04:52:32.243102512,1112.3151595520872,248.15696012168283,36.40121256231944,136.20678154150613,72.19055540608385
2005-02-27 05:04:52.385775791,1001.4527530237103,266.4364239108061,36.27982798696317,129.04984375843887,52.95790610208003
2005-02-27 05:11:35.618934649,1058.5020630408842,248.78831323049005,36.983078693322476,133.44587980479577,67.19178450944003
2005-02-27 05:21:11.373477257,1060.5900149068657,251.2180026950742,36.367214769935536,131.87070511329298,68.20659891752973
2005-02-27 05:32:22.633721932,1083.4081834036747,241.98483729129856,35.82734195051453,129.1324983061162,63.06167246703891
2005-02-27 05:43:20.402015475,1143.4385261569582,258.46497242490676,37.08613965471046,123.86694295354087,69.52573970392228
2005-02-27 05:52:49.135539882,1097.4610996862323,229.2728910926425,36.75001244321652,138.06576388460343,70.4810697931497
2005-02-27 06:03:07.256864317,1013.1419164981605,240.1716281644598,35.5574634423888,128.2862259426843,58.07490370616482
2005-02-27 06:12:26.904399221,1113.7450890932266,249.82504818486817,35.779598120793395,133.51349817829598,66.77496873898252
2005-02-27 06:22:57.273615620,1054.948349813778,236.59178754971,35.50078299752028,135.14219731889256,72.65339599775649
2005-02-27 06:32:19.680468537,1072.3976821694425,250.03490222689456,35.33341669469331,122.76802209836022,68.8903032013432
2005-02-27 06:41:15.296853112,1142.4013339248052,252.97518452647844,36.71249519892136,128.67987854420628,76.12034907029388
2005-02-27 06:51:58.702242941,1098.9291377267089,260.749530728623,35.0099857328321,130.9799181842745,65.93816625926883
2005-02-27 07:04:30.196677985,1031.2835427955717,239.74291718580224,34.56336729660857,128.0887704317753,71.01903829123238
2005-02-27 07:14:21.550232252,1129.4280798682626,263.71025654266,33.287085758984595,125.69910368353388,69.7887452474274
2005-02-27 07:22:42.552819212,1040.6973975440717,259.39819307926695,34.75137863148473,123.57414234667291,63.15672154790256
2005-02-27 07:32:27.807991716,1064.3845886853678,243.446370111427,35.78397996586866,131.46295202641699,76.97530757136023
2005-02-27 07:42:54.585157427,1072.084640608209,255.34581944766427,36.326185382335716,140.84280074929276,58.04648620664824
2005-02-27 07:53:06.322686921,1103.830110583751,234.17255773091216,36.438332189870245,130.95953271251867,66.76821743333122
2005-02-27 08:01:55.206928653,1076.6074608991282,257.07750463876044,35.79159573104253,130.63728885827294,73.10171086351146
2005-02-27 08:13:59.038752555,1113.1157251680077,239.74614464910553,35.00051881463285,131.0344303599216,71.5508197372592
2005-02-27 08:21:47.336692131,1000.3982946049077,252.42034916672517,35.42020358731638,122.19176419976927,67.60364499542906
2005-02-27 08:32:00.790933179,1000.2245411458402,246.07705800010984,34.935983451509074,139.05916870490833,67.59426991437104
2005-02-27 08:44:41.606263552,1156.9111018541191,239.306323186309,33.377541249123375,135.8687501388308,70.44255264805538
2005-02-27 08:51:13.043322682,997.154827637316,237.50178553753935,35.693588644774316,133.2131978505191,63.96291039785469
2005-02-27 09:04:18.328760754,1054.6611010584593,263.19546636349327,35.58226341024755,130.30291369915324,69.11834413876764
2005-02-27 09:13:28.212138090,995.6978852621633,252.11004049577554,35.39732139318265,136.018537332302,66.97827053693074
2005-02-27 09:21:29.307792588,975.3265245511991,261.3967914132465,37.50731134816747,128.93617868201153,71.89214850639097
2005-02-27 09:32:46.968784197,1096.1963725140554,246.21177365935492,36.21742468150666,134.4352319304796,60.89492657402962
2005-02-27 09:44:01.367179306,1045.0757626335226,243.4347311408728,35.55109816847208,125.39628266827381,64.65014442822921
2005-02-27 09:52:41.506839047,1028.6156480284292,247.5482143758565,37.02228598820563,135.95389417858553,67.1796487379168
2005-02-27 10:03:40.250519162,979.198213087152,244.82558105394907,36.8692097435647,139.2147362644297,71.54940848129395
2005-02-27 10:12:57.374725193,1054.646814407275,254.80957087811169,36.50644213000869,132.4334945378516,64.01477884528379
2005-02-27 10:24:34.519623675,1061.5339838864072,252.57358735858278,36.15854996266835,137.86653255786484,67.62505961672245
2005-02-27 10:36:13.168638322,1048.1446109615936,271.11275435342213,34.15160072038557,139.17775869563488,58.26058283859975
2005-02-27 10:42:57.210835604,1075.6429203665841,247.45040796661254,38.24976612519697,140.0444319063603,70.99613481648043
2005-02-27 10:53:52.285248231,57.17710194350999,114.4429563988963,23.12026378503788,122.65532920011948,68.28233972929102
2005-02-27 11:02:10.448219134,47.80515637478948,95.50006766655073,19.0736864659093,108.88740664284582,66.56721461433595
2005-02-27 11:12:25.635940478,37.25809200408935,74.6983342040621,14.860370521285628,95.20233441202649,64.02679554653584
2005-02-27 11:22:05.645938581,29.77272194707006,59.7864073544251,11.8642607702766,86.0724949361197,61.82153381852991
2005-02-27 11:32:56.259333470,24.50611131668836,48.53630983007145,9.619632828755048,78.9496834553752,59.343566489838814
2005-02-27 11:42:10.739701161,21.163758439573893,42.43417178355345,8.656775072752131,74.5735152057089,57.34424218264588
2005-02-27 11:52:22.955619692,18.99496929357896,37.823633501337206,7.644962904602935,70.97328483071512,55.37850273692665
2005-02-27 12:03:26.477014662,17.453385047617513,35.12806282053619,6.997275131690625,67.79080631247032,53.559284013833654
2005-02-27 12:12:05.358458148,17.04287630138931,33.6522643584321,6.613130406504814,65.94881876609642,52.041841243583384
2005-02-27 12:22:59.085485885,16.372487576563532,32.79371120829121,6.597483092454194,64.05633295820631,50.4304663307555
2005-02-27 12:35:05.780915480,16.093648383193443,32.11159284096124,6.309152526341331,62.295660819032314,48.65546280053681
2005-02-27 12:44:01.992417677,16.013572128812555,31.648018842383024,6.432088820864943,61.1624266588947,48.00182755909779
2005-02-27 12:52:41.588168021,15.732085788235628,31.57432366181006,6.139008780318841,60.1863219763751,46.71767995993196
2005-02-27 13:02:26.692330132,15.79244739636159,31.436203529608598,6.386596339483325,59.07349674874923,45.97714118452884
2005-02-27 13:14:04.184676562,15.72196902121505,31.56063244187819,6.314896170915248,58.19104924140514,44.735223916922145
2005-02-27 13:23:50.337259885,15.882185290800322,31.486852444498854,6.3499107277595455,57.192139836373656,44.080954104471836
2005-02-27 13:32:37.316155044,15.868127416356,31.7994161913401,6.374744917114274,56.812714421837995,43.35709839697739
2005-02-27 13:42:24.364536705,15.851019114227764,31.62070559184577,6.306026278547041,56.13428487327897,42.980251791531835
2005-02-27 13:52:56.019354459,15.976268503713264,31.937795515945155,6.138761490145832,55.471746429474095,42.353053605190226
2005-02-27 14:03:17.222264990,15.98433054662179,31.88345678008361,6.3049409659261775,55.04262315930465,41.797633904048226
2005-02-27 14:11:51.106130668,1046.8394319003685,160.4226607391701,18.888889525875303,62.57701762316635,46.818179690811625
2005-02-27 14:22:39.444549051,1060.8155928411506,199.47034547740165,23.632471283596285,72.38538591082168,47.94115260937264
2005-02-27 14:33:02.656375182,1047.2486097068256,208.57567232664528,27.39256848439998,79.52996396650785,54.07701716071294
2005-02-27 14:41:51.212460999,1027.6480078717286,228.64918155900088,29.983779179606188,89.02916893722912,57.496082447396155
2005-02-27 14:52:50.795233660,984.7828332139543,251.96594253459102,33.919810770756285,97.88936826257995,50.10262810039758
2005-02-27 15:00:45.197066129,1102.4339904955086,245.3072743870122,33.57082932569255,112.81859035933638,36.134646327576284
2005-02-27 15:12:10.748635975,986.9808621624545,255.7789945623304,35.27017714984464,113.21026847623605,51.096952902539066
2005-02-27 15:21:49.305740974,1061.5184077192364,255.00491007008642,35.63443717409149,124.97228406077609,49.87083423630894
2005-02-27 15:31:30.325328574,1088.7281427261914,263.50780471373537,36.26324080379159,122.97417759739164,62.278207416327646
2005-02-27 15:42:43.151418154,1113.1782042046862,253.39947105503472,35.24858065564646,120.11620226060731,62.36059503527983
2005-02-27 15:52:07.246148172,1152.725490642229,245.54841478510374,37.695209882078075,120.60480733027194,59.49034468843148
2005-02-27 16:03:10.878755769,1052.4188162320872,254.00218122738823,36.566283132975414,126.97796154530056,68.5227272866618
2005-02-27 16:12:46.178634252,1018.7011388851449,240.05979798787524,38.0774224901704,135.46245465418477,60.47493906321979
2005-02-27 16:22:35.003597615,1027.3410385288566,260.68543621138383,38.10511221235986,127.69205375761555,63.38410285074394
2005-02-27 16:33:00.852433936,1099.7198072145509,256.7366497269777,37.164611668000525,136.64168819568295,75.82143886172645
2005-02-27 16:42:58.731128861,1146.7809431694352,248.12491677632983,37.96644989192069,139.7914555380595,74.84723322141153
2005-02-27 16:53:23.559538032,1144.0073769726953,256.07039529208004,36.71948614861747,130.9401193784644,70.12941707127379
2005-02-27 17:01:44.232154768,1096.9954779366406,252.16569907742638,35.94878909708609,127.97689538658533,68.91395576827392
2005-02-27 17:12:35.808953865,1146.13234571645,262.6993572072653,35.002775338015,134.1545216007321,66.09756265513077
2005-02-27 17:22:59.495712217,1104.8841104992966,259.4666589672665,35.628463388433,136.79412943692165,69.7741287730567
2005-02-27 17:32:49.081418821,1020.1635374296496,255.46267268798712,34.94037691855241,145.40407534226205,69.77993434492052
2005-02-27 17:41:23.096912781,962.5367079810222,257.62486926329666,36.72339611517674,140.82107582621003,72.61499025704273
2005-02-27 17:54:29.129888818,1043.2413587485398,255.46936415993977,38.37348160206142,140.96771149821808,73.71266716559471
2005-02-27 18:02:13.922933072,1073.332680397173,234.29715851244106,37.412432508103066,141.79874741342795,74.83464898881334
2005-02-27 18:12:33.660750393,1049.4920191653252,259.16044344948284,35.1975156553136,142.53466299720748,81.08411319964404
2005-02-27 18:20:19.345445685,1013.6277672153967,242.60792576745132,35.912267389378506,131.5402361235284,75.46470183671636
2005-02-27 18:32:11.507167590,1200.1012986297858,257.04370207752413,37.3062970956358,141.95147321204897,71.63590900320604
2005-02-27 18:41:56.133634349,1117.7215136718403,263.3631857584966,37.12228431360007,132.00249833284528,61.94214549892531
2005-02-27 18:51:39.021779445,1076.9201349820726,249.0089246135363,34.631429739381446,136.3368435292495,77.40437707352619
2005-02-27 19:03:14.173334453,1070.5064527579116,232.88965953916644,38.242536445327275,144.02855327259653,72.14429014710147
2005-02-27 19:14:22.643420969,1066.4499340517075,259.7865512332633,35.34579242346639,142.06744654212685,65.51341088701706
2005-02-27 19:24:30.355504271,1138.07217197418,249.5318458822055,36.93396690741502,135.31185675470292,68.57776931327881
2005-02-27 19:32:28.396474682,1045.1365507617559,252.84635161637382,35.74749590946603,149.13485641785957,72.7441968595232
2005-02-27 19:44:52.495312749,1006.4782978912067,221.4980692837979,35.03656740622902,152.31171832996816,67.82918014215483
2005-02-27 19:53:00.050310866,1044.7349200997614,248.2548982466359,36.99130144338992,141.40371430849055,80.68662630000905
2005-02-27 20:03:37.305914441,1050.7693096023772,255.86665705532621,37.36082112867092,149.52316527154764,68.3748973095604
2005-02-27 20:12:30.323113133,1087.8752158207249,245.99425912870552,38.800224126347324,136.97441209143182,81.56747099040942
2005-02-27 20:24:21.341730230,1069.3534104658227,256.11289442545825,36.28998680062139,135.62172035482808,78.8062899104825
2005-02-27 20:33:23.259575475,1142.9056183854009,251.03289323582675,36.23260188914148,145.8601461286838,76.09266743427207
2005-02-27 20:43:52.898120200,1079.4145396195365,239.78651286610497,34.150601464199596,136.66998805293068,75.76938514800591
2005-02-27 20:51:40.454776697,1087.5623342484075,246.42015246883622,36.62546127270216,147.80585750717358,68.00346785367962
2005-02-27 21:03:35.797067399,972.987690260039,248.2342253112506,35.93297128519209,146.8575651916437,72.17318944360554
2005-02-27 21:12:58.047738327,1056.7593023088248,248.54634890507168,38.11379092093556,143.36738652520523,78.16018720233332
2005-02-27 21:22:41.327071163,1046.2965837352233,259.509951296139,36.51918163923282,143.96196457409027,78.0845536295313
2005-02-27 21:32:16.131725823,1080.0088236154845,249.56629224552498,36.19079620341925,147.29937327751213,77.11170797470115
2005-02-27 21:42:00.379657265,1061.6672068449689,266.5606735023161,37.02040460855018,138.10424654814358,64.82751392260252
2005-02-27 21:54:53.933064994,1066.4502545542007,250.32202424824035,36.26672531254082,152.46666016812765,72.38273898472458
2005-02-27 22:03:32.349035117,1005.5256634339194,246.07560038935682,34.92344955923778,145.12502095238298,77.86243708337906
2005-02-27 22:12:07.174225401,1066.8784417505385,262.9804925031833,36.13750035839255,143.878201860106,76.22268226413885
2005-02-27 22:22:16.192679928,1071.7494354598477,260.39160433734565,36.43371065858873,142.0805184715297,69.5067276375284
2005-02-27 22:33:07.027122357,1029.6963222405766,264.71256652638624,36.07017966937274,138.51841893249912,74.73589504881211
2005-02-27 22:43:04.786868711,1045.0217392334623,255.7451139289646,36.129676740811696,149.83211706904322,77.54443498246056
2005-02-27 22:53:03.112591367,1049.2839371500997,238.3517992072113,33.636052239160385,148.80384330293677,80.83151828313142
2005-02-27 23:02:49.550737623,20117.905681807726,-588422.1282668601,-1.0199188751319257,1663219.18934054,-27403093039185.45
2005-02-27 23:12:44.049059627,1123.817118512246,259.3713078959094,36.535878026812675,144.33141800109684,72.79043442593385
2005-02-27 23:23:02.181151186,1042.6949034434106,246.56868050394274,36.372195830429625,142.73394671048823,67.63135846967285
2005-02-27 23:32:43.242794715,1095.2771312360048,251.2021095563711,37.78529805559191,132.12957708695185,71.96410307043548
2005-02-27 23:41:18.683347318,1121.6133165402412,243.2877685910774,33.74787436573111,141.40500054439354,77.20966478325788
2005-02-27 23:52:25.429835063,1013.1508531480766,239.52019230771916,35.813132985046146,139.13161384587406,65.03153937556567
2005-02-28 00:02:50.567207290,1050.5120574999644,238.80713613386249,35.38667721905578,138.35001114288153,59.440364662660535
2005-02-28 00:11:51.831965060,1089.8062690099507,245.9073324472263,38.300745226738435,140.2230075507515,77.21596354302015
2005-02-28 00:21:08.549726700,1084.6431133590734,241.9240453291642,35.30301554952773,140.08257733718767,69.82341450339959
2005-02-28 00:34:51.717296216,1020.670371642229,243.28973052458235,34.342211515170014,139.09469843849493,78.7870896757954
2005-02-28 00:42:47.476615524,1158.4321298735863,246.24735511465883,36.18779180479692,140.3196533461672,67.17236868414494
2005-02-28 00:52:13.465779615,992.432396311119,245.04333558967033,36.61388931345723,143.80275809326716,83.8206816189895
2005-02-28 01:03:34.369803771,1106.6373308935376,243.71561103931583,36.03332220594728,135.50320111069374,70.49343636204017
2005-02-28 01:13:02.680859560,1059.2316934451883,238.52912525300724,35.28347779724166,138.35512558410832,72.2711898440506
2005-02-28 01:23:44.669889963,1048.0540461806609,247.4158797538313,35.67231514456813,134.9690976428963,71.32870690687817
2005-02-28 01:32:45.064227117,1171.4882157231823,247.7078181945284,37.37379403919411,138.3965369320299,75.25404886177047
2005-02-28 01:43:46.397232123,1145.3106666836125,247.20630058447057,37.612899985763896,137.97399195275273,64.09965052085502
2005-02-28 01:53:41.736050077,1007.2332287038003,257.02207325968607,35.60023426420062,141.12907832474477,77.29888409987159
2005-02-28 02:03:57.168204617,1051.365143736381,249.39480158468464,36.34126508338146,132.39006937176435,75.33787597733021
2005-02-28 02:12:08.314017699,1071.2762486074598,220.94709338537098,37.0190834106861,139.84817275699055,73.22437250273364
2005-02-28 02:21:18.208003490,1043.3597519097552,236.92962280815604,37.01047697883803,129.3382322372733,71.61179179314728
2005-02-28 02:32:09.187563803,1087.691829015192,257.27634794239987,36.45761226843707,135.63493798180343,75.73859516032203
2005-02-28 02:42:15.308725826,1081.4790988481852,265.9028852140319,35.73228109882775,127.73881713914045,60.545332427157
2005-02-28 02:53:55.094949747,1079.4896852532863,260.885435973226,36.92822177451968,133.57794878850262,76.99960132328385
2005-02-28 03:03:01.026898263,1142.3668469035667,227.2158351678966,36.4283718439766,140.13029964245354,73.97264123082998
2005-02-28 03:13:09.658908263,1106.0926319689263,252.36685456796832,36.50473208918051,134.39969672631335,68.45176164701842
2005-02-28 03:22:14.164425738,1101.5747938900959,244.09785294007438,35.06861957408167,134.77324416949952,65.7354148059977
2005-02-28 03:33:27.237148803,1074.5147424615366,261.56179156515236,35.710521299392504,142.73417017950158,65.25479956917522
2005-02-28 03:43:29.744039268,1008.315312342637,249.52020880180874,35.62501333999088,137.39161973758215,74.25695991998334
2005-02-28 03:54:09.468750840,1057.4019234709967,257.703480126766,35.10764930267532,130.74529253894815,68.51601383004977
2005-02-28 04:01:14.343632569,1092.127160741074,243.78546553097235,34.630786986871186,136.14348663302653,64.68631850170505
2005-02-28 04:12:14.390919204,1172.1566776000184,244.91211996922434,37.52727537719614,136.51820166668156,73.17237119102639
2005-02-28 04:22:25.873322099,1063.042488338159,245.84575972642043,35.35679187115256,129.34041053862595,67.14858025205817
2005-02-28 04:33:34.698079942,1111.143515417285,258.31819684635263,34.08859006280915,133.38224721147716,68.88989543215419
2005-02-28 04:41:43.332169630,1020.344643728171,238.80756966215802,34.94286718851452,138.47987807974468,64.47748232968459
2005-02-28 04:53:50.917055609,1088.754121754557,242.62125248440032,37.74650027289426,134.18377243556245,68.3795808183597
2005-02-28 05:02:36.508243871,1021.4411020525981,251.24651959623546,37.74657698050821,126.02072499905385,66.52099419664333
2005-02-28 05:11:31.955529219,1041.8114173651718,256.3804961962605,35.11274370979182,130.2451323708385,66.00986932513598
2005-02-28 05:24:20.143336401,1106.6694579802747,255.39927906299886,36.238202503486086,128.80517341713733,65.11155668499856
2005-02-28 05:31:17.126354149,1035.8292010656173,254.43895737573075,35.437931765943,136.45139214856422,83.2630213039191
2005-02-28 05:43:15.932289568,1051.831501112022,254.616652751931,35.21819069464107,136.5107483959192,70.71140586342045
2005-02-28 05:53:09.567788060,1104.6342408376736,254.19855591088896,36.61695817955231,132.36106264909114,66.6137887124342
2005-02-28 06:01:13.063504991,1068.107916123132,258.12544337270646,36.155941751151005,145.06136314183985,73.29439486124097
2005-02-28 06:13:07.355229180,1053.2106665200392,226.9149180226907,36.64625354623951,136.97213720306002,74.22470537823328
2005-02-28 06:22:22.900443873,1105.9911930512937,267.6888399164998,37.093330880738876,128.304609652913,63.6589837571297
2005-02-28 06:32:08.093793007,1023.5012099594927,259.92117046560986,36.34413297711731,133.61002641659974,61.712194991932606
2005-02-28 06:43:30.092516103,927.5549372454707,216.0975210502162,35.60395968416968,134.1520039610649,78.98125324054874
2005-02-28 06:52:21.619605443,1054.3047468167595,251.75899509300822,36.56165886379723,127.0328120451361,68.62962493860333
2005-02-28 07:03:37.993329754,1052.0661693710372,238.00225105392389,35.12853494754453,128.26880559965295,65.19015916205015
2005-02-28 07:13:26.185552852,902.3890231166388,238.61743893574592,37.00384469939349,140.83372246160184,69.35637853835664
2005-02-28 07:21:33.607043168,994.603391403661,244.56464220660268,36.15387141502694,132.16378812833645,74.65974082006092
2005-02-28 07:35:22.061194131,999.4990704001939,268.1917567211879,34.88310436465129,133.38083088675515,66.959970515239
2005-02-28 07:44:28.573903575,1052.7816132102002,245.7310725387865,36.324932034832834,128.42717839443387,74.02390380574656
2005-02-28 07:52:21.535903194,988.0945241935231,240.62307157506376,36.20721532099785,132.8586982875917,73.01504796822329
2005-02-28 08:03:09.737617555,1067.5502754872584,244.7628567543027,35.6918069406131,130.26706739783904,69.54850846095599
2005-02-28 08:12:44.289548966,1002.1803028364619,237.49108406267317,36.4047391231743,138.77036012754752,69.76239308936958
2005-02-28 08:23:19.685961666,919.6264097542553,260.5544346561462,37.18131371428195,129.58472741565538,65.61897751495967
2005-02-28 08:33:12.343687211,1143.8688008807521,240.5131218621359,35.65689050475417,132.83769380596488,73.69337544998375
2005-02-28 08:40:43.715828659,1018.073499690114,259.406547549402,35.700446651833104,134.5792824317031,65.87694663365649
2005-02-28 08:52:24.796260858,1061.9111100852203,268.8308569841076,35.27335257193512,130.77505680591122,64.95876859556773
2005-02-28 09:03:05.173409496,1103.9924387894066,237.0650076110052,37.42840018229498,123.50495370431261,63.45439231926763
2005-02-28 09:11:52.840896936,1115.819594592928,237.71770256236502,36.198179781543445,132.06754335945845,83.31153090618322
2005-02-28 09:22:10.303144000,996.9563694522826,260.59703929200754,36.207180313152165,130.19738334013738,63.60285158291849
2005-02-28 09:33:07.486781734,1063.7637408808575,252.98804596574843,34.51538278090478,122.65607483666372,66.36894081758471
2005-02-28 09:40:34.547401076,1106.1862743662011,247.18779177481383,34.98879486555169,129.69777850570262,71.81867015773982
2005-02-28 09:52:36.047365857,1043.041600891928,237.1890947469231,35.59347215426788,131.38425961157907,61.851405435605294
2005-02-28 10:02:08.386327485,1080.8121194072025,247.84334326991456,36.677940317342696,130.5439741029267,74.02732437574896
2005-02-28 10:11:05.791081567,1060.5983562961183,253.35312760465422,34.54185726163844,132.82850836488066,69.60535032481596
2005-02-28 10:21:15.125558766,1084.7832468452477,237.8470617201771,37.14789640287761,139.18265276439197,65.42122172578333
2005-02-28 10:32:55.042040808,1089.9530440617418,246.46942540012336,35.85143405181196,133.17131541801356,67.1833231639453
2005-02-28 10:42:45.131618638,1093.985073594268,252.03416475991392,38.06890862837546,126.34707778419936,71.82864983014399
2005-02-28 10:51:49.150905595,1134.9966466734033,249.31993089878134,39.93269856525941,126.11426892385475,62.964660373906
2005-02-28 11:03:37.433551146,1174.2493830330272,268.5944474117922,36.15082257144471,139.82510265706944,65.19533754320585
2005-02-28 11:12:31.228015041,1056.6368726753117,252.27162015216888,35.23571996849938,143.84884544759697,68.37735479484296
2005-02-28 11:21:32.813158079,1114.1277848194525,265.8858391124462,37.43548317701641,132.07586494710807,75.33609617763918
2005-02-28 11:34:18.739003551,1101.4360055273294,266.8977552496887,35.63313058628559,129.8249558664358,71.24043123662887
2005-02-28 11:41:54.875328821,1068.0779266282607,222.35922831025522,36.13256848974135,145.4370760416025,79.56010532656822
2005-02-28 11:54:05.424667667,1129.187952235897,254.49343212356197,36.25692935382693,137.1464239904734,63.738051222431764
2005-02-28 12:02:16.292550279,987.877370600696,238.83517548349806,36.181731419751216,137.34418581083816,78.73820604031333
2005-02-28 12:11:43.545700125,1086.23560501645,246.71630705672163,35.170867360906996,134.50321113199124,73.98165850992551
2005-02-28 12:21:38.050816624,1101.0961351959688,264.6771405157499,36.41170882979305,132.93934465303172,65.79770916126175
2005-02-28 12:32:19.220286817,1038.0804074272628,237.99582689330407,36.16957426376964,136.30787426333455,79.08369072023734
2005-02-28 12:42:18.254812659,1133.5303334771932,254.36106185016143,37.04305838117876,143.66398143758693,64.60245576141017
2005-02-28 12:52:23.913796052,1118.38182581528,248.9551701114846,36.379808977960856,143.42781782446525,67.61807092995122
2005-02-28 13:02:11.603414166,1091.9424436806792,247.0638175737438,36.665333174722534,144.93071449057837,76.72132246703246
2005-02-28 13:12:52.390925972,1053.254510878618,233.99808263504463,35.993628751788584,131.71112862515128,70.11150628980948
2005-02-28 13:24:40.869405961,-114.29961278087183,-2.5288623146046936,-2.2814213505764585,0.01794709214379612,-6.252198409295683e+18
2005-02-28 13:31:54.271589575,1052.9591423554716,238.254305980067,37.516091937773986,144.93422734726406,73.7782352102485
2005-02-28 13:42:26.317894601,1034.9356986407943,253.28474018571225,36.54147307102567,132.89954142605023,75.3455000743013
2005-02-28 13:53:55.598172353,1061.840491617522,232.09925499820758,36.45499641818479,145.0450062733921,65.915348436797
2005-02-28 14:03:09.204722198,1124.483369866984,271.72764021262856,35.31454880469481,143.16024415200945,77.40167442857492
2005-02-28 14:13:01.155604063,1075.063907015661,228.30549940904982,35.3534230863549,126.94001603188869,76.56171790488857
2005-02-28 14:21:55.177582947,1023.3419855173976,252.8677726317907,37.187128274661625,141.5735372497431,77.53888537427659
2005-02-28 14:34:44.295136188,1055.7178817987663,257.0654970954828,37.363337143749426,135.12793728110475,68.9945582350407
2005-02-28 14:43:27.012992837,1057.2368905086007,257.4206754666075,36.244950528198466,147.5258368174296,77.04296119245218
2005-02-28 14:54:16.495035388,1081.194791762061,263.2062415606665,34.99594348705963,135.99041793275848,69.7493357255318
2005-02-28 15:04:31.468701959,1159.275715270578,244.9289155016209,37.0455888992272,137.079903000754,70.8313964319882
2005-02-28 15:13:21.214649140,1073.951919045935,252.69544188378526,37.14073098974601,145.62246400547082,72.40033044983146
2005-02-28 15:22:08.742974421,1060.2161954029798,257.60378866279547,37.749232502834715,140.86603205081084,66.79191074108533
2005-02-28 15:35:36.665294767,1079.4212204892206,235.75309501080554,37.61296043105625,144.03362629388724,74.80338670876078
2005-02-28 15:42:49.755457430,1058.0364537797302,251.30713833437147,37.86227332869895,146.5311623700947,72.88683587930674
2005-02-28 15:53:43.489526910,1015.6882571233275,266.5707676767208,35.202008564313445,148.09252518919584,75.3464688612272
2005-02-28 16:01:45.345247522,1021.8880497840956,247.32646549600727,38.32024906618429,149.52724740936915,73.78166552617087
2005-02-28 16:12:55.254923199,1177.5192779806464,246.86284737599513,37.20877713355402,137.26945490161646,78.24449742946783
2005-02-28 16:22:11.289947831,1037.3415420238528,236.02252276918745,37.73091871949988,148.39706427486763,75.61284980297499
2005-02-28 16:32:07.208854403,1064.8915687255678,260.0380845607216,37.652537126917856,140.9722520080585,68.89456188667127
2005-02-28 16:42:38.910997233,969.1396964796525,256.5566396466405,39.54460506592769,147.82129916008782,77.80183853924724
2005-02-28 16:53:50.471837152,1039.3275500876853,260.66659224037716,37.10760573981143,145.03454602329688,77.6765167030286
2005-02-28 17:02:42.881349091,1140.4304312457748,239.30360787562415,37.07639692784209,146.31291759759358,74.20606479258673
2005-02-28 17:13:25.274910480,1044.7887746224087,227.79558883498464,35.87763495888947,143.91824031398517,71.08857235845231
2005-02-28 17:22:01.632424545,1023.2625181789593,277.4720706546426,36.10195219430886,148.01801070854208,81.24859882404758
2005-02-28 17:33:04.471778602,1060.2940389518976,262.45229402489696,35.64675036754068,146.2775507475829,85.35823031517624
2005-02-28 17:42:47.163763737,1050.3212858947516,244.09669478235543,36.16341188535166,143.6721278252044,73.11632785581169
2005-02-28 17:51:21.082264136,1104.5476355798987,253.11437331125796,36.42447783052509,144.3548538609599,75.56825141653454
2005-02-28 18:02:28.933131650,1144.3103630782227,264.4821985645628,36.45881336725808,141.2391419577378,71.7752314439668
2005-02-28 18:13:23.447473976,1013.0634332188321,256.825875572009,37.67115777892109,143.3576207137392,80.63949545005876
2005-02-28 18:25:20.023471627,1081.5947344238984,245.50850737137762,35.410792346135125,156.8199522931742,78.00777153828302
2005-02-28 18:33:37.512596012,1054.2229483587623,245.39940282753003,35.10785844911228,154.47719453166175,75.88583357464381
2005-02-28 18:44:10.757884821,1014.6564797449744,247.4621304299182,38.15868924952088,147.87019963094266,79.7813208972808
2005-02-28 18:52:32.632270050,1069.0284950882249,263.05198946587876,37.43141123322015,145.84520968371137,83.9626290300849
2005-02-28 19:04:06.710439622,1163.3353479361251,254.20297875153128,37.8892844050158,150.13071260655877,72.00421804890564
2005-02-28 19:11:02.649048449,1047.229834960491,233.05256244725703,37.8752260956832,145.66745225813509,77.34389788430121
2005-02-28 19:25:27.043247551,1010.5046882545016,265.9477014295541,35.67410843941572,146.9789960733947,88.82300813540104
2005-02-28 19:33:06.097263618,1053.7084595135586,258.6310760527273,36.06777748577067,150.3398730247724,80.61305159504585
2005-02-28 19:43:19.367659854,989.5648161295621,235.2846777742328,38.52073111952759,149.51934230282342,77.9589094012224
2005-02-28 19:51:35.964151456,1095.3805544789757,271.86610430433456,37.425940438602815,147.4627926963421,79.15024699153717
2005-02-28 20:02:01.411906589,1103.145563863743,279.94522862951544,36.95409523561889,145.79385186854083,77.51205231997147
2005-02-28 20:12:35.529009922,1065.7428878770224,247.54052539733988,37.579526545638366,142.39874877389948,73.52046129671002
2005-02-28 20:22:35.312683250,1089.6739110885965,243.06778892760454,36.492781895327965,142.52038787746096,77.22387826041405
2005-02-28 20:31:04.564620705,4762931860268032.0,-1271240389.0026584,2.9130179260384005e+38,1021572.6348503042,1193137109208.8027
2005-02-28 20:42:35.333424767,1112.4124309131257,252.51121813593676,36.31177443770315,135.542408432738,78.04411693601922
2005-02-28 20:53:22.384980221,1093.0092320788247,267.1180492899005,35.96784382379381,143.2296380535582,81.47070440275826
2005-02-28 21:03:23.146955825,1023.9855141535613,261.3799379635176,36.79363804958357,143.86477519404733,85.01804874742008
2005-02-28 21:14:18.601931113,1101.586484624557,254.51110047388872,35.98258643111222,139.59743909722198,74.3319737143078
2005-02-28 21:20:50.617177760,1076.4440773749743,240.33830704674372,35.90758021765391,145.58630233477925,75.89312770125255
2005-02-28 21:32:17.240111374,1158.618825535152,245.47898566554576,36.89432578379274,137.65757770846886,77.28042890028709
2005-02-28 21:42:23.275634921,1096.3107231751378,241.5672171766714,36.52617253422139,149.8442082916712,77.61656181928659
2005-02-28 21:52:56.697077754,1021.5332203901726,261.4014633311892,38.3768818495051,136.41665135580925,78.87403335581182
2005-02-28 22:01:25.490590548,1122.2316472310101,251.42018896252907,36.141485180313474,136.694049274093,67.158958162239
2005-02-28 22:12:06.960762772,1089.8879053969504,235.2210198039556,37.36476288076666,142.7975665568157,78.30609371684969
2005-02-28 22:22:17.707417735,1025.607742005448,247.9005432469248,36.7139837238364,140.8788346777887,79.9372939788426
2005-02-28 22:34:11.720963241,1066.444586911309,248.66821605349892,35.50447157198422,137.2207533756386,74.90759125675099
2005-02-28 22:43:56.041778125,1022.2870725434518,255.14209063727776,36.3462540338692,141.21872553997105,79.54999586193344
2005-02-28 22:53:41.908558474,0.5102106128757581,98962367.5557083,675.3873404449322,2939.5256699420074,-2150404497805115.0
2005-02-28 23:03:06.766463936,1001.6874718162196,254.25731155128625,36.07695372016147,133.9932531900526,79.47696862523331
2005-02-28 23:12:34.768470556,1070.5103491013854,251.3913067579122,36.37667632328534,138.65848836582074,72.45682940551751
2005-02-28 23:21:44.515325582,1091.6055010658458,252.1337127661438,36.94766768970531,148.95234701448345,72.74760718977514
2005-02-28 23:32:35.478301730,1107.8342698883857,257.26269983903524,36.247284255459704,136.18878658242977,76.1457740904258
2005-02-28 23:42:20.727465749,1093.901058336628,253.827969921087,37.082743481454756,137.41808666859708,75.34111418149226
2005-02-28 23:53:24.659983154,1077.7654541340692,250.889570528152,36.70081010266014,141.91343626849954,76.05099163063466
2005-03-01 00:03:54.529846390,945.7264082112242,256.7521949686005,36.10515585861725,140.27961384061527,69.18299185638823
2005-03-01 00:10:06.142329848,1138.9627813887282,251.4819111151252,35.50074246877586,141.5770621774331,76.78776689500317
2005-03-01 00:21:11.434601394,1049.7320703082823,240.18236488591597,35.47132328545356,140.41892799524993,74.88486595073753
2005-03-01 00:34:31.617121330,1054.7022084864266,260.65649373567567,35.736092782840124,135.62370546989385,75.84708041001059
2005-03-01 00:42:49.614812181,1029.009209631874,253.1251812792323,37.73396093210932,131.23315700644056,68.03744270665071
2005-03-01 00:52:20.150433608,1102.665380560286,255.06302050661145,36.784092693690006,138.92204356718193,83.76348307664077
2005-03-01 01:02:19.171279141,1144.0988606745386,248.21978868674353,37.74497273858182,138.06830782616325,62.56204431307533
2005-03-01 01:11:38.273032240,1029.3453156426046,264.9745867792173,34.546096665790024,137.80663211399852,77.88357146475387
2005-03-01 01:21:04.744844650,1037.6345818876612,240.60867035163227,35.6212637427695,136.00265400975402,81.26964080579043
2005-03-01 01:33:07.980617954,1127.9243449964906,241.24311798818417,37.44922312231936,147.94054159155755,76.09250527927713
2005-03-01 01:41:02.881314386,1125.2889621610518,243.71814470034838,34.782785895555406,135.47760430607687,67.55682606251509
2005-03-01 01:51:01.651410082,1143.802175733457,250.90375993859655,35.53636057595547,137.07009406121009,72.71046079488025
2005-03-01 02:01:29.717208836,1111.8486496784078,254.0935473373541,35.45805344062085,131.84962237473792,74.47176653390028
2005-03-01 02:11:46.603070749,1073.4641842796607,237.45496686791776,35.29132592524355,135.94186972809982,65.70027541612002
2005-03-01 02:22:14.678313942,1155.1388056400845,260.4685022778731,35.693094995051695,141.482339275262,73.93358532977055
2005-03-01 02:32:16.520733716,1152.4980795208417,259.6765931762336,36.275902631367295,143.79730104119866,72.93316887368889
2005-03-01 02:42:54.467027989,1058.2132157971118,251.73508902639662,35.78426267200204,136.73450011992756,68.99689290926788
2005-03-01 02:50:42.798210075,1127.2686173613126,224.87749733598312,35.32537897493932,136.957377322544,69.81430735938196
2005-03-01 03:04:50.996751599,1055.2103094659674,264.3367067809634,37.17144848928261,127.62746538767804,61.21759405240708
2005-03-01 03:13:34.220546140,1068.7402413630944,254.76292667524507,38.05662782533555,131.0176036312749,75.15504298173153
2005-03-01 03:22:54.290639427,1138.148597568683,241.72501179947258,35.84883948494901,135.76867659929624,76.38287554030919
2005-03-01 03:32:00.827261081,1115.3012162990653,252.36072821526753,36.769406326658746,138.61888206580545,73.97302286022212
2005-03-01 03:41:49.262933067,994.8198185062716,231.7852121319564,35.45023411146519,137.42523130936095,65.86191044004877
2005-03-01 03:52:24.214185227,993.8945040312176,264.3782910548246,35.5185647716481,134.8320373390743,66.94315126412845
2005-03-01 04:02:52.836384500,1052.0556614069008,261.74904883596247,36.273832602479146,135.96810799237943,63.673199834817915
2005-03-01 04:12:06.404327219,1054.786027566963,262.0805575534385,36.18116209171113,124.56781993267728,65.75793200515075
2005-03-01 04:23:19.303182163,1115.9241199033384,231.35848149932002,36.11956829351909,135.38276182791347,63.10880263871091
2005-03-01 04:33:30.931899302,1012.0039408446191,249.7632044116236,37.78583195296292,133.21201374285917,73.23857397554221
2005-03-01 04:44:28.011531731,977.9287581959318,238.83938632884855,33.63747655565274,133.14506741719086,71.46634249057699
2005-03-01 04:52:44.731417083,1137.5086783928862,241.2748665421634,34.32864133555792,134.08420608982848,65.96549357208293
2005-03-01 05:00:08.329487929,1041.206933510842,242.7638565587805,34.64409489165794,136.3046798271301,67.41398118718777
2005-03-01 05:14:51.824570878,1113.6280258866052,254.21463277079187,37.21192959825408,130.94764117746905,72.60049401577182
2005-03-01 05:22:45.783264680,1116.2781288522401,268.0250976094821,34.55187781331669,129.82970233067877,60.16179382415001
2005-03-01 05:33:14.145600421,1106.7225701334223,247.25282212112268,35.77001357385353,127.52517251575617,72.35585122204799
2005-03-01 05:39:53.720834120,1099.567277073126,246.78911791416454,34.930631717992085,128.7132138165768,75.69791960356031
2005-03-01 05:53:05.778769188,1076.0677716060559,255.07220605533743,36.63896659759349,129.28538411345505,69.47140660587985
2005-03-01 06:02:41.275876009,1073.2052220491973,264.81088713511684,35.611990810886006,130.1971418484421,60.82388193523411
2005-03-01 06:12:32.002593588,1179.219016189676,231.1986723419959,34.93553514437927,127.88741249310166,56.68976654589538
2005-03-01 06:22:33.685636654,1022.2005377848831,258.04110378602536,35.94640033089498,128.11835808005236,73.21710767579198
2005-03-01 06:31:31.012165780,1087.5959745789696,240.2611897793955,35.9811138182325,127.88471238422377,63.134307369343006
2005-03-01 06:41:58.003301689,1053.7278522215688,253.00743710248696,35.32620648271722,136.19718645318113,68.93907086831919
2005-03-01 06:52:03.621520810,1032.0756980164288,242.49006379401854,36.108096657287554,132.8453368107412,74.64823470880789
2005-03-01 07:04:19.805264884,945.0826840781475,257.52106993701125,34.104186188054136,122.78379836119137,59.70606483782863
2005-03-01 07:13:21.260639100,1035.9157975532064,253.5094032464567,35.87818549276437,130.07754079226865,66.17534572251508
2005-03-01 07:22:00.506520574,1027.701015535827,263.30530387420606,35.03665079278955,129.60717434104748,63.60269397692352
2005-03-01 07:31:18.512117324,1099.4830599548807,266.41737319915933,36.607807114382595,136.80396955111019,81.61783890463757
2005-03-01 07:42:00.722466592,989.6984527108388,268.7008722559991,35.83380927484091,143.0589399961099,71.97546062669576
2005-03-01 07:54:01.764006191,1136.3205870869783,259.57990474059346,37.72926941925354,135.36416582911835,74.71178591580134
2005-03-01 08:03:02.446518415,1054.8193080630629,233.2038906777153,35.741549559756066,146.15714994640228,59.87687041551123
2005-03-01 08:12:33.553824595,1051.7545577098408,243.18516977080276,34.978436556782746,128.91419512855992,63.172091961775415
2005-03-01 08:22:12.723992470,1031.3099537141843,258.97056170183834,37.68157248539276,130.23197462445935,69.30917348927905
2005-03-01 08:33:55.597074503,1054.556547697644,243.95669552216657,33.77710599672727,138.14401120062735,67.23673800010849
2005-03-01 08:41:48.211585524,1094.9699949154626,252.17735038723427,35.07391017160267,131.84510818313677,73.22256253280358
2005-03-01 08:52:56.081578819,1064.5004402602813,256.60538571765153,35.14698887944319,144.2416305814773,74.74344398922489
2005-03-01 09:02:35.047185669,1104.561955229095,256.5660980818209,35.25460723042093,134.17017825351064,72.54224793104687
2005-03-01 09:11:48.721877390,968.4017682366159,232.66538475842816,35.89646290497757,130.7656584512,69.75402836486056
2005-03-01 09:24:24.449566559,1127.6344471030768,249.15548075513365,36.38917558597253,128.33093005838677,67.2445035751382
2005-03-01 09:32:46.471113053,1126.2590330649596,243.61313836019312,36.05848624600755,127.27797633924828,65.9628688142257
2005-03-01 09:43:22.029286700,1073.2993463998976,269.5446960209994,36.274017472786426,136.0336661240497,64.95265073950539
2005-03-01 09:53:04.751458890,1002.2794404159937,258.2261611145108,36.37641948858416,135.7699641230245,70.39616893966988
2005-03-01 10:02:33.521118431,1070.121087822165,251.92445293300904,36.07533457515375,129.95003498028692,69.7479529878671
2005-03-01 10:12:50.203347522,1076.699285360646,244.84875572196955,35.68660065349315,129.07845760048002,65.01950348009052
2005-03-01 10:23:53.151390243,1071.7416608452081,265.8923359740806,35.88738425450279,130.65403757617673,66.7428223364345
2005-03-01 10:32:52.088839510,1022.3364372235741,238.98566627453295,35.612580512905026,138.75870320263192,65.21565246321595
2005-03-01 10:42:43.009221787,1013.3100159864499,249.58530427152058,35.811890445329325,133.5785453621827,71.32283869484901
2005-03-01 10:53:02.715179881,930.759783005535,248.4323515070067,34.38673421494457,136.340278143154,59.86869763504189
2005-03-01 11:01:33.780555269,1027.7191900528564,248.9360909694797,36.39897341078619,133.59589107101962,58.82501567259047
2005-03-01 11:11:47.296030639,1067.103417626955,267.95633131238986,36.39501930889405,133.87658353004176,65.86259989485904
2005-03-01 11:22:13.709259726,1129.3747453124124,244.20477178583775,35.96021900414801,135.06112439974856,63.55366208306694
2005-03-01 11:32:57.968784100,1067.4849839844442,232.73734191026256,35.58143661956344,137.09600178551034,73.92258325049035
2005-03-01 11:44:01.813362952,-50127547.20681054,0.37678342273976423,-98.2995256874417,-7260641926.705139,101.83019617907865
2005-03-01 11:52:06.737055361,1018.1985696139456,251.69305224910698,35.569306606916264,135.3716008825942,74.51259958221084
2005-03-01 12:01:05.365286901,1028.963821885478,260.36389787207463,37.89883111523381,145.76618722409012,66.67855196502416
2005-03-01 12:12:06.188811988,1034.1946764622576,261.5545148987475,35.635036186661836,130.40617084526895,72.751639687687
2005-03-01 12:21:14.481831503,1061.1557974547256,252.68585369164893,36.0842714352825,140.38941021980833,73.76817676561592
2005-03-01 12:31:01.669067079,913.6355553436169,248.82586943552212,35.888055407208924,144.35699494034696,83.52342318092047
2005-03-01 12:41:54.206039939,1030.191750622077,251.21011813712917,35.69040264553074,144.2798693753098,69.29355282322443
2005-03-01 12:53:29.250274635,1083.2076278841887,255.71362851198344,37.79801996356432,142.48711591397168,66.69345402909491
2005-03-01 13:03:12.870246106,1119.7543305835054,238.6064513423084,35.672626050079074,130.90654580345503,69.67978449863018
2005-03-01 13:10:35.625817733,1098.3274515920637,253.20952252484952,36.10203234156065,148.93149706339497,72.7899610286368
2005-03-01 13:23:38.543126559,1010.4287650307339,245.88851178370103,35.04854104797885,139.48809635832268,68.34530266487197
2005-03-01 13:33:29.536420596,-9.79461146332786e+18,27336052.942404997,-0.40276522552755384,-5640934032.846171,863148984.9619634
2005-03-01 13:42:48.087986493,1091.2857807564196,248.3469071402698,35.77250229616975,138.51557614546948,72.73226160692175
2005-03-01 13:53:17.246144302,1099.2041980846464,247.23170412688228,35.49252935880455,137.33279145230668,65.65445135136548
2005-03-01 14:02:36.213233079,998.5700561237936,257.3429919832855,38.10968336920284,133.18169624250794,74.69168700344834
2005-03-01 14:12:16.288029587,1036.0799486838469,242.01916457778768,36.68720623340323,140.1100688561974,75.34608669373928
2005-03-01 14:20:51.093452771,956.2037079081364,262.81580995728814,36.884704310690466,140.84702470809086,71.90079894171825
2005-03-01 14:33:22.813781569,1056.6909903673122,252.46472734678028,36.850642590943245,143.7599423389631,81.1571063341662
2005-03-01 14:43:17.213227079,1034.282554897066,257.1455311966312,35.934772723963526,147.7986116487651,75.80470590730154
2005-03-01 14:52:02.017603919,1077.6087120356,240.83697704892123,35.594456829905354,144.6584539041482,79.45175335100072
2005-03-01 15:04:34.018796795,1131.8472029655825,252.1481732558874,38.86010523476296,138.2911329274062,83.23402111832951
2005-03-01 15:13:24.940593464,1091.6332634754406,250.46058884389177,36.67640422113372,145.11945219754665,75.842691058014
2005-03-01 15:22:46.215728484,1108.4535541886924,238.78426714922776,36.844766444795496,144.75559419066306,76.02489700427245
2005-03-01 15:33:44.815772724,994.8145366605643,253.45588446018135,37.68421461134033,142.33030882361953,80.29541581780181
2005-03-01 15:42:37.626030254,1040.6371599560337,241.8042982416541,37.68967918099383,140.7731372258021,74.67091556473201
2005-03-01 15:53:44.869545140,-1.0070861607573311e+21,-15715.890407158458,-308197988555.8221,2.831007910818231e+16,5.0372227383913195
2005-03-01 16:01:17.706250192,1095.953659025676,256.03012889928283,38.59632093954096,141.64365341029728,75.99754092951484
2005-03-01 16:13:24.011660247,944.3364836042125,251.20564953851047,35.83329978255282,146.60296676623608,72.54304398070758
2005-03-01 16:23:50.957079087,1035.6037848039186,251.53830379615042,37.334870139509995,145.95550894858042,79.9278313811416
2005-03-01 16:32:15.883602628,1113.8031773055507,259.51565894419986,36.08610029152069,139.42102193447764,76.20862769634938
2005-03-01 16:43:24.639276001,1025.3712351280149,256.37220210401426,36.55823750113404,143.72984226177994,70.32683201403847
2005-03-01 16:52:44.282606447,982.7448500323734,-1.5607591604558504e+21,-180121450.2063093,1.1306160750980023e+18,-1.2477485355609193e+23
2005-03-01 17:02:00.327984479,1029.5599171973383,256.23487579838707,37.365417580633164,140.41597047050598,77.71126967473604
2005-03-01 17:12:18.964954915,1126.1841679529377,255.89568665866906,36.98095542534406,138.2243558402798,65.05180789048394
2005-03-01 17:22:06.669183477,1112.432833645592,254.6799279235779,36.31433665036139,142.16974078967334,82.85347731898038
2005-03-01 17:33:57.595556727,1001.942896389546,230.97621120774835,35.22710500186727,141.56967264316557,80.21751284052691
2005-03-01 17:42:51.585609445,1036.685021620879,255.73545007508403,37.85062298033136,141.6235054948902,73.25070500046829
2005-03-01 17:53:14.334841061,1177.2411988516574,236.565244915066,35.55078319292367,150.55942232402754,76.21744230685884
2005-03-01 18:01:25.221087783,1059.3566795798313,255.08007776462662,37.46450299429294,148.07495123296098,77.44709892695504
2005-03-01 18:14:17.726679264,1053.4216789735724,247.38997316700105,36.51639439374518,140.7901923397628,76.47954932129593
2005-03-01 18:23:16.787834851,913.470338122792,258.14852964227765,38.279806592185274,143.90520137182148,81.03647946095492
2005-03-01 18:34:05.819509842,992.4508776680473,252.34839101416898,37.27494857822521,138.31493921582492,81.01223598891619
2005-03-01 18:43:55.481911185,1055.0546714539453,250.6455119986556,34.64854472480353,146.10691492118977,75.22824741791774
2005-03-01 18:53:17.904150797,1154.8340137123266,260.4319786775287,37.0564435134367,141.6833323590042,83.527777882447
2005-03-01 19:03:37.661498626,1007.524474654143,262.0826754515647,36.807457823634785,136.67893577256575,79.77369172074862
2005-03-01 19:12:28.283017227,1075.1469261252953,261.50691445196736,35.93448948049566,151.90882615712263,80.58810681936855
2005-03-01 19:21:47.996743127,1151.6550302924832,253.0430390376599,36.894068589384986,147.81342866548115,70.88139799191188
2005-03-01 19:32:57.180104616,1065.4404675654414,270.94052659418315,34.89610515886158,145.17785780928563,67.79916974982324
2005-03-01 19:43:45.538634855,1107.9353296294175,250.78840286332513,36.43966518014868,138.4710349338521,73.47760248200014
2005-03-01 19:53:33.631358523,927.8187094198029,255.06585740238728,36.392313972237595,133.5092521424444,75.64842990123557
2005-03-01 20:02:53.591578033,1128.1422129519394,272.3865014588003,34.071974338681635,136.16482245282887,74.63513416658431
2005-03-01 20:14:21.590727826,1049.8771041228763,263.0869408770748,37.65685263283469,143.26539842242076,72.87342085541468
2005-03-01 20:23:39.670208876,1078.0832591797705,260.4383446937841,36.57574198929692,144.46216433726542,81.3576156779449
2005-03-01 20:31:13.529358010,1067.4400830257566,258.57418363472084,35.46940818750645,139.69678682427843,79.50510149844443
2005-03-01 20:43:40.863411436,1148.187670884639,252.0813805466733,36.01399698356462,142.79708132255985,72.04258797232674
2005-03-01 20:54:05.605688158,1141.6630163051566,274.8262555227655,36.06441065046182,138.74781873052163,65.4810294588512
2005-03-01 21:03:10.877591703,1077.4275670873697,249.34173376380116,36.90124752207626,137.21450687314194,77.10375638741444
2005-03-01 21:12:44.585579456,934.2029112178793,250.74827566599348,35.97945164587642,144.87566313473044,72.45232456308918
2005-03-01 21:21:27.057661513,1101.4237630356088,244.36124431855478,36.8361430173636,141.03658198411904,70.75542470047586
2005-03-01 21:33:20.866244830,1050.0589085614574,259.69149250908384,37.40079508521364,140.2849402389411,72.96585570468457
2005-03-01 21:42:57.947024848,1133.886370394972,259.5717234876253,36.29189824236335,138.55271660465345,69.60857193589612
2005-03-01 21:52:32.054313054,1088.5772315112322,249.1968395683154,36.49648794285426,138.86271834170668,74.90465734083885
2005-03-01 22:02:02.020712720,972.87933049519,252.96660912853073,35.88847263778285,151.26599062476816,72.48540277495968
2005-03-01 22:13:35.540214014,1068.7842633591197,259.11517017055115,38.22220172970551,143.4995809583223,78.7290544227918
2005-03-01 22:23:05.703316301,1112.6006360264792,264.3524702259275,34.8104346726058,134.42060244115723,79.15912707063148
2005-03-01 22:33:32.306126736,1080.528195061223,261.37188536195976,37.42534036517416,148.04421959102,79.21725042005096
2005-03-01 22:43:56.115029159,1061.3633446440597,247.78974264421637,36.15252723671591,136.1822549703175,73.15985921477889
2005-03-01 22:52:32.618108603,1028.318917383766,257.963261508758,35.988910977403314,141.14081582506336,75.01603830965355
2005-03-01 23:02:21.163311948,1016.8479885261472,246.68748261668014,37.308758663013045,146.12997073718074,81.1705223752429
2005-03-01 23:13:09.458248906,1043.5825942656893,245.4873349816606,37.86984439897149,144.19821292259257,82.55850034218034
2005-03-01 23:22:47.317694360,1045.3616341649413,267.7107256828139,36.490232085977915,135.0255671189551,75.69396814444403
2005-03-01 23:34:35.694840742,1115.58259044407,250.68222547952243,35.94964423668456,143.7744833701434,71.94406443469343
2005-03-01 23:41:12.715714679,1116.307537732568,253.67371506751763,35.60509835223944,139.382880227779,70.00790724829982
2005-03-01 23:53:26.467296266,1146.0054543463261,248.74102139717127,37.77250364215357,138.555171461545,69.33184974109915
2005-03-02 00:03:38.883581969,1081.5808646285552,260.34588754566215,33.955508863043725,144.33754229821267,80.13299438503401
2005-03-02 00:13:08.436890714,1101.1714576251063,253.11332468145,37.49898330562386,136.04491969074047,70.05867788777952
2005-03-02 00:22:36.474562377,1092.234123896545,268.2503346764806,38.16550153376013,137.7871809557052,76.0942332884519
2005-03-02 00:33:04.011269422,1133.6127901981426,254.4009876495179,36.31639142409329,138.52007286155003,71.46204492690859
2005-03-02 00:41:52.223496862,1023.7036107214086,243.3212983834272,36.91624666207846,142.54096854532793,73.88732198015646
2005-03-02 00:52:01.603754146,1019.0601569238908,240.14231033995233,37.12486438070434,133.3319222029662,69.52468089198078
2005-03-02 01:01:18.263311735,1089.2752601956458,259.37877846660797,37.85595917618692,146.80005776094308,78.78748403332042
2005-03-02 01:13:27.953211671,1071.9049030318981,252.02648820043385,36.914336273387676,137.77422954936364,68.98676237120652
2005-03-02 01:22:15.894197949,1145.41854771796,240.67146802088058,37.01868855595019,129.35823939194398,64.66073872547706
2005-03-02 01:32:32.546420830,1059.6801276087506,241.09702074068747,37.11529796740469,136.14843098563014,71.8172609445564
2005-03-02 01:43:32.060870356,1057.3919901326053,242.8255673472204,37.169284013557785,140.65363519689333,75.69899632226057
2005-03-02 01:53:11.715129704,1041.021464498232,251.39882141500973,37.69151092844223,133.26667950849185,72.5953056092479
2005-03-02 02:02:36.472030064,1120.5993476952049,245.4777380379628,35.52584570487793,136.4457266118232,70.83832939322332
2005-03-02 02:11:49.897971063,1057.871927073459,255.867456414635,35.91579706434893,133.69641251455042,68.59994372816283
2005-03-02 02:23:25.640759491,1058.014246049823,264.60425395252264,34.51405646037352,134.51271386488784,64.65332670539689
2005-03-02 02:31:56.841403555,986.9128773731181,264.63089286707884,35.60428229655826,131.88056226584996,67.71227724244191
2005-03-02 02:41:46.565984486,993.3291650944311,252.48795503483183,35.05650809133384,137.46331229878973,66.99494558188381
2005-03-02 02:52:48.701077249,1130.0124697799279,257.98598987574184,36.94527866073081,126.91930884916975,65.63621342490137
2005-03-02 03:02:31.489377212,1065.0654377284898,253.60622299742212,35.85022072021709,130.44303192681664,79.24496171376215
2005-03-02 03:12:31.277726082,1073.5008857844389,242.29232827506723,34.36800197162812,133.03250552682206,74.62523769687822
2005-03-02 03:23:13.518566979,1001.0116604886207,227.4537801298892,36.48455470607022,134.70789609950856,69.17160696010704
2005-03-02 03:34:28.673204716,1151.6907465143936,266.60306156722135,35.43986468016859,141.46922967686731,68.9206709291271
2005-03-02 03:42:19.592748023,995.3642988072598,240.60014570248075,36.87426288193199,132.40685862997165,60.67613178449491
2005-03-02 03:52:56.356848312,1074.888423605181,264.32472648977506,35.4443728806174,134.56150648403315,73.26733365641265
2005-03-02 04:02:23.790631333,1025.2954765044772,253.65299339335348,35.30836388588193,134.55371361125992,68.39572843190498
2005-03-02 04:12:27.083665106,1103.6196564422987,253.84680202837686,36.3713149357182,132.0712291639822,72.27979795930746
2005-03-02 04:21:03.725979806,1024.3873581553682,260.95343481509394,35.006370763975085,130.72924642852894,70.51299765757294
2005-03-02 04:31:13.941943119,1021.6361606170767,249.20647481684537,35.965493905824545,128.71203109488079,64.3199995552391
2005-03-02 04:43:39.772044241,1008.3194071994035,237.29192704694938,35.64915724112287,132.54489312970273,78.45099562643985
2005-03-02 04:52:53.429550438,1100.3638421300377,258.49740150235334,35.141718307775086,135.7689302376444,66.71927415076455
2005-03-02 05:02:05.452146553,1067.1145985959838,258.8135343009863,33.19966974571549,133.6743751353674,67.39680728245415
2005-03-02 05:14:51.559295771,1061.2967451560014,234.32378416282847,34.26143815283919,136.68771610206207,70.26988783172405
2005-03-02 05:22:31.424106409,1125.0942027278702,248.66734315092205,37.298594179847385,119.01404704693587,72.01353301975445
2005-03-02 05:32:49.353912950,1077.5281651556015,251.5264050061193,34.82366468659917,126.61808349080863,71.98673697673475
2005-03-02 05:43:19.584692659,1000.5338959902044,237.02031579947595,35.99132361179473,129.80420650818712,68.35757174160658
2005-03-02 05:53:32.349024115,1102.5179031265493,253.63994565801625,34.70369534662835,128.46641857883498,70.17963752720581
2005-03-02 06:02:15.663686530,1104.462841861951,236.1860645722157,35.214211900965154,125.04820412357081,66.67131738054968
2005-03-02 06:13:50.329934392,1113.0797017811187,235.53838519613657,37.405788321135965,132.44070128177873,64.10326536969893
2005-03-02 06:21:49.960969715,1112.0535611780645,242.7996276154283,35.248040075870854,124.42105444498041,66.54878132812851
2005-03-02 06:32:15.733044899,977.2404277329305,219.99186495858635,37.43119465157502,134.29224858391788,67.40799370200416
2005-03-02 06:43:31.973115372,1082.7211543462374,259.38830144721527,35.73783503855539,123.83593118150577,70.13828198335537
2005-03-02 06:51:57.275884958,1040.1870011294252,255.8157108789131,36.46716404416572,132.68010819465906,75.54223364383395
2005-03-02 07:02:23.521831125,1004.0913321943468,235.78788049819045,35.88016672313493,132.85562567579328,63.4090083611226
2005-03-02 07:11:43.260872445,1067.094188038118,241.6981583478475,36.66185848720794,123.64400151018768,62.36380119373712
2005-03-02 07:23:22.420975524,983.1394450304361,253.98316101285036,34.72327491358793,128.81113798218556,66.1128723008623
2005-03-02 07:33:56.128801411,1032.8613914379637,234.965445533253,34.17415925061442,128.91777841006808,66.48343006624117
2005-03-02 07:42:59.180629891,1137.553991335016,252.5763009097631,37.10130757819541,131.7102587075019,60.78146525360493
2005-03-02 07:51:04.530968682,1031.862996772866,241.25610229536068,36.01240345744996,136.69444350310818,66.12497540902257
2005-03-02 08:01:47.263070078,1093.8126458273819,265.7521303114763,38.31425151630983,130.82293338318343,66.86863792235468
2005-03-02 08:12:35.090351856,1069.0973349073154,254.38738366492373,37.792358966100075,125.73665552552978,64.96851718529814
2005-03-02 08:21:32.786078001,1008.608182465272,248.9838258606329,36.636926170448,135.24238542908904,70.7774637383932
2005-03-02 08:32:33.475487411,1054.9620958799887,251.75002908261402,35.912870609138864,138.51507582456782,71.53467448588641
2005-03-02 08:41:16.413192727,-1.0542948734941517e+17,18461099.384530492,-2703369620870.158,46.35113530285281,366015.0370188278
2005-03-02 08:52:25.049067020,1088.216808229883,247.12373753725092,35.57311283544398,129.76375204577903,67.03274012716847
2005-03-02 09:00:43.058732520,1067.2082395216014,231.8546495689658,36.54212619464055,126.69676675647352,60.653020034460354
2005-03-02 09:12:30.168946647,1107.5393448482089,240.12750962953038,34.80171335055273,139.7102459454998,71.25355581022477
2005-03-02 09:23:07.907596030,1085.599805085872,263.0145390157944,38.19756396330721,128.043638673817,71.12753036740521
2005-03-02 09:32:16.306765649,1023.9316427006771,240.38134997757385,37.09202294355997,127.46596188506584,64.41413865969369
2005-03-02 09:41:52.629734212,1090.4177706322298,232.50937214958077,36.325690184037704,135.47003237327777,68.47832577140896
2005-03-02 09:50:16.268303801,1152.56855262279,248.65707664305546,36.48479360618336,133.64970057887163,67.230616273236
2005-03-02 10:01:30.497868818,1002.7024848794432,242.55371683540082,35.46772356584295,130.54417887662294,72.30994511528749
2005-03-02 10:15:33.529690590,1027.3966299073716,236.58714312039857,36.55649170218086,143.40087360965714,64.00623669921599
2005-03-02 10:22:48.542070071,1067.9700483880422,232.0630459515148,36.135329881183665,131.87994586917833,62.02875766181595
2005-03-02 10:32:22.245473941,1117.7378480922919,241.3827911590144,36.70005852369875,132.7496274558714,73.90563888612365
2005-03-02 10:42:56.949267017,957.7261290084142,248.59426999322642,36.39568447388306,131.09758022664917,69.4021356868063
2005-03-02 10:51:15.437516109,1133.5748864519287,256.31852885262134,35.340137236028376,134.37148979731046,71.84145278842307
2005-03-02 11:03:41.397319748,1069.8848291104725,266.45543256623375,37.13329312058351,127.70536542034571,73.64320015452869
2005-03-02 11:13:20.386669213,1105.2796675703737,253.1921918390208,37.221138935652874,135.18762834893175,66.58071409721708
2005-03-02 11:21:48.818602875,1053.8719349843839,259.55108685454036,36.629055238029046,130.09710704497024,70.19702889063669
2005-03-02 11:33:24.239088098,1088.704168750547,239.4444493473555,36.45238084048295,137.72819281971096,66.8449719223129
2005-03-02 11:43:17.378618054,1118.7613975529755,269.4356888639831,36.078726841475714,136.75944086455846,72.59784800232376
2005-03-02 11:53:52.816534969,1040.769690312781,236.93955875895514,36.412876955808215,137.59206286288688,72.10346567489209
2005-03-02 12:02:07.565845636,1017.0066155814907,243.70887929049306,35.81290433802627,139.76329578539264,76.57478420663189
2005-03-02 12:12:13.372752058,1054.3076264191484,237.25527904634444,34.48627855323128,140.91677449071923,69.00607755764881
2005-03-02 12:22:44.994725416,1064.644244425434,248.55983410681836,34.49756715513,139.4911642158275,65.401590943939
2005-03-02 12:32:47.955680254,1032.371379003552,263.94259621748677,37.45183779216625,140.65926907315333,68.35233417646465
2005-03-02 12:42:42.544887399,1037.1503284974456,267.4626391042372,35.942374527357025,140.7880461466322,75.0742641373604
2005-03-02 12:53:33.536455313,1020.1035502090774,258.7304682050626,36.66640318694012,135.46692454907495,68.70714726393359
2005-03-02 13:02:08.965278219,1072.9754433421817,248.2998695673355,36.71686394035902,142.9616379671586,77.90221225011669
2005-03-02 13:12:47.028026386,1020.0225553749033,250.86946894574095,35.30701158750357,139.11261218410442,71.2305701626095
2005-03-02 13:23:03.362965999,1068.7418826529379,250.18921552368022,35.79197837070054,138.09041917906293,66.89725219187646
2005-03-02 13:32:16.251177198,1114.8395561773698,258.34541818455847,37.393154745214126,136.44445565566232,82.280867464638
2005-03-02 13:43:55.208608193,1007.9181652293264,250.95540810988874,38.46025474564085,153.92661560901743,66.3212562006491
2005-03-02 13:51:12.806346873,984.7756358204781,251.0740459843628,36.09822820045849,141.62137815859685,67.89139922370835
2005-03-02 14:02:38.110738512,1091.587245810815,237.10421633571735,36.797494674247964,142.8036735711098,75.34131017142761
2005-03-02 14:12:39.651749808,1013.0573061845935,243.54736739886334,35.64132883854259,134.20165043525765,58.15936986828518
2005-03-02 14:22:05.617529025,1033.2780171037352,250.14008398257053,39.43191565343572,142.7226540244572,78.63028125688298
2005-03-02 14:32:44.757409687,58.652046649367456,117.2707221515397,23.516416285873387,128.7984895590352,72.63359142953206
2005-03-02 14:44:13.719452242,45.724997798557965,91.1924647242262,18.32370490921679,110.30897293293994,70.40695018926003
2005-03-02 14:53:01.475127042,37.126142201857746,74.16289657081376,14.63292795721969,99.25346236874442,68.31845347476956
2005-03-02 15:01:34.957370066,30.876351781811792,61.68064640312916,12.23592410917612,90.96440354599866,66.37701666993128
2005-03-02 15:13:10.420796364,24.951748930627172,49.86603058344859,10.027420947575125,83.63299559568829,63.69950378762694
2005-03-02 15:22:57.751710884,21.741759423473503,43.55001146453433,8.688561750006075,79.01817211715881,61.55769366485688
2005-03-02 15:30:55.750175098,20.09868177717757,40.135808790515206,7.948916158813465,76.28021974326937,60.09863099836627
2005-03-02 15:41:59.037428413,18.614660526455708,37.03549944073274,7.200505115093851,73.29480508689477,58.17818267824643
2005-03-02 15:54:06.817280394,17.60671033643185,35.378730057084624,7.100638240554699,70.69803422369311,56.06827279180843
2005-03-02 16:02:41.833411079,17.203018838881995,34.64005440741109,6.893493644712324,69.18827761755009,54.79704512478706
2005-03-02 16:14:19.058263666,16.879286232954765,33.75088759944919,6.677664818529107,67.3435759083522,53.3809148527073
2005-03-02 16:22:56.386453021,16.885623280432437,33.5765360391147,6.698050593411589,66.2419930750457,52.29467622928097
2005-03-02 16:31:42.386393440,16.627907239257446,33.65830787763975,6.638705328748229,65.25851310266302,51.368147344108046
2005-03-02 16:43:04.656648111,16.514624097323832,33.27957995015065,6.652565954069296,64.05896357454733,50.028646485446195
2005-03-02 16:51:58.877135127,16.406094556842653,33.08545754146802,6.660795429024254,63.25718876458341,49.300211622188726
2005-03-02 17:04:23.068858885,1.4983268067825968e+26,56528790.02856429,-4641450225.497501,-0.29454887126174806,70200500.82236376
2005-03-02 17:14:50.022980910,16.69914135408065,33.15853289010397,6.662030576603373,61.17422298066175,47.41991040803018
2005-03-02 17:22:56.783367063,16.664850097069834,33.11372137952016,6.678973577048872,60.74794033553451,46.82659323354843
2005-03-02 17:32:28.856815802,16.711183354856576,33.197013946987155,6.603814780522978,60.03045414885991,46.37368499823128
2005-03-02 17:42:09.126014990,16.589138751616098,33.32514778265923,6.723386087723748,59.428699419715755,45.688896398644985
2005-03-02 17:52:42.178825094,16.714816671526364,33.11085945629729,6.608979361394814,58.86911937741976,45.04949129550553
2005-03-02 18:03:44.323533580,16.544729330883293,33.50268824159732,6.539786756399279,58.378082817877235,44.42431260032383
2005-03-02 18:12:43.970935169,16.62780583774723,33.428474227976594,6.612686864632628,57.876196545177926,44.06934295627296
2005-03-02 18:22:14.019500224,16.59166236197534,33.35526600347416,6.595757010058662,57.426912054991035,43.41286491282604
2005-03-02 18:31:23.771272203,16.559116176630706,33.45182880219285,6.553597275823675,57.04161599702495,43.21362311193351
2005-03-02 18:42:04.980104136,16.391235768516218,33.22933266951294,6.627879586028134,56.59616389203814,42.74839067432147
2005-03-02 18:52:53.641843588,16.605269495715984,33.084237217748296,6.624445400645734,56.08923718287344,42.24549979605482
2005-03-02 19:02:53.243993835,16.68439004125517,33.20695375341496,6.560264006520619,55.718375456079535,41.99009118193169
2005-03-02 19:12:29.575353020,16.58585463836415,33.313053878037714,6.7138336469660995,55.42647836927231,41.76225998816824
2005-03-02 19:24:00.427303065,16.499405209750105,33.23312835628639,6.73365812083026,55.16342844563498,41.38915696713507
2005-03-02 19:32:44.039105321,16.64389795844562,33.17929868800514,6.720501792636301,55.02129098351066,41.0941451906789
2005-03-02 19:43:53.678008179,16.515600313200476,33.00873560237053,6.6543830047454815,54.51644564225943,40.65163454183415
2005-03-02 19:52:47.924571687,16.450972015838122,32.89209510534924,6.558058205891738,54.293697882327535,40.42963826434239
2005-03-02 20:01:24.452415791,16.411065666639267,33.155905155443,6.572612967873178,53.85662281660458,40.22731467555991
2005-03-02 20:12:52.708138795,16.412962654767604,32.74916603556982,6.7174072380211465,53.61686051995391,39.94316507036047
2005-03-02 20:22:14.328974749,16.5378099609149,32.808913201251606,6.4588560539461755,53.34954204205958,39.81461932364553
2005-03-02 20:32:33.385310331,16.49820777031011,32.91124730754119,6.609881774528298,53.22891573652843,39.334101466150415
2005-03-02 20:41:50.350342061,16.34919611547312,32.73834789749798,6.817562176973641,52.99466420968644,39.298962764809374
2005-03-02 20:52:09.653803028,16.302609006125937,32.849408543220285,6.507775337846295,52.89877766440779,38.84299648100433
2005-03-02 21:02:54.382568798,-4.083241656705156,-1376.4133412740211,-748658106.8990228,0.08471077683335283,-2.3231850310786384
2005-03-02 21:14:27.908580276,16.230268097277875,32.69902423592003,6.683979757005075,52.29823292204856,38.531313787382
2005-03-02 21:23:58.281273709,16.505410186333474,32.438667398626535,6.545948358318754,51.888345921962845,38.26332732075379
2005-03-02 21:32:19.701141235,16.262006937115277,32.45065555616131,6.409777273372831,51.705779814216115,38.22030586579134
2005-03-02 21:41:32.350306976,16.25741491780273,32.52631665445627,6.711398187738828,51.26991758266057,37.86277621826941
2005-03-02 21:53:57.789220972,1083.0359377412976,168.62062615689067,20.486019255966593,60.357381045053785,51.525591750011856
2005-03-02 22:03:18.802053712,1093.344491036935,196.0395149106035,24.64985072338673,78.69344887580311,47.08752752091532
2005-03-02 22:09:48.817826576,987.0774499326895,202.98500252895008,28.330600448474843,73.56063141214399,42.61424518248824
2005-03-02 22:23:45.913145910,1069.431155800079,231.23194233962235,30.784460369313702,89.09163389411177,42.393846911044804
2005-03-02 22:32:06.268686939,1081.0889080418656,237.02551539808056,33.92746540546225,97.90989989099995,49.51697037042168
2005-03-02 22:42:06.087824838,1117.8959590594238,245.21765451052207,34.64222679678807,112.55549401377445,56.72413079376111
2005-03-02 22:52:51.946746960,948.2978712238498,244.16150179542183,33.951943841061876,111.15641506476678,56.36292329001585
2005-03-02 23:03:22.318505042,1070.0730157466533,229.22174745705763,34.685576908029795,111.00158473030987,57.05503337215509
2005-03-02 23:14:07.011766543,1092.1931958883686,239.93084125686892,35.46702052867716,116.97809645150308,48.76868412016267
2005-03-02 23:22:25.692475094,1003.3934406498716,265.5320888712354,36.45503727957006,113.72780044793117,59.2180946308866
2005-03-02 23:33:45.904701559,966.891165509203,258.86070386044224,35.387310759561856,126.33012737703923,58.27339775696414
2005-03-02 23:42:20.803868547,1081.572014859886,262.9178640239136,36.176807611716065,129.45109910331288,59.001201262026775
2005-03-02 23:54:17.165847752,1039.26299903005,237.05645872846148,36.33874957175814,127.49202798595283,60.159816661645955
2005-03-03 00:02:20.033856867,1030.943981316029,244.80258735142593,37.66903189962156,122.4679434052273,62.57362517109232
2005-03-03 00:12:39.456875944,1092.4180244566082,242.84200236320444,38.21305394446699,127.8266708491,69.23380290770127
2005-03-03 00:22:48.353206699,1079.8771175028198,247.47733809406205,36.17169448409736,122.47308005140535,72.84908738021136
2005-03-03 00:34:09.110794539,1089.3387969146256,260.87258345726343,35.904691557226336,129.1226729386505,62.15965470602759
2005-03-03 00:42:19.569302034,-0.08639168131714378,-307448.6008574758,-8488.987743017036,-0.07904117506741203,-50939.82888925619
2005-03-03 00:54:02.580518504,997.1395260827485,250.9325265996852,35.26307194400091,126.38876335948396,63.04126947519294
2005-03-03 01:01:37.677096082,1090.0959642995854,239.79457449253695,36.44583355482058,136.8457519715112,68.20864891302003
2005-03-03 01:13:14.231079339,1023.1437454735272,263.3095515939456,36.91606181404747,132.92985678195967,70.96558119082479
2005-03-03 01:22:35.421843561,1070.4859330641025,273.17929065381406,36.91817599680834,142.50542192112053,65.14836891648535
2005-03-03 01:33:03.707464426,1156.0081425633214,265.5437387207743,36.5299066094419,124.1322604493388,69.85617123564522
2005-03-03 01:43:19.509257882,1033.8516651301493,236.4070255063782,37.18474075913998,135.08558257559253,68.43804700981757
2005-03-03 01:54:49.222434388,1087.0413205388795,265.1083057811952,37.83917405407323,135.71732045821864,68.55165867829433
2005-03-03 02:03:05.270463019,1011.5644886142612,243.84832313445625,35.320536765047855,134.0429332488698,57.98146394443479
2005-03-03 02:12:45.426653538,1136.4854637851058,241.9813435650092,37.89449363541098,129.67349807582383,72.63699307696083
2005-03-03 02:21:34.431429619,1083.1026537367147,259.99912957633626,36.61699921316728,131.8627737859298,65.81959606951641
2005-03-03 02:33:36.932296658,982.9589049152136,249.8855265473001,38.286773552796504,135.22830614969303,74.28061733606008
2005-03-03 02:42:45.567723722,1116.9204606833248,263.602231371817,37.398563909858204,124.87796248693226,62.9732703571735
2005-03-03 02:51:38.967332173,1127.851732872653,252.52426792813657,36.3534912170543,126.64751245901374,68.09635484597862
2005-03-03 03:02:09.723902124,1045.1877035430664,240.2877089171786,36.46947068953162,137.01724297160726,66.71554333462164
2005-03-03 03:13:17.237728596,1121.4560658710623,250.3752732831441,35.58035982354936,129.5756139133905,63.44168980412351
2005-03-03 03:24:02.488674056,1007.2336637674605,247.15784863277506,37.17422118344181,127.24455330638756,69.0815976307433
2005-03-03 03:33:48.601741448,1078.9345933773134,231.51800139849112,35.62268596932143,124.45496128074784,60.43284717771014
2005-03-03 03:42:33.432604504,1106.1279389524911,237.5162686764495,34.753024403711365,127.2701357506524,62.26011978773109
2005-03-03 03:52:29.158653484,1069.7953479763955,239.9900280464524,36.0386050928002,125.32823735834322,68.28153682688773
2005-03-03 04:02:28.991553640,1099.989070949584,242.8547836296618,35.25019986286635,125.23357390500253,69.03819198157503
2005-03-03 04:10:45.412563866,1006.5400548956983,256.7387394339251,35.45093017372709,131.4941384071062,73.20544736366452
2005-03-03 04:23:10.892535218,1087.8317863482741,250.19386391829931,37.7312557355762,124.93114895941044,74.10218278435272
2005-03-03 04:33:35.789189270,1074.751446796658,239.90005871543258,35.21869835165391,132.89417629025272,64.50551795230228
2005-03-03 04:42:18.184938140,1055.6749863279178,252.90602008199164,35.45564450769158,138.619675386431,70.42913345594765
2005-03-03 04:53:38.052368720,1028.8410577507018,238.78398579921887,34.42306052678055,126.16360561081316,62.31485902215449
2005-03-03 05:03:05.046026083,1082.952735789773,233.93011605439224,33.76835249802361,126.13033561504479,67.33373596295701
2005-03-03 05:13:04.987611130,1111.9596167203708,253.813440174106,36.835547853328045,127.95236589443554,65.54573266181387
2005-03-03 05:23:50.556826889,1029.2519738584558,252.89416483925214,34.95199066251778,129.69163842155473,63.79941646955654
2005-03-03 05:31:39.203100317,1105.4262287893655,255.64222358879124,35.85851410230898,136.7199732370822,68.94817758917767
2005-03-03 05:41:25.770970489,1001.0859824678619,260.79578115201355,34.15956333946805,133.5000886983516,60.32355034203681
2005-03-03 05:52:34.070992454,1083.3994157029413,240.02488871418856,34.254305998587235,129.33676423750939,67.43401367622131
2005-03-03 06:02:14.238928335,1087.9234732847253,240.18308139644444,36.25546043543633,125.75643545166216,75.06680260046109
2005-03-03 06:13:16.407148322,1041.848644647985,249.8208577489855,36.26730378219133,116.64685595804588,60.050809110684256
2005-03-03 06:22:16.544878411,1014.4564718683793,251.5332679697744,37.107623246640195,128.84748320728252,68.05830249756781
2005-03-03 06:30:58.517168813,1076.2161636393466,262.079088406728,35.57950605360023,124.30876233186183,75.48192291985855
2005-03-03 06:42:58.458229521,1190.8213851311775,239.4234575177416,35.179108733522185,129.52812007457416,69.80946963135878
2005-03-03 06:54:02.680542092,1102.6973107135898,257.9396108933864,35.91174758702606,137.3338698361382,61.586513296382535
2005-03-03 07:02:52.561363825,1133.7846169360644,252.53033617214464,34.45390391938507,125.08356360319631,71.59925722660375
2005-03-03 07:12:08.495187992,1117.141644796305,256.93898400928305,36.23145078331468,131.67938693209322,77.74319957029951
2005-03-03 07:23:50.978218673,1036.4569420582654,253.38418725903898,35.06755837678319,123.15812955942287,65.26079626777204
2005-03-03 07:34:00.670184609,946.0427632036536,238.12040202765573,36.45325961534787,129.19269572167525,64.0134215950048
2005-03-03 07:43:52.642209490,1059.5887779895186,251.91484313143462,35.36038705600766,135.96684486668332,67.3587558897224
2005-03-03 07:52:08.367337722,1131.2564267628745,260.70144618594367,36.05393037512795,132.92813584090484,67.5295349601042
2005-03-03 08:01:33.259328250,1036.4055851418857,250.92241901456526,33.751623776209094,140.37524770939513,59.25334266641428
2005-03-03 08:11:55.702311057,1163.0868786304413,265.6552658824704,37.13135438333839,130.8405136737694,76.51483033765254
2005-03-03 08:23:43.396819875,1053.5242270795504,237.49255708413185,35.923655583531044,129.6867461944935,60.781826196162896
2005-03-03 08:31:57.371076790,1073.8902574544338,265.61931676794075,35.7398871837777,126.2788985706584,58.821973623505
2005-03-03 08:41:53.226683538,1079.7516583617607,245.19136382535322,36.61133837869095,136.75630180911642,81.9422103322888
2005-03-03 08:53:58.603671270,1079.8343076159042,240.842172950006,34.61441570607097,128.3893672652331,68.78451113208291
2005-03-03 09:03:05.497407447,1040.1579350127633,225.52219106400815,36.22144229866918,131.7010329354426,65.21101361025933
2005-03-03 09:13:16.211027392,1055.3852441333322,248.54298906964468,36.91866827379019,129.36231781241028,67.88796665588755
2005-03-03 09:22:53.249476090,1071.1578868212305,245.3051927116949,37.69380745615776,139.14620793589702,61.75501118110879
2005-03-03 09:30:59.902864318,1101.697625608548,250.07654203171253,36.07489496525377,134.9543195015301,73.04895987453855
2005-03-03 09:42:28.622455016,1064.8565710008393,246.4743649798328,36.138898767992785,143.8060204730008,60.28289984742122
2005-03-03 09:52:23.059447884,1098.2778477264408,225.85145504792263,36.66486701200052,118.82213382960798,53.68353773673239
2005-03-03 10:01:54.076711142,1009.7952577816247,256.20958284216874,36.40146644334671,133.1409080822398,66.49548170855353
2005-03-03 10:11:58.932633842,996.1610558574362,258.1222434433614,33.61192889368533,118.87161095004713,63.172789565058714
2005-03-03 10:23:40.881087751,1083.9429972034081,250.24438559426343,35.08758342633754,136.49550861904243,78.19010974508748
2005-03-03 10:33:48.683493288,1083.6781101223344,267.4967610117716,36.42010814957525,140.73756022008394,71.5675042916073
2005-03-03 10:41:38.590791416,1066.8224536359542,259.88929403041175,35.31919551010156,138.87227155539972,84.92465229766707
2005-03-03 10:53:49.810000524,1089.7005746237105,249.14780763923142,36.40027226009859,133.22150999043149,71.8051158809123
2005-03-03 11:02:07.111224863,1108.1233571970863,247.20525200093635,35.40235295973355,127.44362232971916,82.68760248050708
2005-03-03 11:11:49.655607231,1010.374060218271,266.3357640474574,35.660821890582945,131.8902897519743,74.07342827087324
2005-03-03 11:22:10.378482961,1141.110310782564,256.24898948148575,38.135523012454335,137.70099681306633,67.17312547458616
2005-03-03 11:31:42.672812627,1084.979124966501,250.315724664984,35.97255244036465,131.48543296933948,55.091565381515835
2005-03-03 11:42:27.490219990,1126.3712416569745,258.4272921821071,35.41049353018052,137.94950475798996,69.98411860439093
2005-03-03 11:53:14.025308566,1081.7190784003515,250.4270265683082,36.8358468130202,128.6281389703748,75.15944076827618
2005-03-03 12:02:56.348321087,1133.467229585688,256.47689682084274,37.729539793328186,139.14228964905377,69.79658253310934
2005-03-03 12:12:52.504731693,1068.4186798128064,259.3868207244011,35.10684298509334,136.71844683567298,65.5797271646842
2005-03-03 12:22:05.295445848,1145.382704486422,258.32125334026654,37.237780651996964,140.58771205107521,80.49469056268225
2005-03-03 12:32:17.163370594,1109.2842455433158,258.03698757825447,34.532518966757465,138.72675094559895,67.376694648385
2005-03-03 12:43:06.352573819,1069.998291433146,260.38956595495506,34.88361101272504,133.92782343233725,68.08946306844695
2005-03-03 12:55:15.377457023,983.6464280846541,269.27475783915804,35.194613544202454,136.3754041588141,74.72799996060618
2005-03-03 13:01:33.677700684,1123.8523210874305,260.63247973136606,37.80915688838684,137.76621072479128,79.26356595826961
2005-03-03 13:12:49.349843166,997.8511561300613,236.51204131379015,36.76482867668857,134.29596350535303,69.76563621449226
2005-03-03 13:23:58.351685271,1119.533612056377,259.79212843079495,36.53159458064266,136.5787206479093,79.77396085919186
2005-03-03 13:32:31.630520904,1090.0188508547972,257.25942025808064,36.18101380277975,137.65220174157025,77.3126684153371
2005-03-03 13:42:16.245579566,1064.8709558657338,259.7186749664995,36.91597264700174,146.9874998034757,77.01152177632622
2005-03-03 13:52:19.644969299,1010.4018474243305,254.0509489828046,35.86589615221288,137.36898296219627,72.65495547103025
2005-03-03 14:02:51.319274301,1095.2905001140928,250.14099496027123,35.221405636267924,144.24822192774744,69.6780819086164
2005-03-03 14:11:22.441763891,1100.8440193553015,243.12819558701094,37.01350514544316,137.47994699306264,72.38563072719154
2005-03-03 14:23:31.695734118,1060.9345924937797,246.87790938938866,38.407679485070226,146.46369883532117,77.37055589482932
2005-03-03 14:32:39.470771545,1051.459750499522,258.7972776921849,36.839706366092045,129.99995669617832,67.3905318197652
2005-03-03 14:42:10.151814480,1100.547665212509,235.68718950884107,37.54107640225552,136.23747936133128,65.50778719159064
2005-03-03 14:52:40.841654378,1012.7162258449935,255.47700483403358,37.28549530182578,148.7375619563887,74.70319313114986
2005-03-03 15:02:48.758125448,1040.2283840000432,231.31541536692345,36.38931148516357,142.86167096215297,72.90852101410347
2005-03-03 15:13:47.042555232,1005.4846305955397,249.45867652163727,36.61447496154982,151.25516136834386,86.2877217782062
2005-03-03 15:22:59.539938374,980.0809635293786,236.86807687789351,37.06767108899279,143.61172444387753,72.27157231769876
2005-03-03 15:31:20.370364937,969.1206167411376,242.3716581643644,35.394824883282496,142.4881109857499,70.02208330983635
2005-03-03 15:43:30.612368177,983.0770484006997,250.72931393959723,37.071607467890175,138.49549611057353,75.2847050291873
2005-03-03 15:53:10.202471008,1086.6479355937593,251.26392373339291,37.66085439349598,150.97520163702822,74.23311901360405
2005-03-03 16:03:01.418088930,1068.0843721405215,249.09757538393782,37.07823321320047,148.32269599880385,85.21135499510636
2005-03-03 16:12:03.330999052,1050.3378046002604,262.45990768417863,35.835554091926646,147.91544757377895,81.67437262912426
2005-03-03 16:21:32.982598859,1182.6753495934067,252.03096301554137,37.688942054932646,159.79106474917901,84.66610509839145
2005-03-03 16:30:35.718931544,1031.8648981038723,244.3405917730293,37.29858584792337,146.57343259967723,78.86329874901672
2005-03-03 16:43:49.129300064,1017.0035182584733,259.54213052403327,36.622977184972875,135.00571833245152,73.80699257746456
2005-03-03 16:54:49.181792688,1049.7353298064172,247.93227367953946,36.86814701011921,141.32888437816405,81.63760689178142
2005-03-03 17:03:35.013782812,1142.3769612444964,241.34712086773004,36.75044881045451,153.57279508459345,72.34072632292062
2005-03-03 17:13:58.294515327,1114.4818952557061,266.5805865994086,36.21172344376714,147.10282653369816,77.3741711648245
2005-03-03 17:22:30.806869022,1017.1586751971503,249.91318123523632,37.7684484009977,150.54410019857323,82.10545959658005
2005-03-03 17:31:39.861850430,1145.1412013300965,261.98751308245306,36.45105426762036,144.017532548638,72.14819257167484
2005-03-03 17:44:04.869004883,1126.718917900606,271.14821525598137,38.04243187632164,143.6749309679037,79.03723165504833
2005-03-03 17:52:58.016062251,1018.5210975377497,270.2867874430784,35.786105011578975,148.26607766593523,76.05481920497454
2005-03-03 18:03:43.229690490,984.5434173910187,254.971740597308,36.59730015925243,148.0995046500823,85.36331774810843
2005-03-03 18:13:11.293814468,1131.0481098206626,285.4533565720237,35.83759494177321,139.9022853748195,68.40535231260293
2005-03-03 18:21:05.761219980,1068.3985842135914,253.2376618671528,36.99286530282146,150.74170890292,83.47803241234912
2005-03-03 18:32:44.955995950,1122.1940473884308,247.4829848370008,38.16709124056864,148.7871427843932,78.32649696140305
2005-03-03 18:42:55.272595442,1100.5404867585182,244.9662066835733,36.014078365572836,148.066791319965,70.48499211903959
2005-03-03 18:52:52.042906427,1051.0588414074236,267.20647180069795,37.01327627735324,143.04248127472934,89.1938565433909
2005-03-03 19:02:14.483290911,1052.7909031076465,251.93268995376306,37.49615248263172,139.12454508151515,78.17799914624567
2005-03-03 19:12:38.253163808,1019.9446765599645,242.4607279837601,35.74957462962797,145.52993463422428,82.85665805522497
2005-03-03 19:22:37.712946891,1085.0237230243592,256.6040797612221,36.78929970127508,138.03232438175496,70.99964782462396
2005-03-03 19:33:11.533255802,994.0884316269344,254.8153804383283,37.89258047268139,141.62639260002743,74.82076318739296
2005-03-03 19:41:14.326686035,988.3792719725761,246.2621171732782,37.36544775039058,144.97177882449265,69.28706673942965
2005-03-03 19:52:07.281905359,937.074187970324,249.98706350615765,36.286769710358314,141.30335062669377,72.6979680072854
2005-03-03 20:01:38.626285114,1062.7164297059255,269.52876402419685,37.27185074565654,149.33828892220626,84.9412007321908
2005-03-03 20:11:07.373753297,1018.670104319997,251.187995007777,37.77749918825798,152.95406710566292,81.8638262453572
2005-03-03 20:22:40.491873853,1075.759121565699,241.1419953199439,35.46393374604561,150.3385091205051,84.99560496725896
2005-03-03 20:34:29.531092077,1050.847389559493,265.27123839949405,37.26852799508484,149.68599916399904,74.5479240694642
2005-03-03 20:44:12.058706911,1066.832514341146,247.9311119549812,35.35612237963298,143.26046915001808,77.82515923519253
2005-03-03 20:52:40.640427907,1022.8404578360891,253.74942124535934,38.1858245835881,141.77322498241898,71.88233537865523
2005-03-03 21:00:33.861673191,1025.9774480321857,265.62131980882293,36.668270887147145,146.40983854148163,72.5335734847517
2005-03-03 21:11:29.894548413,995.9119142213068,240.6914316713964,36.669191461897626,140.2807196766715,80.19992794371248
2005-03-03 21:24:42.048321208,979.5663921824148,266.0491271096909,36.393108785592844,146.9388399327866,76.89963910238652
2005-03-03 21:32:39.183402413,1050.1807406297055,236.05225653279416,36.17934614834771,144.84210791503523,84.29152919632517
2005-03-03 21:42:11.139736318,1094.8551850849667,265.5628181124732,37.030513787996036,142.59087465021878,86.19637208379716
2005-03-03 21:53:19.311662117,1077.4981960351988,254.0341628353582,34.888977512401425,143.26210332177104,73.02546140992295
2005-03-03 22:01:40.225197461,1046.6999334511543,258.79002970129267,38.432275383901455,142.97600353326857,72.4786590107907
2005-03-03 22:10:55.542459182,1148.1124634866633,258.75325924264484,35.482215022645605,141.30244925966048,74.104171638178
2005-03-03 22:22:19.589887467,1055.4105555308868,254.6651481084489,35.86569306986034,143.71187653848344,76.86817433490255
2005-03-03 22:32:14.072493069,1019.6154572120007,268.2527909313075,37.2281136235978,151.05636278906834,78.05018661206527
2005-03-03 22:41:58.699397314,1016.0561920990802,259.04733414116794,36.25652907700278,149.53391809398818,72.71093326778372
2005-03-03 22:54:00.896767529,937.3974484219174,253.04594619182268,38.269058963260065,143.32366657739271,83.6250502518045
2005-03-03 23:02:20.285720698,1059.28385957136,253.76189039619223,35.57364004062789,138.98730304942094,72.9402648634473
2005-03-03 23:11:22.490306847,994.1284096146319,240.50551282364532,39.55091929608361,141.63777769830844,68.85610737541529
2005-03-03 23:23:45.058218580,1077.6565448971494,257.2341481597435,35.538713965461596,147.27970854722318,78.09528247104471
2005-03-03 23:33:24.143605071,1117.4701239229707,252.19508197733637,36.368077738031374,133.42467813804572,70.1726654248017
2005-03-03 23:41:08.285697958,1075.0157496243132,247.77918668437394,35.88927383029899,152.01046463410472,78.33890575334947
2005-03-03 23:51:49.406712073,1073.6986632907106,252.98507232127588,36.816513842148495,142.01674268712597,74.29349013090903
2005-03-04 00:02:03.474668796,1141.204739609224,253.11903858062692,36.94023771748387,146.7655397450182,81.36088077786317
2005-03-04 00:11:34.885237688,1045.7720313446657,251.26273109653172,36.603343945885655,143.86335683776323,76.69003998852014
2005-03-04 00:24:14.788325696,1030.0036186054072,266.75965501907933,36.480505430521696,133.67284382795918,66.35515845333028
2005-03-04 00:32:48.390205499,1131.258983500411,233.78015299492762,35.50691239381308,143.6378229862637,83.01337494341843
2005-03-04 00:42:22.426702408,1081.3208194528913,245.53345308768883,38.38290310377407,141.1544704675994,74.93604509015016
2005-03-04 00:54:31.725216575,1069.1050294212723,262.1198993401929,36.6355628466172,146.28824730077588,67.36378297276741
2005-03-04 01:02:26.374849414,1128.8350458790846,247.72732021602062,37.622329523326364,141.54937200046635,70.35595339241243
2005-03-04 01:11:32.597214973,1091.2768251372563,245.87317681150614,38.491206657020015,144.46277515858745,70.29566906456608
2005-03-04 01:24:46.891413678,1138.8961532067183,262.28763843149443,34.309425432334855,136.201540928208,73.98282048998296
2005-03-04 01:33:05.310548328,1080.0614123256476,257.91211150700445,37.984939143402194,140.97696315738352,75.53204594936048
2005-03-04 01:44:02.079183501,1115.3781469809887,261.76119960834797,37.497061331421165,147.95448438296657,81.57304654354483
2005-03-04 01:52:36.465874896,1133.0828086938448,258.7332790000327,37.23778332918195,144.37090761833662,80.82592079383537
2005-03-04 02:03:11.130451996,-223.1848739373752,-13492562998.973671,657544750.310035,-0.31797237748351015,524081960416132.94
2005-03-04 02:12:46.408207725,927.9572544074225,252.56699309143778,37.2607912164138,132.90542507163377,69.43461958344118
2005-03-04 02:21:20.668645993,1098.9632860740883,257.8280478158962,36.7283794522899,143.79649488961994,73.63182645783985
2005-03-04 02:32:07.685257391,1117.1447959871753,233.15062412639693,35.34024957958015,139.3586921324483,71.77692597945888
2005-03-04 02:43:21.831997514,1041.6530898883884,257.4170298853043,36.226432280531654,138.17225915465497,70.64534408591928
2005-03-04 02:52:08.320512705,1081.4048897297953,261.4268578197158,36.45202441507585,125.59230057564481,67.20238804326213
2005-03-04 03:00:35.929511903,1046.4114664875876,244.64133969777498,35.82480893336369,138.1418812382124,63.30807757780459
2005-03-04 03:10:58.014976552,1062.3840551922215,251.68131716019678,36.03999155839568,130.34312247955177,68.6319958179532
2005-03-04 03:24:53.112346291,1100.582206758502,224.923679641207,35.70415846832531,136.85545519882072,68.59230192593854
2005-03-04 03:31:44.786773931,1131.4473739515624,248.6942700776804,37.15663376665114,132.495295793657,63.88288531532551
2005-03-04 03:43:23.777945082,1033.8256669549119,263.3746762549966,35.75473255513653,133.4451561528187,75.96410737285211
2005-03-04 03:53:07.496762706,1042.2635885799268,252.93137520772447,36.236028208052254,130.38565006292822,74.82580576551773
2005-03-04 04:05:25.845612962,992.6246610312721,246.17937640426626,33.28876773325471,131.23522246705744,66.78338648105563
2005-03-04 04:10:58.645263737,1034.9049550043,243.07812047700855,36.46467795596717,133.06847813658555,77.11261616027063
2005-03-04 04:23:59.270408412,1009.3522922272535,230.0538472716445,34.90172849807501,137.46115873629273,78.30945527644685
2005-03-04 04:32:13.543110188,1086.8723310102664,251.76552340620088,37.14006207200153,142.8638268713025,72.31476323955418
2005-03-04 04:43:54.703454509,1047.7440696339952,250.5505130598048,36.82878448206631,121.96575446903883,64.86615630894275
2005-03-04 04:52:05.116513926,932.4317225686202,250.38508513849808,36.358070178224466,121.76525004150498,59.48493147025877
2005-03-04 05:02:37.093673353,1104.8009532553378,224.9480990314479,36.352298927171745,125.21755033871565,74.27749289817797
2005-03-04 05:14:03.033667366,1028.4906549139707,246.6819004614517,34.458523140169035,132.11612496152145,68.21917705905922
2005-03-04 05:23:32.130187982,1035.4885976853693,239.33755017680565,37.82399998190804,133.48837036963505,58.21771539273861
2005-03-04 05:35:22.833865069,1046.2419952751793,240.84032131506996,37.009607995730924,130.75698946738345,71.33741115941152
2005-03-04 05:42:41.906161012,1058.195807141403,248.95374220277114,38.02117368357478,140.77304734295143,64.57620428896136
2005-03-04 05:53:15.877242379,1115.1223299028197,259.41416111606816,37.10974943960414,135.96901813325942,66.35020588433254
2005-03-04 06:01:55.736649906,1087.2778496515632,263.72118431616553,36.35156977933369,127.59709793983679,64.33264769864931
2005-03-04 06:13:29.370916838,1056.2002328458666,258.77438560071056,36.211019949549645,134.6847562238381,69.56750215955425
2005-03-04 06:23:51.682291421,1076.3647532503041,253.5899157875906,36.81527258366357,134.52367005844667,77.37346364334185
2005-03-04 06:33:59.074181162,1023.7863837835714,240.1733810762381,35.604391407566474,137.0205358180965,70.88648934487651
2005-03-04 06:42:49.514768370,1076.0923985602808,255.0093960414196,36.67126821361433,130.483159047345,68.40956985292607
2005-03-04 06:53:44.688958224,1078.9085866590392,247.4304989353193,36.44627229838243,136.4610897449575,65.06716553323736
2005-03-04 07:03:00.408164085,1066.9857616461265,245.64256588349892,35.60068721507467,133.94509957886092,76.65441686792575
2005-03-04 07:13:03.216969268,1090.1728649543109,247.06546262652182,38.77965601575627,140.74100040923364,70.59872660634133
2005-03-04 07:21:55.562333534,1010.1883156429747,258.6047224170389,36.80679675798373,134.3987853017309,60.59325342171692
2005-03-04 07:33:33.826684806,1139.6180988565095,246.0851398923639,37.64992239179513,150.87845600308393,69.33674699550978
2005-03-04 07:42:20.948935546,958.7247848799968,241.47816921888216,37.683636572938376,138.73700619522694,67.7846922756087
2005-03-04 07:52:39.892589910,1065.172944871996,256.9164947503161,37.90387337246163,133.43501471016108,67.18435965033397
2005-03-04 08:03:29.168012247,1053.9599736124546,233.79465897804764,34.81181661635283,134.56741054929088,71.5214711965745
2005-03-04 08:12:26.998579715,1144.1163231186326,259.86995198135855,35.69357059200955,139.35321247314386,76.40497216944132
2005-03-04 08:21:58.010397490,1091.9524450795282,249.88239550294153,36.684175389029114,135.01767886040273,66.58925325375175
2005-03-04 08:31:49.186479469,1059.9830321041575,252.18183945402797,35.34365159533889,125.93251129300847,75.33927580718142
2005-03-04 08:42:23.649601159,1091.9894841759892,244.55736239354889,35.36886004715604,128.7978023710526,68.55401345772121
2005-03-04 08:52:14.421827010,1120.609123963704,247.87092194546238,36.0152872481369,137.79712581627751,72.91040743895839
2005-03-04 09:02:13.748685312,1054.6858337498306,248.7962519145606,36.887788266122875,129.13780291706033,69.66456613584708
2005-03-04 09:13:04.559420717,1086.8022964773406,252.83898234307043,36.050528462537315,135.09252062439919,65.70875567249877
2005-03-04 09:23:03.870047355,1149.6238405582135,240.47172059613504,35.77070872609955,129.93883550042443,64.49313355818249
2005-03-04 09:33:00.117829732,59.29514794689803,118.67061252851299,23.7461059200313,124.51938837872622,67.87373520363535
2005-03-04 09:42:15.022780046,48.864213407436104,97.48295914644099,19.513651250405672,109.71917951626035,65.79218246425738
2005-03-04 09:53:03.960137597,37.80189371183924,75.4820488281874,15.1045766382452,94.92137412315863,63.39079992709605
2005-03-04 10:01:52.626281088,31.068719112271047,62.1555275178804,12.556096458328673,86.11518107622223,61.333655048909584
2005-03-04 10:12:03.159593041,25.79658113806686,51.430768438132105,10.333387423176802,79.39442846499762,58.95167489484295
2005-03-04 10:23:56.287866726,21.674261229970856,43.36868958758408,8.609700975767502,73.81492883960614,56.44255512931164
2005-03-04 10:32:39.729397159,19.968390775988617,39.74227332491717,7.905385877530626,71.04920071802803,54.74279025837152
2005-03-04 10:41:32.333507901,18.511509450535353,37.32591458571797,7.666478494792337,68.20312102610563,53.01829657480398
2005-03-04 10:52:58.373688835,17.791648491753964,35.41288944747902,7.085952140892322,65.8513312175166,51.23841843267183
2005-03-04 11:01:51.509719633,17.26059281534363,34.57102336634948,6.969867811050056,64.25869171003157,49.898168177608426
2005-03-04 11:12:19.768805115,17.026345640475633,33.949789148639844,6.6077973112184205,62.46598591240444,48.533382791251526
2005-03-04 11:22:07.578286034,16.86598045263784,33.72154530443994,6.715644726291296,61.33442957805996,47.32164273960002
2005-03-04 11:33:31.852949821,1107.236400953582,167.09194812346385,18.132218437433785,72.66141906200755,46.356626992374956
2005-03-04 11:42:55.287138973,998.6202651159414,194.4963340407802,23.518478986311514,77.35031060271898,52.54570457103748
2005-03-04 11:51:39.007787713,1050.0270635354448,199.1246252239044,28.916108971867335,91.25483154632923,51.02875271146486
2005-03-04 12:03:30.657928233,983.1172246692947,227.76012334984534,30.39742071043389,102.44822979999155,50.48992473465943
2005-03-04 12:12:45.350591544,1024.192611859042,240.01323230686862,33.5495197773715,102.68714417510037,51.39390642320728
2005-03-04 12:23:50.942830504,1044.8789762494275,248.16045813451225,35.36429108357121,111.86738186992584,52.62947801046928
2005-03-04 12:33:49.039475617,1078.9641644341846,240.53030949572678,34.076149148073924,119.3364587624147,53.84385761351617
2005-03-04 12:42:02.374265107,1009.0009968455017,244.65284721133463,36.26911234791776,134.1255049493991,66.80095134332373
2005-03-04 12:52:07.507121134,1185.2326843837502,260.01482872524474,35.70080161109,126.75831529075374,63.1885427620055
2005-03-04 13:01:55.474592349,1909770.1580149974,-2594.6835319713296,-9417701315.439882,18893483245142.04,4549711.234234098
2005-03-04 13:11:48.084637851,1118.4636061355795,252.65022383819937,35.48278220753281,130.37321008643679,58.20194798031701
2005-03-04 13:23:13.222640239,1152.8046324262925,253.14746823726833,36.167707885807914,128.14673146730635,58.29660289393399
2005-03-04 13:31:34.314744643,1095.1688794397717,249.7118000221673,35.835060821604,133.66145002446558,64.03519043375923
2005-03-04 13:43:45.692226644,1149.4502591443293,250.92781098836258,36.946153662784766,132.2455442959473,63.15662145480389
2005-03-04 13:53:46.364587460,1060.4994563816535,240.9989127633072,34.19978255266144,123.84960648381448,65.3683501513482
